
INSERT INTO "countries" ("id", "country", "flag", "created_at", "updated_at", "alpha2_code", "alpha3_code", "country_code", "lat", "lng", "name", "numcode") VALUES
(38, 'British Indian Ocean Territory', 'https://aqarydashboard.blob.core.windows.net/upload/flags/17338088876768820380193af10-177c-763d-badf-11ba4fcd8881IO.png', now(), now(), 'IO', NULL, 246, NULL, NULL, 'BRITISH INDIAN OCEAN TERRITORY', NULL);
INSERT INTO "countries" ("id", "country", "flag", "created_at", "updated_at", "alpha2_code", "alpha3_code", "country_code", "lat", "lng", "name", "numcode") VALUES
(40, 'Bulgaria', 'https://aqarydashboard.blob.core.windows.net/upload/flags/17338088877236357970193af10-17ab-763d-aefe-5ec807771a83BG.png', now(), now(), 'BG', 'BGR', 359, NULL, NULL, 'BULGARIA', 100);
INSERT INTO "countries" ("id", "country", "flag", "created_at", "updated_at", "alpha2_code", "alpha3_code", "country_code", "lat", "lng", "name", "numcode") VALUES
(42, 'Burundi', 'https://aqarydashboard.blob.core.windows.net/upload/flags/17338088877683134440193af10-17d8-763d-99c7-efc88fb9ab1dBI.png', now(), now(), 'BI', 'BDI', 257, NULL, NULL, 'BURUNDI', 108);
INSERT INTO "countries" ("id", "country", "flag", "created_at", "updated_at", "alpha2_code", "alpha3_code", "country_code", "lat", "lng", "name", "numcode") VALUES
(43, 'Cambodia', 'https://aqarydashboard.blob.core.windows.net/upload/flags/17338088877920915240193af10-17f0-763d-8500-27d4f7bf5e88KH.png', now(), now(), 'KH', 'KHM', 855, NULL, NULL, 'CAMBODIA', 116),
(46, 'Cape Verde', 'https://aqarydashboard.blob.core.windows.net/upload/flags/17338088878598712190193af10-1833-763d-ac5d-b42708720e8aCV.png', now(), now(), 'CV', 'CPV', 238, NULL, NULL, 'CAPE VERDE', 132),
(47, 'Cayman Islands', 'https://aqarydashboard.blob.core.windows.net/upload/flags/17338088878827478490193af10-184a-763d-abca-6c5c39ecc87cKY.png', now(), now(), 'KY', 'CYM', 1345, NULL, NULL, 'CAYMAN ISLANDS', 136),
(49, 'Chad', 'https://aqarydashboard.blob.core.windows.net/upload/flags/17338088879278500470193af10-1877-763d-ba63-d30cfdd87783TD.png', now(), now(), 'TD', 'TCD', 235, NULL, NULL, 'CHAD', 148),
(50, 'Chile', 'https://aqarydashboard.blob.core.windows.net/upload/flags/17338088879489627470193af10-188c-763d-b5f9-71ee0955b60fCL.png', now(), now(), 'CL', 'CHL', 56, NULL, NULL, 'CHILE', 152),
(52, 'Christmas Island', 'https://aqarydashboard.blob.core.windows.net/upload/flags/17338088879923714880193af10-18b8-763d-a626-abade49c55a6CX.png', now(), now(), 'CX', NULL, 61, NULL, NULL, 'CHRISTMAS ISLAND', NULL),
(54, 'Colombia', 'https://aqarydashboard.blob.core.windows.net/upload/flags/17338088880377895980193af10-18e5-763d-ad1e-4d43761f841aCO.png', now(), now(), 'CO', 'COL', 57, NULL, NULL, 'COLOMBIA', 170),
(56, 'Congo', 'https://aqarydashboard.blob.core.windows.net/upload/flags/17338088880826215280193af10-1912-763d-b101-0040dfc58d0aCG.png', now(), now(), 'CG', 'COG', 242, NULL, NULL, 'CONGO', 178),
(57, 'Congo, the Democratic Republic of the', 'https://aqarydashboard.blob.core.windows.net/upload/flags/17338088881041175320193af10-1928-763d-8641-3057825d7aa7CD.png', now(), now(), 'CD', 'COD', 242, NULL, NULL, 'CONGO, THE DEMOCRATIC REPUBLIC OF THE', 180),
(60, 'Cote D''Ivoire', 'https://aqarydashboard.blob.core.windows.net/upload/flags/17338088881710845640193af10-196b-763d-9e73-2e306cf3ceb2CI.png', now(), now(), 'CI', 'CIV', 225, NULL, NULL, 'COTE D''IVOIRE', 384),
(62, 'Cuba', 'https://aqarydashboard.blob.core.windows.net/upload/flags/17338088882155745110193af10-1997-763d-9f8a-c6298cdd5fe9CU.png', now(), now(), 'CU', 'CUB', 53, NULL, NULL, 'CUBA', 192),
(64, 'Czech Republic', 'https://aqarydashboard.blob.core.windows.net/upload/flags/17338088882590007310193af10-19c2-763d-8425-41d8fabcdf78CZ.png', now(), now(), 'CZ', 'CZE', 420, NULL, NULL, 'CZECH REPUBLIC', 203),
(66, 'Djibouti', 'https://aqarydashboard.blob.core.windows.net/upload/flags/17338088883041265180193af10-19f0-763d-9b23-49ab4e1a3c67DJ.png', now(), now(), 'DJ', 'DJI', 253, NULL, NULL, 'DJIBOUTI', 262),
(67, 'Dominica', 'https://aqarydashboard.blob.core.windows.net/upload/flags/17338088883257799390193af10-1a05-763d-bba0-43065e2d848cDM.png', now(), now(), 'DM', 'DMA', 1767, NULL, NULL, 'DOMINICA', 212),
(69, 'Ecuador', 'https://aqarydashboard.blob.core.windows.net/upload/flags/17338088883689149550193af10-1a30-763d-ac90-4f248f1cac2bEC.png', now(), now(), 'EC', 'ECU', 593, NULL, NULL, 'ECUADOR', 218),
(71, 'Equatorial Guinea', 'https://aqarydashboard.blob.core.windows.net/upload/flags/17338088884143199330193af10-1a5e-763d-a761-2596b418fc1bGQ.png', now(), now(), 'GQ', 'GNQ', 240, NULL, NULL, 'EQUATORIAL GUINEA', 226),
(73, 'Estonia', 'https://aqarydashboard.blob.core.windows.net/upload/flags/17338088884597431680193af10-1a8b-763d-9504-230dd3937c06EE.png', now(), now(), 'EE', 'EST', 372, NULL, NULL, 'ESTONIA', 233),
(75, 'Falkland Islands (Malvinas)', 'https://aqarydashboard.blob.core.windows.net/upload/flags/17338088885031659330193af10-1ab7-763d-bfae-4a0295b0cb29FK.png', now(), now(), 'FK', 'FLK', 500, NULL, NULL, 'FALKLAND ISLANDS (MALVINAS)', 238),
(77, 'Fiji', 'https://aqarydashboard.blob.core.windows.net/upload/flags/17338088885485093930193af10-1ae4-763d-ae40-05c7e9ebbb87FJ.png', now(), now(), 'FJ', 'FJI', 679, NULL, NULL, 'FIJI', 242),
(79, 'France', 'https://aqarydashboard.blob.core.windows.net/upload/flags/17338088885941850480193af10-1b12-763d-a007-2cd08dfefbd3FR.png', now(), now(), 'FR', 'FRA', 33, NULL, NULL, 'FRANCE', 250),
(81, 'French Polynesia', 'https://aqarydashboard.blob.core.windows.net/upload/flags/17338088886330171260193af10-1b39-763d-8484-56b9dad433dcPF.png', now(), now(), 'PF', 'PYF', 689, NULL, NULL, 'FRENCH POLYNESIA', 258),
(83, 'Gabon', 'https://aqarydashboard.blob.core.windows.net/upload/flags/17338088886722583420193af10-1b60-763d-9bcf-aeb2aaba68b7GA.png', now(), now(), 'GA', 'GAB', 241, NULL, NULL, 'GABON', 266),
(85, 'Georgia', 'https://aqarydashboard.blob.core.windows.net/upload/flags/17338088887120597080193af10-1b88-763d-9078-a136e4a743f6GE.png', now(), now(), 'GE', 'GEO', 995, NULL, NULL, 'GEORGIA', 268),
(87, 'Ghana', 'https://aqarydashboard.blob.core.windows.net/upload/flags/17338088887485855550193af10-1bac-763d-aaf3-51dd15119d53GH.png', now(), now(), 'GH', 'GHA', 233, NULL, NULL, 'GHANA', 288),
(88, 'Gibraltar', 'https://aqarydashboard.blob.core.windows.net/upload/flags/17338088887664317720193af10-1bbe-763d-ba9b-292f8e7a9187GI.png', now(), now(), 'GI', 'GIB', 350, NULL, NULL, 'GIBRALTAR', 292),
(90, 'Greenland', 'https://aqarydashboard.blob.core.windows.net/upload/flags/17338088888052196220193af10-1be5-763d-ba56-3df8964f442bGL.png', now(), now(), 'GL', 'GRL', 299, NULL, NULL, 'GREENLAND', 304),
(92, 'Guadeloupe', 'https://aqarydashboard.blob.core.windows.net/upload/flags/17338088888454962130193af10-1c0d-763d-ae24-df7db54a5576GP.png', now(), now(), 'GP', 'GLP', 590, NULL, NULL, 'GUADELOUPE', 312),
(94, 'Guatemala', 'https://aqarydashboard.blob.core.windows.net/upload/flags/17338088888907859310193af10-1c3a-763d-ae9d-daa307e153fbGT.png', now(), now(), 'GT', 'GTM', 502, NULL, NULL, 'GUATEMALA', 320),
(96, 'Guinea-Bissau', 'https://aqarydashboard.blob.core.windows.net/upload/flags/17338088889349054420193af10-1c66-763d-b6d1-d8bf26a5a3ebGW.png', now(), now(), 'GW', 'GNB', 245, NULL, NULL, 'GUINEA-BISSAU', 624),
(98, 'Haiti', 'https://aqarydashboard.blob.core.windows.net/upload/flags/17338088889788893980193af10-1c92-763d-89c3-b37a876e72c7HT.png', now(), now(), 'HT', 'HTI', 509, NULL, NULL, 'HAITI', 332),
(102, 'Hong Kong', 'https://aqarydashboard.blob.core.windows.net/upload/flags/17338088890694700270193af10-1ced-763d-a335-0635a3cb7e62HK.png', now(), now(), 'HK', 'HKG', 852, NULL, NULL, 'HONG KONG', 344),
(104, 'Iceland', 'https://aqarydashboard.blob.core.windows.net/upload/flags/17338088891156965730193af10-1d1b-763d-8405-16b9fcc4738fIS.png', now(), now(), 'IS', 'ISL', 354, NULL, NULL, 'ICELAND', 352),
(106, 'Indonesia', 'https://aqarydashboard.blob.core.windows.net/upload/flags/17338088891535191550193af10-1d41-763d-90c7-669b71ae0bd4ID.png', now(), now(), 'ID', 'IDN', 62, NULL, NULL, 'INDONESIA', 360),
(107, 'Iran, Islamic Republic of', 'https://aqarydashboard.blob.core.windows.net/upload/flags/17338088891731341030193af10-1d55-763d-8879-1b0e30b3b7a9IR.png', now(), now(), 'IR', 'IRN', 98, NULL, NULL, 'IRAN, ISLAMIC REPUBLIC OF', 364),
(110, 'Israel', 'https://aqarydashboard.blob.core.windows.net/upload/flags/17338088892275491870193af10-1d8b-763d-9f01-246585abb3a5IL.png', now(), now(), 'IL', 'ISR', 972, NULL, NULL, 'ISRAEL', 376),
(112, 'Jamaica', 'https://aqarydashboard.blob.core.windows.net/upload/flags/17338088892637449570193af10-1daf-763d-83a5-7e2c421ab2ffJM.png', now(), now(), 'JM', 'JAM', 1876, NULL, NULL, 'JAMAICA', 388),
(114, 'Jordan', 'https://aqarydashboard.blob.core.windows.net/upload/flags/17338088893003422090193af10-1dd4-763d-a47a-64ac5f0c1a1eJO.png', now(), now(), 'JO', 'JOR', 962, NULL, NULL, 'JORDAN', 400),
(115, 'Kazakhstan', 'https://aqarydashboard.blob.core.windows.net/upload/flags/17338088893225632210193af10-1dea-763d-93b6-56136eb9da14KZ.png', now(), now(), 'KZ', 'KAZ', 7, NULL, NULL, 'KAZAKHSTAN', 398),
(117, 'Kiribati', 'https://aqarydashboard.blob.core.windows.net/upload/flags/17338088893680554410193af10-1e18-763d-b1a0-fe535f05d0bdKI.png', now(), now(), 'KI', 'KIR', 686, NULL, NULL, 'KIRIBATI', 296),
(119, 'Korea, Republic of', 'https://aqarydashboard.blob.core.windows.net/upload/flags/17338088894129307040193af10-1e44-763d-840a-f4bf14ad10a2KR.png', now(), now(), 'KR', 'KOR', 82, NULL, NULL, 'KOREA, REPUBLIC OF', 410),
(120, 'Kuwait', 'https://aqarydashboard.blob.core.windows.net/upload/flags/17338088894346010840193af10-1e5a-763d-8515-5331ca85351fKW.png', now(), now(), 'KW', 'KWT', 965, NULL, NULL, 'KUWAIT', 414),
(121, 'Kyrgyzstan', 'https://aqarydashboard.blob.core.windows.net/upload/flags/17338088894561780300193af10-1e70-763d-a719-ace14d9e47faKG.png', now(), now(), 'KG', 'KGZ', 996, NULL, NULL, 'KYRGYZSTAN', 417),
(123, 'Latvia', 'https://aqarydashboard.blob.core.windows.net/upload/flags/17338088895139117720193af10-1ea9-763d-846f-c0c0a42d2006LV.png', now(), now(), 'LV', 'LVA', 371, NULL, NULL, 'LATVIA', 428),
(125, 'Lesotho', 'https://aqarydashboard.blob.core.windows.net/upload/flags/17338088895631615390193af10-1edb-763d-ab8b-8d4f959af78cLS.png', now(), now(), 'LS', 'LSO', 266, NULL, NULL, 'LESOTHO', 426),
(127, 'Libyan Arab Jamahiriya', 'https://aqarydashboard.blob.core.windows.net/upload/flags/17338088896160008600193af10-1f0f-763d-b84c-e09f3b757d11LY.png', now(), now(), 'LY', 'LBY', 218, NULL, NULL, 'LIBYAN ARAB JAMAHIRIYA', 434),
(129, 'Lithuania', 'https://aqarydashboard.blob.core.windows.net/upload/flags/17338088896600065120193af10-1f3b-763d-97c2-4694c1c27ed1LT.png', now(), now(), 'LT', 'LTU', 370, NULL, NULL, 'LITHUANIA', 440),
(131, 'Macao', 'https://aqarydashboard.blob.core.windows.net/upload/flags/17338088897017197350193af10-1f65-763d-b372-b7a5b8ee4c1fMO.png', now(), now(), 'MO', 'MAC', 853, NULL, NULL, 'MACAO', 446),
(132, 'Macedonia, the Former Yugoslav Republic of', 'https://aqarydashboard.blob.core.windows.net/upload/flags/17338088897219078110193af10-1f79-763d-bd92-332877f8e77fMK.png', now(), now(), 'MK', 'MKD', 389, NULL, NULL, 'MACEDONIA, THE FORMER YUGOSLAV REPUBLIC OF', 807),
(135, 'Malaysia', 'https://aqarydashboard.blob.core.windows.net/upload/flags/17338088897862824680193af10-1fba-763d-8e7d-f6fa8166691fMY.png', now(), now(), 'MY', 'MYS', 60, NULL, NULL, 'MALAYSIA', 458),
(137, 'Mali', 'https://aqarydashboard.blob.core.windows.net/upload/flags/17338088898304596770193af10-1fe6-763d-be03-5d862c51c08fML.png', now(), now(), 'ML', 'MLI', 223, NULL, NULL, 'MALI', 466),
(139, 'Marshall Islands', 'https://aqarydashboard.blob.core.windows.net/upload/flags/17338088898745057530193af10-2012-763d-881d-26a81fe1f93dMH.png', now(), now(), 'MH', 'MHL', 692, NULL, NULL, 'MARSHALL ISLANDS', 584),
(141, 'Mauritania', 'https://aqarydashboard.blob.core.windows.net/upload/flags/17338088899252705670193af10-2045-763d-8953-a9104a850016MR.png', now(), now(), 'MR', 'MRT', 222, NULL, NULL, 'MAURITANIA', 478),
(142, 'Mauritius', 'https://aqarydashboard.blob.core.windows.net/upload/flags/17338088899445463570193af10-2058-763d-9f68-58e3afd71ee4MU.png', now(), now(), 'MU', 'MUS', 230, NULL, NULL, 'MAURITIUS', 480),
(145, 'Micronesia, Federated States of', 'https://aqarydashboard.blob.core.windows.net/upload/flags/17338088900224920990193af10-20a6-763d-9587-af7b692a189fFM.png', now(), now(), 'FM', 'FSM', 691, NULL, NULL, 'MICRONESIA, FEDERATED STATES OF', 583),
(146, 'Moldova, Republic of', 'https://aqarydashboard.blob.core.windows.net/upload/flags/17338088900415167950193af10-20b9-763d-8201-5964c072a8bbMD.png', now(), now(), 'MD', 'MDA', 373, NULL, NULL, 'MOLDOVA, REPUBLIC OF', 498),
(149, 'Montserrat', 'https://aqarydashboard.blob.core.windows.net/upload/flags/17338088901019653540193af10-20f5-763d-b627-d23513cd62c9MS.png', now(), now(), 'MS', 'MSR', 1664, NULL, NULL, 'MONTSERRAT', 500),
(151, 'Mozambique', 'https://aqarydashboard.blob.core.windows.net/upload/flags/17338088901420554400193af10-211e-763d-b731-23f6782aa1c7MZ.png', now(), now(), 'MZ', 'MOZ', 258, NULL, NULL, 'MOZAMBIQUE', 508),
(153, 'Namibia', 'https://aqarydashboard.blob.core.windows.net/upload/flags/17338088901812501070193af10-2145-763d-8371-176c5626f3b9NA.png', now(), now(), 'NA', 'NAM', 264, NULL, NULL, 'NAMIBIA', 516),
(155, 'Nepal', 'https://aqarydashboard.blob.core.windows.net/upload/flags/17338088902190471060193af10-216b-763d-b797-f8c55f083eb6NP.png', now(), now(), 'NP', 'NPL', 977, NULL, NULL, 'NEPAL', 524),
(156, 'Netherlands', 'https://aqarydashboard.blob.core.windows.net/upload/flags/17338088902395850420193af10-217f-763d-9491-adb98d229874NL.png', now(), now(), 'NL', 'NLD', 31, NULL, NULL, 'NETHERLANDS', 528),
(159, 'New Zealand', 'https://aqarydashboard.blob.core.windows.net/upload/flags/17338088902791128310193af10-21a7-763d-92b1-95bdcdaa4150NZ.png', now(), now(), 'NZ', 'NZL', 64, NULL, NULL, 'NEW ZEALAND', 554),
(161, 'Niger', 'https://aqarydashboard.blob.core.windows.net/upload/flags/17338088903307848630193af10-21da-763d-b305-622c5d989656NE.png', now(), now(), 'NE', 'NER', 227, NULL, NULL, 'NIGER', 562),
(163, 'Niue', 'https://aqarydashboard.blob.core.windows.net/upload/flags/17338088903760023870193af10-2207-763d-9adb-a4a114f7453fNU.png', now(), now(), 'NU', 'NIU', 683, NULL, NULL, 'NIUE', 570),
(167, 'Oman', 'https://aqarydashboard.blob.core.windows.net/upload/flags/17338088904708393310193af10-2266-763d-8ad7-6a095ecbcb18OM.png', now(), now(), 'OM', 'OMN', 968, NULL, NULL, 'OMAN', 512),
(169, 'Palestinian Territory, Occupied', 'https://aqarydashboard.blob.core.windows.net/upload/flags/17338088905158016880193af10-2293-763d-9e8d-d36bd61897dbPS.png', now(), now(), 'PS', NULL, 970, NULL, NULL, 'PALESTINIAN TERRITORY, OCCUPIED', NULL),
(171, 'Papua New Guinea', 'https://aqarydashboard.blob.core.windows.net/upload/flags/17338088905585955120193af10-22be-763d-b113-309fc30c0a3ePG.png', now(), now(), 'PG', 'PNG', 675, NULL, NULL, 'PAPUA NEW GUINEA', 598),
(173, 'Peru', 'https://aqarydashboard.blob.core.windows.net/upload/flags/17338088906040700800193af10-22ec-763d-b8f0-d4d011ae79e8PE.png', now(), now(), 'PE', 'PER', 51, NULL, NULL, 'PERU', 604),
(175, 'Pitcairn', 'https://aqarydashboard.blob.core.windows.net/upload/flags/17338088906480632820193af10-2318-763d-b5a6-2597d4c7cbbePN.png', now(), now(), 'PN', 'PCN', 0, NULL, NULL, 'PITCAIRN', 612),
(177, 'Portugal', 'https://aqarydashboard.blob.core.windows.net/upload/flags/17338088906933222780193af10-2345-763d-9a4a-89eaef20f3b8PT.png', now(), now(), 'PT', 'PRT', 351, NULL, NULL, 'PORTUGAL', 620),
(178, 'Puerto Rico', 'https://aqarydashboard.blob.core.windows.net/upload/flags/17338088907169112870193af10-235c-763d-92a1-7ee430b1fc8aPR.png', now(), now(), 'PR', 'PRI', 1787, NULL, NULL, 'PUERTO RICO', 630),
(180, 'Reunion', 'https://aqarydashboard.blob.core.windows.net/upload/flags/17338088907635756420193af10-238b-763d-9884-08dee3986fd8RE.png', now(), now(), 'RE', 'REU', 262, NULL, NULL, 'REUNION', 638),
(182, 'Rwanda', 'https://aqarydashboard.blob.core.windows.net/upload/flags/17338088908205883400193af10-23c4-763d-a490-94f64668949aRW.png', now(), now(), 'RW', 'RWA', 250, NULL, NULL, 'RWANDA', 646),
(184, 'Saint Kitts and Nevis', 'https://aqarydashboard.blob.core.windows.net/upload/flags/17338088908646351540193af10-23f0-763d-b133-6e176320d485KN.png', now(), now(), 'KN', 'KNA', 1869, NULL, NULL, 'SAINT KITTS AND NEVIS', 659),
(186, 'Saint Pierre and Miquelon', 'https://aqarydashboard.blob.core.windows.net/upload/flags/17338088909071615590193af10-241b-763d-a4d6-bd3d2f2d55c1PM.png', now(), now(), 'PM', 'SPM', 508, NULL, NULL, 'SAINT PIERRE AND MIQUELON', 666),
(188, 'Samoa', 'https://aqarydashboard.blob.core.windows.net/upload/flags/17338088909462994470193af10-2442-763d-83d2-0b5aa3f2f2e0WS.png', now(), now(), 'WS', 'WSM', 684, NULL, NULL, 'SAMOA', 882),
(192, 'Senegal', 'https://aqarydashboard.blob.core.windows.net/upload/flags/17338088910338974900193af10-2499-763d-8203-3b3cc3325155SN.png', now(), now(), 'SN', 'SEN', 221, NULL, NULL, 'SENEGAL', 686),
(195, 'Sierra Leone', 'https://aqarydashboard.blob.core.windows.net/upload/flags/17338088910776171220193af10-24c5-763d-810f-a9a201b7514dSL.png', now(), now(), 'SL', 'SLE', 232, NULL, NULL, 'SIERRA LEONE', 694),
(197, 'Slovakia', 'https://aqarydashboard.blob.core.windows.net/upload/flags/17338088911320244180193af10-24fc-763d-8641-50baff75f805SK.png', now(), now(), 'SK', 'SVK', 421, NULL, NULL, 'SLOVAKIA', 703),
(199, 'Solomon Islands', 'https://aqarydashboard.blob.core.windows.net/upload/flags/17338088911770051550193af10-2528-763d-8f1a-4842ae8b0c3cSB.png', now(), now(), 'SB', 'SLB', 677, NULL, NULL, 'SOLOMON ISLANDS', 90),
(201, 'South Africa', 'https://aqarydashboard.blob.core.windows.net/upload/flags/17338088912260259700193af10-255a-763d-a32e-33e7a923e4e9ZA.png', now(), now(), 'ZA', 'ZAF', 27, NULL, NULL, 'SOUTH AFRICA', 710),
(205, 'Suriname', 'https://aqarydashboard.blob.core.windows.net/upload/flags/17338088913192211180193af10-25b7-763d-ade7-574e60364295SR.png', now(), now(), 'SR', 'SUR', 597, NULL, NULL, 'SURINAME', 740),
(207, 'Swaziland', 'https://aqarydashboard.blob.core.windows.net/upload/flags/17338088913635513680193af10-25e3-763d-bc01-839681e7a854SZ.png', now(), now(), 'SZ', 'SWZ', 268, NULL, NULL, 'SWAZILAND', 748),
(209, 'Switzerland', 'https://aqarydashboard.blob.core.windows.net/upload/flags/17338088914093544510193af10-2611-763d-ac07-c5b1d4cabc3cCH.png', now(), now(), 'CH', 'CHE', 41, NULL, NULL, 'SWITZERLAND', 756),
(210, 'Taiwan, Province of China', 'https://aqarydashboard.blob.core.windows.net/upload/flags/17338088914317472790193af10-2627-763d-8bfc-3f9702c6f5c3TW.png', now(), now(), 'TW', 'TWN', 886, NULL, NULL, 'TAIWAN, PROVINCE OF CHINA', 158),
(213, 'Thailand', 'https://aqarydashboard.blob.core.windows.net/upload/flags/17338088915016775300193af10-266d-763d-a68a-6d967a356febTH.png', now(), now(), 'TH', 'THA', 66, NULL, NULL, 'THAILAND', 764),
(215, 'Togo', 'https://aqarydashboard.blob.core.windows.net/upload/flags/17338088915435104200193af10-2697-763d-a0a3-f03899b033e0TG.png', now(), now(), 'TG', 'TGO', 228, NULL, NULL, 'TOGO', 768),
(217, 'Tonga', 'https://aqarydashboard.blob.core.windows.net/upload/flags/17338088915888080430193af10-26c4-763d-9a5d-09d699bb26fdTO.png', now(), now(), 'TO', 'TON', 676, NULL, NULL, 'TONGA', 776),
(218, 'Trinidad and Tobago', 'https://aqarydashboard.blob.core.windows.net/upload/flags/17338088916110970740193af10-26db-763d-9400-510801de2d76TT.png', now(), now(), 'TT', 'TTO', 1868, NULL, NULL, 'TRINIDAD AND TOBAGO', 780),
(221, 'Turkmenistan', 'https://aqarydashboard.blob.core.windows.net/upload/flags/17338088916845907400193af10-2724-763d-9bfa-d0782f820d00TM.png', now(), now(), 'TM', 'TKM', 7370, NULL, NULL, 'TURKMENISTAN', 795),
(222, 'Turks and Caicos Islands', 'https://aqarydashboard.blob.core.windows.net/upload/flags/17338088917084088840193af10-273c-763d-8f62-8154d2f50f50TC.png', now(), now(), 'TC', 'TCA', 1649, NULL, NULL, 'TURKS AND CAICOS ISLANDS', 796),
(225, 'Ukraine', 'https://aqarydashboard.blob.core.windows.net/upload/flags/17338088917757139360193af10-277f-763d-a9cc-b4719373fe2fUA.png', now(), now(), 'UA', 'UKR', 380, NULL, NULL, 'UKRAINE', 804),
(226, 'United States', 'https://aqarydashboard.blob.core.windows.net/upload/flags/17338088917970792670193af10-2795-763d-a5d4-db92b8c51ab9US.png', now(), now(), 'US', 'USA', 1, NULL, NULL, 'UNITED STATES', 840),
(228, 'Uruguay', 'https://aqarydashboard.blob.core.windows.net/upload/flags/17338088918439717030193af10-27c3-763d-934b-f51f2b268539UY.png', now(), now(), 'UY', 'URY', 598, NULL, NULL, 'URUGUAY', 858),
(230, 'Vanuatu', 'https://aqarydashboard.blob.core.windows.net/upload/flags/17338088918921752690193af10-27f4-763d-9f7f-8498bc328669VU.png', now(), now(), 'VU', 'VUT', 678, NULL, NULL, 'VANUATU', 548),
(232, 'Viet Nam', 'https://aqarydashboard.blob.core.windows.net/upload/flags/17338088919395545260193af10-2823-763d-8ffb-0f7206aaaea3VN.png', now(), now(), 'VN', 'VNM', 84, NULL, NULL, 'VIET NAM', 704),
(18, 'Armenia', 'https://aqarydashboard.blob.core.windows.net/upload/flags/17338088872141840160193af10-15ae-763d-9a88-a1fd449bc6fcAM.png', now(), now(), 'AM', 'ARM', 374, NULL, NULL, 'ARMENIA', 51),
(19, 'Aruba', 'https://aqarydashboard.blob.core.windows.net/upload/flags/17338088872370173220193af10-15c5-763d-8dbc-afc48d2e194cAW.png', now(), now(), 'AW', 'ABW', 297, NULL, NULL, 'ARUBA', 533),
(20, 'Australia', 'https://aqarydashboard.blob.core.windows.net/upload/flags/17338088872595330520193af10-15db-763d-a663-450a1ebaa63dAU.png', now(), now(), 'AU', 'AUS', 61, NULL, NULL, 'AUSTRALIA', 36),
(10, 'Algeria', 'https://aqarydashboard.blob.core.windows.net/upload/flags/17338087586062591350193af0e-1f4e-763d-8483-b1d8e4d8e9f4dz.png', now(), now(), 'DZ', 'DZA', 213, NULL, NULL, 'ALGERIA', 12),
(9, 'Albania', 'https://aqarydashboard.blob.core.windows.net/upload/flags/17337516918041074360193aba7-5a1c-7c8a-be8d-06588a9e2c39al.png', now(), now(), 'AL', 'ALB', 355, NULL, NULL, 'ALBANIA', 8),
(11, 'American Samoa', 'https://aqarydashboard.blob.core.windows.net/upload/flags/17338088869804350030193af10-14c4-763d-9d15-2f38c08a33f4AS.png', now(), now(), 'AS', 'ASM', 1684, NULL, NULL, 'AMERICAN SAMOA', 16),
(12, 'Andorra', 'https://aqarydashboard.blob.core.windows.net/upload/flags/17338088870770401360193af10-1525-763d-a439-e1bf1a1a8e7aAD.png', now(), now(), 'AD', 'AND', 376, NULL, NULL, 'ANDORRA', 20),
(13, 'Angola', 'https://aqarydashboard.blob.core.windows.net/upload/flags/17338088871020224540193af10-153e-763d-8750-dcb8d817ab10AO.png', now(), now(), 'AO', 'AGO', 244, NULL, NULL, 'ANGOLA', 24),
(14, 'Anguilla', 'https://aqarydashboard.blob.core.windows.net/upload/flags/17338088871240222170193af10-1554-763d-9692-576d955917e5AI.png', now(), now(), 'AI', 'AIA', 1264, NULL, NULL, 'ANGUILLA', 660),
(15, 'Antarctica', 'https://aqarydashboard.blob.core.windows.net/upload/flags/17338088871467303400193af10-156a-763d-a1fc-bccd1626ae6cAQ.png', now(), now(), 'AQ', NULL, 0, NULL, NULL, 'ANTARCTICA', NULL),
(16, 'Antigua and Barbuda', 'https://aqarydashboard.blob.core.windows.net/upload/flags/17338088871679108250193af10-157f-763d-8623-257870a610a3AG.png', now(), now(), 'AG', 'ATG', 1268, NULL, NULL, 'ANTIGUA AND BARBUDA', 28),
(17, 'Argentina', 'https://aqarydashboard.blob.core.windows.net/upload/flags/17338088871915357570193af10-1597-763d-b381-d780b555fed2AR.png', now(), now(), 'AR', 'ARG', 54, NULL, NULL, 'ARGENTINA', 32),
(21, 'Austria', 'https://aqarydashboard.blob.core.windows.net/upload/flags/17338088872848694020193af10-15f4-763d-98c7-7166ed7e5dafAT.png', now(), now(), 'AT', 'AUT', 43, NULL, NULL, 'AUSTRIA', 40),
(22, 'Azerbaijan', 'https://aqarydashboard.blob.core.windows.net/upload/flags/17338088873086180090193af10-160c-763d-9043-b388153303acAZ.png', now(), now(), 'AZ', 'AZE', 994, NULL, NULL, 'AZERBAIJAN', 31),
(23, 'Bahamas', 'https://aqarydashboard.blob.core.windows.net/upload/flags/17338088873311039880193af10-1623-763d-ab3b-5bd63c482515BS.png', now(), now(), 'BS', 'BHS', 1242, NULL, NULL, 'BAHAMAS', 44),
(24, 'Bahrain', 'https://aqarydashboard.blob.core.windows.net/upload/flags/17338088873573026580193af10-163d-763d-a4ab-dda8c43b4668BH.png', now(), now(), 'BH', 'BHR', 973, NULL, NULL, 'BAHRAIN', 48),
(25, 'Bangladesh', 'https://aqarydashboard.blob.core.windows.net/upload/flags/17338088873807430470193af10-1654-763d-8803-54a9ae7b23bfBD.png', now(), now(), 'BD', 'BGD', 880, NULL, NULL, 'BANGLADESH', 50),
(26, 'Barbados', 'https://aqarydashboard.blob.core.windows.net/upload/flags/17338088874034634090193af10-166b-763d-a71f-b435044b3563BB.png', now(), now(), 'BB', 'BRB', 1246, NULL, NULL, 'BARBADOS', 52),
(27, 'Belarus', 'https://aqarydashboard.blob.core.windows.net/upload/flags/17338088874251951830193af10-1681-763d-a2a5-e491b359a215BY.png', now(), now(), 'BY', 'BLR', 375, NULL, NULL, 'BELARUS', 112),
(28, 'Belgium', 'https://aqarydashboard.blob.core.windows.net/upload/flags/17338088874477136780193af10-1697-763d-a13d-8eb0b0609cf7BE.png', now(), now(), 'BE', 'BEL', 32, NULL, NULL, 'BELGIUM', 56),
(29, 'Belize', 'https://aqarydashboard.blob.core.windows.net/upload/flags/17338088874696118860193af10-16ad-763d-92a7-af1b2cfd2da1BZ.png', now(), now(), 'BZ', 'BLZ', 501, NULL, NULL, 'BELIZE', 84),
(30, 'Benin', 'https://aqarydashboard.blob.core.windows.net/upload/flags/17338088874931609790193af10-16c5-763d-8454-73623a864db9BJ.png', now(), now(), 'BJ', 'BEN', 229, NULL, NULL, 'BENIN', 204),
(31, 'Bermuda', 'https://aqarydashboard.blob.core.windows.net/upload/flags/17338088875151448940193af10-16db-763d-832e-51f5d4135495BM.png', now(), now(), 'BM', 'BMU', 1441, NULL, NULL, 'BERMUDA', 60),
(32, 'Bhutan', 'https://aqarydashboard.blob.core.windows.net/upload/flags/17338088875378649220193af10-16f1-763d-9a3e-f5c150742f7aBT.png', now(), now(), 'BT', 'BTN', 975, NULL, NULL, 'BHUTAN', 64),
(33, 'Bolivia', 'https://aqarydashboard.blob.core.windows.net/upload/flags/17338088875612992170193af10-1709-763d-9bed-908bf2f2b83eBO.png', now(), now(), 'BO', 'BOL', 591, NULL, NULL, 'BOLIVIA', 68),
(34, 'Bosnia and Herzegovina', 'https://aqarydashboard.blob.core.windows.net/upload/flags/17338088875851224580193af10-1721-763d-95ca-4a1d95c8635dBA.png', now(), now(), 'BA', 'BIH', 387, NULL, NULL, 'BOSNIA AND HERZEGOVINA', 70),
(35, 'Botswana', 'https://aqarydashboard.blob.core.windows.net/upload/flags/17338088876079634180193af10-1737-763d-9e4a-a55d061c764cBW.png', now(), now(), 'BW', 'BWA', 267, NULL, NULL, 'BOTSWANA', 72),
(37, 'Brazil', 'https://aqarydashboard.blob.core.windows.net/upload/flags/17338088876534730860193af10-1765-763d-8b20-9fa943d4cf8dBR.png', now(), now(), 'BR', 'BRA', 55, NULL, NULL, 'BRAZIL', 76),
(39, 'Brunei Darussalam', 'https://aqarydashboard.blob.core.windows.net/upload/flags/17338088877008583560193af10-1794-763d-bc9f-5ab7178bc9aaBN.png', now(), now(), 'BN', 'BRN', 673, NULL, NULL, 'BRUNEI DARUSSALAM', 96),
(41, 'Burkina Faso', 'https://aqarydashboard.blob.core.windows.net/upload/flags/17338088877458793870193af10-17c1-763d-b1a9-9abb2eb83e82BF.png', now(), now(), 'BF', 'BFA', 226, NULL, NULL, 'BURKINA FASO', 854),
(44, 'Cameroon', 'https://aqarydashboard.blob.core.windows.net/upload/flags/17338088878141303940193af10-1806-763d-8acb-ae768d65c9e8CM.png', now(), now(), 'CM', 'CMR', 237, NULL, NULL, 'CAMEROON', 120),
(45, 'Canada', 'https://aqarydashboard.blob.core.windows.net/upload/flags/17338088878366613870193af10-181c-763d-bdf8-9f978122a2c8CA.png', now(), now(), 'CA', 'CAN', 1, NULL, NULL, 'CANADA', 124),
(48, 'Central African Republic', 'https://aqarydashboard.blob.core.windows.net/upload/flags/17338088879057667150193af10-1861-763d-8b18-6c98f19cbe13CF.png', now(), now(), 'CF', 'CAF', 236, NULL, NULL, 'CENTRAL AFRICAN REPUBLIC', 140),
(55, 'Comoros', 'https://aqarydashboard.blob.core.windows.net/upload/flags/17338088880591593480193af10-18fb-763d-b886-ab19dcf768e7KM.png', now(), now(), 'KM', 'COM', 269, NULL, NULL, 'COMOROS', 174),
(58, 'Cook Islands', 'https://aqarydashboard.blob.core.windows.net/upload/flags/17338088881268670130193af10-193e-763d-b434-267d39ca45fdCK.png', now(), now(), 'CK', 'COK', 682, NULL, NULL, 'COOK ISLANDS', 184),
(59, 'Costa Rica', 'https://aqarydashboard.blob.core.windows.net/upload/flags/17338088881495535270193af10-1955-763d-a4e9-f4d7192a8947CR.png', now(), now(), 'CR', 'CRI', 506, NULL, NULL, 'COSTA RICA', 188),
(61, 'Croatia', 'https://aqarydashboard.blob.core.windows.net/upload/flags/17338088881925921260193af10-1980-763d-a8ea-c3f0cdc3b710HR.png', now(), now(), 'HR', 'HRV', 385, NULL, NULL, 'CROATIA', 191),
(63, 'Cyprus', 'https://aqarydashboard.blob.core.windows.net/upload/flags/17338088882369830940193af10-19ac-763d-a1c4-bf87039f4a91CY.png', now(), now(), 'CY', 'CYP', 357, NULL, NULL, 'CYPRUS', 196),
(65, 'Denmark', 'https://aqarydashboard.blob.core.windows.net/upload/flags/17338088882826312670193af10-19da-763d-bca0-ac74796d5524DK.png', now(), now(), 'DK', 'DNK', 45, NULL, NULL, 'DENMARK', 208),
(68, 'Dominican Republic', 'https://aqarydashboard.blob.core.windows.net/upload/flags/17338088883469376540193af10-1a1a-763d-a509-3d5ec7bf04d8DO.png', now(), now(), 'DO', 'DOM', 1809, NULL, NULL, 'DOMINICAN REPUBLIC', 214),
(70, 'El Salvador', 'https://aqarydashboard.blob.core.windows.net/upload/flags/17338088883915359210193af10-1a47-763d-9960-49103e80751aSV.png', now(), now(), 'SV', 'SLV', 503, NULL, NULL, 'EL SALVADOR', 222),
(72, 'Eritrea', 'https://aqarydashboard.blob.core.windows.net/upload/flags/17338088884381758450193af10-1a76-763d-ba29-ec1c41369a74ER.png', now(), now(), 'ER', 'ERI', 291, NULL, NULL, 'ERITREA', 232),
(74, 'Ethiopia', 'https://aqarydashboard.blob.core.windows.net/upload/flags/17338088884809526610193af10-1aa0-763d-a061-dbdf2c140fc4ET.png', now(), now(), 'ET', 'ETH', 251, NULL, NULL, 'ETHIOPIA', 231),
(76, 'Faroe Islands', 'https://aqarydashboard.blob.core.windows.net/upload/flags/17338088885261490660193af10-1ace-763d-bf6c-e1b42ce6fe4bFO.png', now(), now(), 'FO', 'FRO', 298, NULL, NULL, 'FAROE ISLANDS', 234),
(78, 'Finland', 'https://aqarydashboard.blob.core.windows.net/upload/flags/17338088885728314640193af10-1afc-763d-978a-c1354863c309FI.png', now(), now(), 'FI', 'FIN', 358, NULL, NULL, 'FINLAND', 246),
(80, 'French Guiana', 'https://aqarydashboard.blob.core.windows.net/upload/flags/17338088886132391250193af10-1b25-763d-a539-70ba593a0e21GF.png', now(), now(), 'GF', 'GUF', 594, NULL, NULL, 'FRENCH GUIANA', 254),
(82, 'French Southern Territories', 'https://aqarydashboard.blob.core.windows.net/upload/flags/17338088886533423110193af10-1b4d-763d-9b7b-5c993c40ecafTF.png', now(), now(), 'TF', NULL, 0, NULL, NULL, 'FRENCH SOUTHERN TERRITORIES', NULL),
(84, 'Gambia', 'https://aqarydashboard.blob.core.windows.net/upload/flags/17338088886934641140193af10-1b75-763d-8afa-9fc95bd298b7GM.png', now(), now(), 'GM', 'GMB', 220, NULL, NULL, 'GAMBIA', 270),
(86, 'Germany', 'https://aqarydashboard.blob.core.windows.net/upload/flags/17338088887307810020193af10-1b9a-763d-9774-e4ba88943eaaDE.png', now(), now(), 'DE', 'DEU', 49, NULL, NULL, 'GERMANY', 276),
(89, 'Greece', 'https://aqarydashboard.blob.core.windows.net/upload/flags/17338088887854591150193af10-1bd1-763d-a87c-10cdc465e9e6GR.png', now(), now(), 'GR', 'GRC', 30, NULL, NULL, 'GREECE', 300),
(91, 'Grenada', 'https://aqarydashboard.blob.core.windows.net/upload/flags/17338088888249998910193af10-1bf8-763d-9605-96a77e19b6b3GD.png', now(), now(), 'GD', 'GRD', 1473, NULL, NULL, 'GRENADA', 308),
(93, 'Guam', 'https://aqarydashboard.blob.core.windows.net/upload/flags/17338088888672717850193af10-1c23-763d-8fc2-a34549b7af9fGU.png', now(), now(), 'GU', 'GUM', 1671, NULL, NULL, 'GUAM', 316),
(95, 'Guinea', 'https://aqarydashboard.blob.core.windows.net/upload/flags/17338088889131050550193af10-1c51-763d-b8fa-8c5fc7a054d0GN.png', now(), now(), 'GN', 'GIN', 224, NULL, NULL, 'GUINEA', 324),
(97, 'Guyana', 'https://aqarydashboard.blob.core.windows.net/upload/flags/17338088889562564370193af10-1c7c-763d-8dc4-b32ca10e5ea8GY.png', now(), now(), 'GY', 'GUY', 592, NULL, NULL, 'GUYANA', 328),
(100, 'Holy See (Vatican City State)', 'https://aqarydashboard.blob.core.windows.net/upload/flags/17338088890247386320193af10-1cc0-763d-a4a7-3adcc6193993VA.png', now(), now(), 'VA', 'VAT', 39, NULL, NULL, 'HOLY SEE (VATICAN CITY STATE)', 336),
(101, 'Honduras', 'https://aqarydashboard.blob.core.windows.net/upload/flags/17338088890462301990193af10-1cd6-763d-a7ce-369a4b13c778HN.png', now(), now(), 'HN', 'HND', 504, NULL, NULL, 'HONDURAS', 340),
(103, 'Hungary', 'https://aqarydashboard.blob.core.windows.net/upload/flags/17338088890940207940193af10-1d06-763d-893a-000ed3045ca3HU.png', now(), now(), 'HU', 'HUN', 36, NULL, NULL, 'HUNGARY', 348),
(105, 'India', 'https://aqarydashboard.blob.core.windows.net/upload/flags/17338088891354014210193af10-1d2f-763d-80c8-b46495273682IN.png', now(), now(), 'IN', 'IND', 91, NULL, NULL, 'INDIA', 356),
(108, 'Iraq', 'https://aqarydashboard.blob.core.windows.net/upload/flags/17338088891913116890193af10-1d67-763d-84bc-1e5de42d4608IQ.png', now(), now(), 'IQ', 'IRQ', 964, NULL, NULL, 'IRAQ', 368),
(109, 'Ireland', 'https://aqarydashboard.blob.core.windows.net/upload/flags/17338088892092771630193af10-1d79-763d-a9f8-d7d1b0ff75e9IE.png', now(), now(), 'IE', 'IRL', 353, NULL, NULL, 'IRELAND', 372),
(111, 'Italy', 'https://aqarydashboard.blob.core.windows.net/upload/flags/17338088892455718930193af10-1d9d-763d-8e41-786ca038cfc1IT.png', now(), now(), 'IT', 'ITA', 39, NULL, NULL, 'ITALY', 380),
(113, 'Japan', 'https://aqarydashboard.blob.core.windows.net/upload/flags/17338088892819010440193af10-1dc1-763d-ab89-955a55d4c776JP.png', now(), now(), 'JP', 'JPN', 81, NULL, NULL, 'JAPAN', 392),
(116, 'Kenya', 'https://aqarydashboard.blob.core.windows.net/upload/flags/17338088893450690570193af10-1e01-763d-ab67-69b7444ffce4KE.png', now(), now(), 'KE', 'KEN', 254, NULL, NULL, 'KENYA', 404),
(118, 'Korea, Democratic People''s Republic of', 'https://aqarydashboard.blob.core.windows.net/upload/flags/17338088893915241790193af10-1e2f-763d-bb87-abf5a83e463cKP.png', now(), now(), 'KP', 'PRK', 850, NULL, NULL, 'KOREA, DEMOCRATIC PEOPLE''S REPUBLIC OF', 408),
(1, 'United Arab Emirates', 'https://aqarydashboard.blob.core.windows.net/upload/flags/1731308024339707437019319ff-f213-7e58-93ce-aeb6be6a0c9eflag-of-the-united-arab-emirates.webp', now(), now(), 'AE', 'UAE', 971, NULL, NULL, 'UNITED ARAB EMIRATES', 784),
(124, 'Lebanon', 'https://aqarydashboard.blob.core.windows.net/upload/flags/17338088895401664810193af10-1ec4-763d-8d73-03a5bca1e057LB.png', now(), now(), 'LB', 'LBN', 961, NULL, NULL, 'LEBANON', 422),
(126, 'Liberia', 'https://aqarydashboard.blob.core.windows.net/upload/flags/17338088895931193690193af10-1ef9-763d-a8c3-aeed78c19cd7LR.png', now(), now(), 'LR', 'LBR', 231, NULL, NULL, 'LIBERIA', 430),
(128, 'Liechtenstein', 'https://aqarydashboard.blob.core.windows.net/upload/flags/17338088896380869650193af10-1f26-763d-95aa-9746d299e32cLI.png', now(), now(), 'LI', 'LIE', 423, NULL, NULL, 'LIECHTENSTEIN', 438),
(130, 'Luxembourg', 'https://aqarydashboard.blob.core.windows.net/upload/flags/17338088896793332470193af10-1f4f-763d-b7b8-8ef18ab5ea72LU.png', now(), now(), 'LU', 'LUX', 352, NULL, NULL, 'LUXEMBOURG', 442),
(133, 'Madagascar', 'https://aqarydashboard.blob.core.windows.net/upload/flags/17338088897432699570193af10-1f8f-763d-b6ce-e3e3311fa0d5MG.png', now(), now(), 'MG', 'MDG', 261, NULL, NULL, 'MADAGASCAR', 450),
(134, 'Malawi', 'https://aqarydashboard.blob.core.windows.net/upload/flags/17338088897639484020193af10-1fa3-763d-97b6-cb39967fac19MW.png', now(), now(), 'MW', 'MWI', 265, NULL, NULL, 'MALAWI', 454),
(136, 'Maldives', 'https://aqarydashboard.blob.core.windows.net/upload/flags/17338088898084042400193af10-1fd0-763d-8e4e-9e5dc15702ddMV.png', now(), now(), 'MV', 'MDV', 960, NULL, NULL, 'MALDIVES', 462),
(138, 'Malta', 'https://aqarydashboard.blob.core.windows.net/upload/flags/17338088898520510570193af10-1ffc-763d-b631-b27b60c1ac8eMT.png', now(), now(), 'MT', 'MLT', 356, NULL, NULL, 'MALTA', 470),
(140, 'Martinique', 'https://aqarydashboard.blob.core.windows.net/upload/flags/17338088898937643680193af10-2025-763d-bdc3-54b27475a898MQ.png', now(), now(), 'MQ', 'MTQ', 596, NULL, NULL, 'MARTINIQUE', 474),
(143, 'Mayotte', 'https://aqarydashboard.blob.core.windows.net/upload/flags/17338088899642454700193af10-206c-763d-a6e8-c3fcb9a39f5eYT.png', now(), now(), 'YT', NULL, 269, NULL, NULL, 'MAYOTTE', NULL),
(144, 'Mexico', 'https://aqarydashboard.blob.core.windows.net/upload/flags/17338088900026587890193af10-2092-763d-9c4e-50a06e47a7e9MX.png', now(), now(), 'MX', 'MEX', 52, NULL, NULL, 'MEXICO', 484),
(147, 'Monaco', 'https://aqarydashboard.blob.core.windows.net/upload/flags/17338088900612111660193af10-20cd-763d-82f4-16cfd9d9fa7fMC.png', now(), now(), 'MC', 'MCO', 377, NULL, NULL, 'MONACO', 492),
(148, 'Mongolia', 'https://aqarydashboard.blob.core.windows.net/upload/flags/17338088900822271590193af10-20e2-763d-95b8-7ab29159f8b9MN.png', now(), now(), 'MN', 'MNG', 976, NULL, NULL, 'MONGOLIA', 496),
(150, 'Morocco', 'https://aqarydashboard.blob.core.windows.net/upload/flags/17338088901223754350193af10-210a-763d-a883-c8e185b085caMA.png', now(), now(), 'MA', 'MAR', 212, NULL, NULL, 'MOROCCO', 504),
(152, 'Myanmar', 'https://aqarydashboard.blob.core.windows.net/upload/flags/17338088901614913610193af10-2131-763d-bad4-ffd002288775MM.png', now(), now(), 'MM', 'MMR', 95, NULL, NULL, 'MYANMAR', 104),
(154, 'Nauru', 'https://aqarydashboard.blob.core.windows.net/upload/flags/17338088902002709270193af10-2158-763d-814c-4754ede8008aNR.png', now(), now(), 'NR', 'NRU', 674, NULL, NULL, 'NAURU', 520),
(158, 'New Caledonia', 'https://aqarydashboard.blob.core.windows.net/upload/flags/17338088902588542250193af10-2192-763d-afe9-2c12c49c2d50NC.png', now(), now(), 'NC', 'NCL', 687, NULL, NULL, 'NEW CALEDONIA', 540),
(160, 'Nicaragua', 'https://aqarydashboard.blob.core.windows.net/upload/flags/17338088903082038190193af10-21c4-763d-b9cb-1bb3d8481257NI.png', now(), now(), 'NI', 'NIC', 505, NULL, NULL, 'NICARAGUA', 558),
(162, 'Nigeria', 'https://aqarydashboard.blob.core.windows.net/upload/flags/17338088903529783740193af10-21f0-763d-9726-345df018b3c5NG.png', now(), now(), 'NG', 'NGA', 234, NULL, NULL, 'NIGERIA', 566),
(164, 'Norfolk Island', 'https://aqarydashboard.blob.core.windows.net/upload/flags/17338088903998167470193af10-221f-763d-b185-c9ac7bdce2c7NF.png', now(), now(), 'NF', 'NFK', 672, NULL, NULL, 'NORFOLK ISLAND', 574),
(157, 'Netherlands Antilles', '', now(), now(), 'AN', 'ANT', 599, NULL, NULL, 'NETHERLANDS ANTILLES', 530),
(166, 'Norway', 'https://aqarydashboard.blob.core.windows.net/upload/flags/17338088904487771520193af10-2250-763d-abdf-ebe8d3013c23NO.png', now(), now(), 'NO', 'NOR', 47, NULL, NULL, 'NORWAY', 578),
(168, 'Palau', 'https://aqarydashboard.blob.core.windows.net/upload/flags/17338088904929925020193af10-227c-763d-a7ae-a358226ab9a6PW.png', now(), now(), 'PW', 'PLW', 680, NULL, NULL, 'PALAU', 585),
(170, 'Panama', 'https://aqarydashboard.blob.core.windows.net/upload/flags/17338088905371256580193af10-22a9-763d-ab9d-dc0eee9fff46PA.png', now(), now(), 'PA', 'PAN', 507, NULL, NULL, 'PANAMA', 591),
(172, 'Paraguay', 'https://aqarydashboard.blob.core.windows.net/upload/flags/17338088905819458070193af10-22d5-763d-a26f-4b0e84d42704PY.png', now(), now(), 'PY', 'PRY', 595, NULL, NULL, 'PARAGUAY', 600),
(174, 'Philippines', 'https://aqarydashboard.blob.core.windows.net/upload/flags/17338088906253211640193af10-2301-763d-9c74-5da75a782c5dPH.png', now(), now(), 'PH', 'PHL', 63, NULL, NULL, 'PHILIPPINES', 608),
(176, 'Poland', 'https://aqarydashboard.blob.core.windows.net/upload/flags/17338088906710924110193af10-232f-763d-a616-eef5fd078e77PL.png', now(), now(), 'PL', 'POL', 48, NULL, NULL, 'POLAND', 616),
(179, 'Qatar', 'https://aqarydashboard.blob.core.windows.net/upload/flags/17338088907400752870193af10-2374-763d-ab19-a4ffe90b040fQA.png', now(), now(), 'QA', 'QAT', 974, NULL, NULL, 'QATAR', 634),
(181, 'Romania', 'https://aqarydashboard.blob.core.windows.net/upload/flags/17338088907862290260193af10-23a2-763d-b84c-aa8ced65c1a0RO.png', now(), now(), 'RO', 'ROM', 40, NULL, NULL, 'ROMANIA', 642),
(183, 'Saint Helena', 'https://aqarydashboard.blob.core.windows.net/upload/flags/17338088908436291400193af10-23db-763d-8b3f-2e7bee2b6dddSH.png', now(), now(), 'SH', 'SHN', 290, NULL, NULL, 'SAINT HELENA', 654),
(185, 'Saint Lucia', 'https://aqarydashboard.blob.core.windows.net/upload/flags/17338088908865240100193af10-2406-763d-9024-8561f0ce8dbeLC.png', now(), now(), 'LC', 'LCA', 1758, NULL, NULL, 'SAINT LUCIA', 662),
(187, 'Saint Vincent and the Grenadines', 'https://aqarydashboard.blob.core.windows.net/upload/flags/17338088909259457100193af10-242d-763d-969c-58beb2a63af8VC.png', now(), now(), 'VC', 'VCT', 1784, NULL, NULL, 'SAINT VINCENT AND THE GRENADINES', 670),
(189, 'San Marino', 'https://aqarydashboard.blob.core.windows.net/upload/flags/17338088909665726410193af10-2456-763d-8f96-90e8facd05a5SM.png', now(), now(), 'SM', 'SMR', 378, NULL, NULL, 'SAN MARINO', 674),
(2, 'Pakistan', 'https://aqarydashboard.blob.core.windows.net/upload/flags/173130811476707783801931a01-534f-7e58-b815-21d4438a31cfistockphoto-652750800-612x612.jpg', now(), now(), 'PK', 'PAK', 92, NULL, NULL, 'PAKISTAN', 586),
(193, 'Serbia and Montenegro', '', now(), now(), 'CS', NULL, 381, NULL, NULL, 'SERBIA AND MONTENEGRO', NULL),
(3, 'Egypt', 'https://aqarydashboard.blob.core.windows.net/upload/flags/173130826481315699501931a03-9d6d-7e58-96ae-57efb989585aFlag_of_Egypt.svg.webp', now(), now(), 'EG', 'EGY', 20, NULL, NULL, 'EGYPT', 818),
(4, 'Sudan', 'https://aqarydashboard.blob.core.windows.net/upload/flags/172242355157958270001910871-a65b-7538-be73-019d86cedb76Flag_of_Sudan.png', now(), now(), 'SD', 'SDN', 249, NULL, NULL, 'SUDAN', 736),
(5, 'Syrian Arab Republic', 'https://aqarydashboard.blob.core.windows.net/upload/flags/172242357104178920001910871-f261-7538-9479-c7a657b3cde8Flag_of_Syria.png', now(), now(), 'SY', 'SYR', 963, NULL, NULL, 'SYRIAN ARAB REPUBLIC', 760),
(6, 'Russian Federation', 'https://aqarydashboard.blob.core.windows.net/upload/flags/172242358527728140001910872-29fd-7538-b883-967c7fd56510Flag_of_Russia.png', now(), now(), 'RU', 'RUS', 70, NULL, NULL, 'RUSSIAN FEDERATION', 643),
(7, 'United Kingdom', 'https://aqarydashboard.blob.core.windows.net/upload/flags/172242360675920600001910872-7de7-7538-b6f5-a7d506878c44Flag_of_England.svg.png', now(), now(), 'GB', 'GBR', 44, NULL, NULL, 'UNITED KINGDOM', 826),
(190, 'Sao Tome and Principe', 'https://aqarydashboard.blob.core.windows.net/upload/flags/17338088909892484990193af10-246d-763d-b3d6-997da2cb78c5ST.png', now(), now(), 'ST', 'STP', 239, NULL, NULL, 'SAO TOME AND PRINCIPE', 678),
(191, 'Saudi Arabia', 'https://aqarydashboard.blob.core.windows.net/upload/flags/17338088910113502320193af10-2483-763d-a12a-ad027eb615c4SA.png', now(), now(), 'SA', 'SAU', 966, NULL, NULL, 'SAUDI ARABIA', 682),
(194, 'Seychelles', 'https://aqarydashboard.blob.core.windows.net/upload/flags/17338088910556382440193af10-24af-763d-a8f4-bda30bfe6d0dSC.png', now(), now(), 'SC', 'SYC', 248, NULL, NULL, 'SEYCHELLES', 690),
(196, 'Singapore', 'https://aqarydashboard.blob.core.windows.net/upload/flags/17338088911070945060193af10-24e3-763d-9d3b-108974f4c39eSG.png', now(), now(), 'SG', 'SGP', 65, NULL, NULL, 'SINGAPORE', 702),
(198, 'Slovenia', 'https://aqarydashboard.blob.core.windows.net/upload/flags/17338088911553178830193af10-2513-763d-9a5d-9138386f54ddSI.png', now(), now(), 'SI', 'SVN', 386, NULL, NULL, 'SLOVENIA', 705),
(200, 'Somalia', 'https://aqarydashboard.blob.core.windows.net/upload/flags/17338088912010642700193af10-2541-763d-a26d-2f7d279f4564SO.png', now(), now(), 'SO', 'SOM', 252, NULL, NULL, 'SOMALIA', 706),
(203, 'Spain', 'https://aqarydashboard.blob.core.windows.net/upload/flags/17338088912727029690193af10-2588-763d-b3eb-3d9241df511dES.png', now(), now(), 'ES', 'ESP', 34, NULL, NULL, 'SPAIN', 724),
(204, 'Sri Lanka', 'https://aqarydashboard.blob.core.windows.net/upload/flags/17338088912957198730193af10-259f-763d-992c-4059f22eeafbLK.png', now(), now(), 'LK', 'LKA', 94, NULL, NULL, 'SRI LANKA', 144),
(206, 'Svalbard and Jan Mayen', 'https://aqarydashboard.blob.core.windows.net/upload/flags/17338088913419371750193af10-25cd-763d-8010-6756d84d4089SJ.png', now(), now(), 'SJ', 'SJM', 47, NULL, NULL, 'SVALBARD AND JAN MAYEN', 744),
(208, 'Sweden', 'https://aqarydashboard.blob.core.windows.net/upload/flags/17338088913871827980193af10-25fb-763d-ac79-367109af2874SE.png', now(), now(), 'SE', 'SWE', 46, NULL, NULL, 'SWEDEN', 752),
(211, 'Tajikistan', 'https://aqarydashboard.blob.core.windows.net/upload/flags/17338088914549277330193af10-263e-763d-a3b8-1b7927206612TJ.png', now(), now(), 'TJ', 'TJK', 992, NULL, NULL, 'TAJIKISTAN', 762),
(212, 'Tanzania, United Republic of', 'https://aqarydashboard.blob.core.windows.net/upload/flags/17338088914773259520193af10-2655-763d-a074-39483eb1f7bdTZ.png', now(), now(), 'TZ', 'TZA', 255, NULL, NULL, 'TANZANIA, UNITED REPUBLIC OF', 834),
(214, 'Timor-Leste', 'https://aqarydashboard.blob.core.windows.net/upload/flags/17338088915224927920193af10-2682-763d-a44f-c7ad972ea7b9TL.png', now(), now(), 'TL', NULL, 670, NULL, NULL, 'TIMOR-LESTE', NULL),
(216, 'Tokelau', 'https://aqarydashboard.blob.core.windows.net/upload/flags/17338088915667526630193af10-26ae-763d-91e0-9ba9961863e9TK.png', now(), now(), 'TK', 'TKL', 690, NULL, NULL, 'TOKELAU', 772),
(219, 'Tunisia', 'https://aqarydashboard.blob.core.windows.net/upload/flags/17338088916381012130193af10-26f6-763d-8b9b-7ca516249051TN.png', now(), now(), 'TN', 'TUN', 216, NULL, NULL, 'TUNISIA', 788),
(220, 'Turkey', 'https://aqarydashboard.blob.core.windows.net/upload/flags/17338088916614573710193af10-270d-763d-96fa-9e8008705ef5TR.png', now(), now(), 'TR', 'TUR', 90, NULL, NULL, 'TURKEY', 792),
(223, 'Tuvalu', 'https://aqarydashboard.blob.core.windows.net/upload/flags/17338088917304292660193af10-2752-763d-be65-e72e631fcf4eTV.png', now(), now(), 'TV', 'TUV', 688, NULL, NULL, 'TUVALU', 798),
(224, 'Uganda', 'https://aqarydashboard.blob.core.windows.net/upload/flags/17338088917533083240193af10-2769-763d-83ba-210a80a49835UG.png', now(), now(), 'UG', 'UGA', 256, NULL, NULL, 'UGANDA', 800),
(227, 'United States Minor Outlying Islands', 'https://aqarydashboard.blob.core.windows.net/upload/flags/17338088918218860590193af10-27ad-763d-93a1-2efb68c48d8aUM.png', now(), now(), 'UM', NULL, 1, NULL, NULL, 'UNITED STATES MINOR OUTLYING ISLANDS', NULL),
(229, 'Uzbekistan', 'https://aqarydashboard.blob.core.windows.net/upload/flags/17338088918680360980193af10-27dc-763d-973a-83f314ddf941UZ.png', now(), now(), 'UZ', 'UZB', 998, NULL, NULL, 'UZBEKISTAN', 860),
(231, 'Venezuela', 'https://aqarydashboard.blob.core.windows.net/upload/flags/17338088919158421830193af10-280b-763d-8e11-6e92e625a390VE.png', now(), now(), 'VE', 'VEN', 58, NULL, NULL, 'VENEZUELA', 862),
(233, 'Virgin Islands, British', 'https://aqarydashboard.blob.core.windows.net/upload/flags/17338088919617113450193af10-2839-763d-a215-d2c35efb1802VG.png', now(), now(), 'VG', 'VGB', 1284, NULL, NULL, 'VIRGIN ISLANDS, BRITISH', 92),
(235, 'Wallis and Futuna', 'https://aqarydashboard.blob.core.windows.net/upload/flags/17338088920132400720193af10-286d-763d-b38b-1bd5343ce607WF.png', now(), now(), 'WF', 'WLF', 681, NULL, NULL, 'WALLIS AND FUTUNA', 876),
(237, 'Yemen', 'https://aqarydashboard.blob.core.windows.net/upload/flags/17338088920578679760193af10-2899-763d-80b8-e1383bd2d60dYE.png', now(), now(), 'YE', 'YEM', 967, NULL, NULL, 'YEMEN', 887),
(239, 'Zimbabwe', 'https://aqarydashboard.blob.core.windows.net/upload/flags/17338088921021346820193af10-28c6-763d-8b6c-dcde4882c5d0ZW.png', now(), now(), 'ZW', 'ZWE', 263, NULL, NULL, 'ZIMBABWE', 716);
INSERT INTO "countries" ("id", "country", "flag", "created_at", "updated_at", "alpha2_code", "alpha3_code", "country_code", "lat", "lng", "name", "numcode") VALUES
(8, 'Afghanistan', 'https://aqarydashboard.blob.core.windows.net/upload/flags/17337517146324859100193aba7-b348-7c8a-ae9d-ccc13499ef2aaf.png', now(), now(), 'AF', 'AFG', 93, NULL, NULL, 'AFGHANISTAN', 4),
(36, 'Bouvet Island', 'https://aqarydashboard.blob.core.windows.net/upload/flags/17338088876297514480193af10-174d-763d-a97f-d614f16c9318BV.png', now(), now(), 'BV', NULL, 0, NULL, NULL, 'BOUVET ISLAND', NULL),
(51, 'China', 'https://aqarydashboard.blob.core.windows.net/upload/flags/17338088879706771870193af10-18a2-763d-831a-4e16e43e9002CN.png', now(), now(), 'CN', 'CHN', 86, NULL, NULL, 'CHINA', 156),
(53, 'Cocos (Keeling) Islands', 'https://aqarydashboard.blob.core.windows.net/upload/flags/17338088880148308670193af10-18ce-763d-81e0-8542c87369fdCC.png', now(), now(), 'CC', NULL, 672, NULL, NULL, 'COCOS (KEELING) ISLANDS', NULL),
(99, 'Heard Island and Mcdonald Islands', 'https://aqarydashboard.blob.core.windows.net/upload/flags/17338088890018839030193af10-1ca9-763d-8e5e-f7b31c8ef2d4HM.png', now(), now(), 'HM', NULL, 0, NULL, NULL, 'HEARD ISLAND AND MCDONALD ISLANDS', NULL),
(122, 'Lao People''s Democratic Republic', 'https://aqarydashboard.blob.core.windows.net/upload/flags/17338088894830931290193af10-1e8b-763d-8351-4a375cc61605LA.png', now(), now(), 'LA', 'LAO', 856, NULL, NULL, 'LAO PEOPLE''S DEMOCRATIC REPUBLIC', 418),
(165, 'Northern Mariana Islands', 'https://aqarydashboard.blob.core.windows.net/upload/flags/17338088904230272050193af10-2237-763d-a30f-8e26ed653be4MP.png', now(), now(), 'MP', 'MNP', 1670, NULL, NULL, 'NORTHERN MARIANA ISLANDS', 580),
(202, 'South Georgia and the South Sandwich Islands', 'https://aqarydashboard.blob.core.windows.net/upload/flags/17338088912487605750193af10-2570-763d-9b36-afec5f9df300GS.png', now(), now(), 'GS', NULL, 0, NULL, NULL, 'SOUTH GEORGIA AND THE SOUTH SANDWICH ISLANDS', NULL),
(234, 'Virgin Islands, U.s.', 'https://aqarydashboard.blob.core.windows.net/upload/flags/17338088919879808150193af10-2853-763d-942a-9f265af26cb8VI.png', now(), now(), 'VI', 'VIR', 1340, NULL, NULL, 'VIRGIN ISLANDS, U.S.', 850),
(236, 'Western Sahara', 'https://aqarydashboard.blob.core.windows.net/upload/flags/17338088920346542670193af10-2882-763d-8aa1-5939cf6625d6EH.png', now(), now(), 'EH', 'ESH', 212, NULL, NULL, 'WESTERN SAHARA', 732),
(238, 'Zambia', 'https://aqarydashboard.blob.core.windows.net/upload/flags/17338088920797193900193af10-28af-763d-8377-82ed6b4cd028ZM.png', now(), now(), 'ZM', 'ZMB', 260, NULL, NULL, 'ZAMBIA', 894);

SELECT setval('countries_id_seq', 239, true); -- Adjust the sequence


INSERT INTO "states" ("id", "state", "countries_id", "created_at", "updated_at", "lat", "lng") VALUES
(1, 'Abu Dhabi', 1, now(), now(), NULL, NULL),
(2, 'Al Ain', 1, now(), now(), NULL, NULL),
(3, 'Dubai', 1, now(), now(), NULL, NULL),
(4, 'Sharjah', 1, now(), now(), NULL, NULL),
(5, 'Ajman', 1, now(), now(), NULL, NULL),
(6, 'Ras Al Khaimah', 1, now(), now(), NULL, NULL),
(7, 'Fujairah', 1, now(), now(), NULL, NULL),
(8, 'Umm Al Quwain', 1, now(), now(), NULL, NULL);

SELECT setval('states_id_seq', 8, true); -- Adjust the sequence


INSERT INTO "cities" ("id", "city", "states_id", "created_at", "updated_at", "lat", "lng") VALUES
(1, 'Abu Dhabi', 1, now(), now(), NULL, NULL),
(2, 'Al Ain', 2, now(), now(), NULL, NULL),
(3, 'Dubai', 3, now(), now(), NULL, NULL),
(4, 'Sharjah', 4, now(), now(), NULL, NULL),
(5, 'Ajman', 5, now(), now(), NULL, NULL),
(6, 'Ras Al Khaimah', 6, now(), now(), NULL, NULL),
(7, 'Fujairah', 7, now(), now(), NULL, NULL),
(8, 'Umm Al Quwain', 8, now(), now(), NULL, NULL);

SELECT setval('cities_id_seq', 8, true); -- Adjust the sequence

INSERT INTO "communities" ("id", "community", "cities_id", "created_at", "updated_at", "lat", "lng") VALUES
(2, 'Airport Road', 1, now(), now(), NULL, NULL);
INSERT INTO "communities" ("id", "community", "cities_id", "created_at", "updated_at", "lat", "lng") VALUES
(3, 'Al Ajban', 1, now(), now(), NULL, NULL);
INSERT INTO "communities" ("id", "community", "cities_id", "created_at", "updated_at", "lat", "lng") VALUES
(4, 'Al Aman', 1, now(), now(), NULL, NULL);
INSERT INTO "communities" ("id", "community", "cities_id", "created_at", "updated_at", "lat", "lng") VALUES
(5, 'Al Badaa', 1, now(), now(), NULL, NULL),
(6, 'Al Bahia', 1, now(), now(), NULL, NULL),
(7, 'Al Baraha', 1, now(), now(), NULL, NULL),
(8, 'Al Bateen', 1, now(), now(), NULL, NULL),
(9, 'Al Danah', 1, now(), now(), NULL, NULL),
(10, 'Al Dhafrah', 1, now(), now(), NULL, NULL),
(11, 'Al Fahid', 1, now(), now(), NULL, NULL),
(12, 'Al Falah City', 1, now(), now(), NULL, NULL),
(13, 'Al Ghadeer', 1, now(), now(), NULL, NULL),
(14, 'Al Gurm', 1, now(), now(), NULL, NULL),
(15, 'Al Gurm West', 1, now(), now(), NULL, NULL),
(16, 'Al Hudayriat Island', 1, now(), now(), NULL, NULL),
(17, 'Al Ittihad Road', 1, now(), now(), NULL, NULL),
(18, 'Al Jubail Island', 1, now(), now(), NULL, NULL),
(19, 'Al Karamah', 1, now(), now(), NULL, NULL),
(20, 'Al Khalidiya', 1, now(), now(), NULL, NULL),
(21, 'Al Khatim', 1, now(), now(), NULL, NULL),
(22, 'Al Maffraq', 1, now(), now(), NULL, NULL),
(23, 'Al Manaseer', 1, now(), now(), NULL, NULL),
(24, 'Al Manhal', 1, now(), now(), NULL, NULL),
(25, 'Al Maqtaa', 1, now(), now(), NULL, NULL),
(26, 'Al Markaziyah', 1, now(), now(), NULL, NULL),
(27, 'Al Maryah', 1, now(), now(), NULL, NULL),
(28, 'Al Maryah Island', 1, now(), now(), NULL, NULL),
(29, 'Al Mina', 1, now(), now(), NULL, NULL),
(30, 'Al Mirfa', 1, now(), now(), NULL, NULL),
(31, 'Al Mushrif', 1, now(), now(), NULL, NULL),
(32, 'Al Nahda', 1, now(), now(), NULL, NULL),
(33, 'Al Nahyan', 1, now(), now(), NULL, NULL),
(34, 'Al Nahyan Camp', 1, now(), now(), NULL, NULL),
(35, 'Al Najda Street', 1, now(), now(), NULL, NULL),
(36, 'Al Qurm', 1, now(), now(), NULL, NULL),
(37, 'Al Raha Beach', 1, now(), now(), NULL, NULL),
(38, 'Al Raha Gardens', 1, now(), now(), NULL, NULL),
(39, 'Al Raha Golf Gardens', 1, now(), now(), NULL, NULL),
(40, 'Al Rahba', 1, now(), now(), NULL, NULL),
(41, 'Al Rawdah', 1, now(), now(), NULL, NULL),
(42, 'Al Rayhan', 1, now(), now(), NULL, NULL),
(43, 'Al Reef', 1, now(), now(), NULL, NULL),
(44, 'Al Reem Island', 1, now(), now(), NULL, NULL),
(45, 'Al Ruwais', 1, now(), now(), NULL, NULL),
(46, 'Al Salam Street', 1, now(), now(), NULL, NULL),
(47, 'Al Samha', 1, now(), now(), NULL, NULL),
(48, 'Al Shahama', 1, now(), now(), NULL, NULL),
(49, 'Al Shalila', 1, now(), now(), NULL, NULL),
(50, 'Al Shamkha', 1, now(), now(), NULL, NULL),
(51, 'Al Shawamekh', 1, now(), now(), NULL, NULL),
(52, 'Al Sila''a', 1, now(), now(), NULL, NULL),
(53, 'Al Tibbiya', 1, now(), now(), NULL, NULL),
(54, 'Al Wahda', 1, now(), now(), NULL, NULL),
(55, 'Al Wathba', 1, now(), now(), NULL, NULL),
(56, 'Al Zaab', 1, now(), now(), NULL, NULL),
(57, 'Al Zahiyah', 1, now(), now(), NULL, NULL),
(58, 'Al Zahraa', 1, now(), now(), NULL, NULL),
(59, 'Baniyas', 1, now(), now(), NULL, NULL),
(60, 'Between Two Bridges', 1, now(), now(), NULL, NULL),
(61, 'Bu Krayyah', 1, now(), now(), NULL, NULL),
(62, 'Building Materials City', 1, now(), now(), NULL, NULL),
(63, 'Capital Centre', 1, now(), now(), NULL, NULL),
(64, 'City Downtown', 1, now(), now(), NULL, NULL),
(65, 'Corniche Road', 1, now(), now(), NULL, NULL),
(66, 'Dalma Island', 1, now(), now(), NULL, NULL),
(67, 'Dana Island', 1, now(), now(), NULL, NULL),
(68, 'Danet Abu Dhabi', 1, now(), now(), NULL, NULL),
(69, 'Defense Road', 1, now(), now(), NULL, NULL),
(70, 'Desert Village', 1, now(), now(), NULL, NULL),
(71, 'Eastern Road', 1, now(), now(), NULL, NULL),
(72, 'Electra Street', 1, now(), now(), NULL, NULL),
(73, 'Ghantoot', 1, now(), now(), NULL, NULL),
(74, 'Grand Mosque District', 1, now(), now(), NULL, NULL),
(75, 'Hamdan Street', 1, now(), now(), NULL, NULL),
(76, 'Hameem', 1, now(), now(), NULL, NULL),
(77, 'Happiness Island', 1, now(), now(), NULL, NULL),
(78, 'Hydra Village', 1, now(), now(), NULL, NULL),
(79, 'Jawazat Street', 1, now(), now(), NULL, NULL),
(80, 'Khalifa City', 1, now(), now(), NULL, NULL),
(81, 'Khalifa Street', 1, now(), now(), NULL, NULL),
(82, 'Liwa', 1, now(), now(), NULL, NULL),
(83, 'Lulu Island', 1, now(), now(), NULL, NULL),
(84, 'Madinat Al Riyad', 1, now(), now(), NULL, NULL),
(85, 'Madinat Zayed', 1, now(), now(), NULL, NULL),
(86, 'Mafraq Industrial Area', 1, now(), now(), NULL, NULL),
(87, 'Marina Village', 1, now(), now(), NULL, NULL),
(88, 'Masdar City', 1, now(), now(), NULL, NULL),
(89, 'Mina Zayed', 1, now(), now(), NULL, NULL),
(90, 'Mohamed Bin Zayed City', 1, now(), now(), NULL, NULL),
(91, 'Muroor Area', 1, now(), now(), NULL, NULL),
(92, 'Mussafah', 1, now(), now(), NULL, NULL),
(93, 'Nareel Island', 1, now(), now(), NULL, NULL),
(94, 'Nurai Island', 1, now(), now(), NULL, NULL),
(95, 'Rabdan', 1, now(), now(), NULL, NULL),
(96, 'Ramhan Island', 1, now(), now(), NULL, NULL),
(97, 'Rawdhat Abu Dhabi', 1, now(), now(), NULL, NULL),
(98, 'Rimah', 1, now(), now(), NULL, NULL),
(99, 'Saadiyat Island', 1, now(), now(), NULL, NULL),
(100, 'Sas Al Nakheel', 1, now(), now(), NULL, NULL),
(101, 'Shakhbout City', 1, now(), now(), NULL, NULL),
(102, 'The Marina', 1, now(), now(), NULL, NULL),
(103, 'Tourist Club Area', 1, now(), now(), NULL, NULL),
(104, 'Umm Al Nar', 1, now(), now(), NULL, NULL),
(105, 'Yas Island', 1, now(), now(), NULL, NULL),
(106, 'Zayed Military City', 1, now(), now(), NULL, NULL),
(107, 'Zayed Sports City', 1, now(), now(), NULL, NULL),
(108, 'Sheikh Khalifa Bin Zayed Street', 1, now(), now(), NULL, NULL),
(109, 'Al Matar', 1, now(), now(), NULL, NULL),
(110, 'Cornich Al Khalidiya', 1, now(), now(), NULL, NULL),
(111, 'Sas Al Nakhl Village', 1, now(), now(), NULL, NULL),
(112, 'Al Karama', 1, now(), now(), NULL, NULL),
(1, 'Abu Dhabi Gate City', 1, now(), now(), NULL, NULL);

SELECT setval('communities_id_seq', 112, true); -- Adjust the sequence

INSERT INTO "sub_communities" ("id", "sub_community", "communities_id", "created_at", "updated_at", "lat", "lng") VALUES
(1, 'Seashore', 1, now(), now(), NULL, NULL),
(3, 'Officers City', 1, now(), now(), NULL, NULL),
(4, 'Al Manhal Tower', 2, now(), now(), NULL, NULL),
(5, 'Jasmine Tower', 2, now(), now(), NULL, NULL),
(6, 'Phoenix Plaza Hotel Apartment', 2, now(), now(), NULL, NULL),
(7, 'Diplomatic Area', 2, now(), now(), NULL, NULL),
(8, 'Abu Dhabi Airport Logistics Park', 2, now(), now(), NULL, NULL),
(9, '2nd Street', 2, now(), now(), NULL, NULL),
(10, 'Marks and Spencer Building', 2, now(), now(), NULL, NULL),
(11, 'Jannah Place Abu Dhabi', 2, now(), now(), NULL, NULL),
(12, 'Rawdhat', 2, now(), now(), NULL, NULL),
(13, 'New Emi State Tower', 2, now(), now(), NULL, NULL),
(14, 'Al Fardan Building', 2, now(), now(), NULL, NULL),
(15, 'Al Taghreed Tower', 2, now(), now(), NULL, NULL),
(16, 'Owaida Tower', 2, now(), now(), NULL, NULL),
(17, 'Al Dhabi Building', 2, now(), now(), NULL, NULL),
(18, 'Sheikh Nahyan Bin Zayed Tower', 2, now(), now(), NULL, NULL),
(19, 'Fotouh Al Khair', 2, now(), now(), NULL, NULL),
(20, 'Rawda Building', 2, now(), now(), NULL, NULL),
(21, 'Al Odaid Office Tower', 2, now(), now(), NULL, NULL),
(22, 'Zahra Ahmed Sayed Al Khamzi Building', 2, now(), now(), NULL, NULL),
(23, 'Soud Salem Al Hajri', 2, now(), now(), NULL, NULL),
(24, 'Hassan Ibrahim Al Fardan', 2, now(), now(), NULL, NULL),
(25, 'Mashoui Al Qubaisi', 2, now(), now(), NULL, NULL),
(26, 'Saeed Mubarak Al Mansoori Building', 2, now(), now(), NULL, NULL),
(27, 'Universal Hospital Building', 2, now(), now(), NULL, NULL),
(28, 'Al Hashimi Tower', 2, now(), now(), NULL, NULL),
(29, 'HM Tower', 2, now(), now(), NULL, NULL),
(30, 'Al Bustan Complex', 4, now(), now(), NULL, NULL),
(31, 'Al Badaa', 5, now(), now(), NULL, NULL),
(32, 'Al Bahia', 6, now(), now(), NULL, NULL),
(33, 'Al Baraha', 7, now(), now(), NULL, NULL),
(34, 'Royal M Hotel & Resort', 8, now(), now(), NULL, NULL),
(35, 'Al Bateen Plaza', 8, now(), now(), NULL, NULL),
(36, 'InterContinental Residences Abu Dhabi', 8, now(), now(), NULL, NULL),
(37, 'Al Khaleej Al Arabi Street', 8, now(), now(), NULL, NULL),
(38, 'Al Ettihad Towers', 8, now(), now(), NULL, NULL),
(39, 'Al Bateen Wharf', 8, now(), now(), NULL, NULL),
(40, 'Baynunah Street', 8, now(), now(), NULL, NULL),
(41, 'Al Bateen Complex', 8, now(), now(), NULL, NULL),
(42, 'Al Marasy', 8, now(), now(), NULL, NULL),
(43, 'Six Towers Complex Al Bateen', 8, now(), now(), NULL, NULL),
(44, 'Al Bateen Villas', 8, now(), now(), NULL, NULL),
(45, 'Abu Dhabi Marina', 8, now(), now(), NULL, NULL),
(46, 'Aseel Tower', 8, now(), now(), NULL, NULL),
(47, 'Bloom Marina', 8, now(), now(), NULL, NULL),
(48, 'Junaibi Tower', 9, now(), now(), NULL, NULL),
(49, 'C40', 9, now(), now(), NULL, NULL),
(50, 'Hanging Garden Tower', 9, now(), now(), NULL, NULL),
(51, 'Al Gaz Tower', 10, now(), now(), NULL, NULL),
(52, 'Al Dhafrah 4', 10, now(), now(), NULL, NULL),
(53, 'Al Dhafrah 1', 10, now(), now(), NULL, NULL),
(54, 'Al Dhafrah 2', 10, now(), now(), NULL, NULL),
(55, 'Blue Towers', 10, now(), now(), NULL, NULL),
(56, 'Al Markaz Industrial Development', 10, now(), now(), NULL, NULL),
(57, 'Nasser Al Khaili Tower', 10, now(), now(), NULL, NULL),
(58, 'Al Marsa Villas', 11, now(), now(), NULL, NULL),
(59, 'Al Marsa Residences', 11, now(), now(), NULL, NULL),
(60, 'Al Falah City', 12, now(), now(), NULL, NULL),
(61, 'Al Ghadeer 2', 13, now(), now(), NULL, NULL),
(62, 'Waterfall District', 13, now(), now(), NULL, NULL),
(63, 'Al Khaleej Village', 13, now(), now(), NULL, NULL),
(64, 'Liwa Village', 13, now(), now(), NULL, NULL),
(65, 'Al Baraha Village', 13, now(), now(), NULL, NULL),
(66, 'Al Buhayra Village', 13, now(), now(), NULL, NULL),
(67, 'Falaj Village', 13, now(), now(), NULL, NULL),
(68, 'Al Khubaira Village', 13, now(), now(), NULL, NULL),
(69, 'Al Waha', 13, now(), now(), NULL, NULL),
(70, 'Al Sabeel Building', 13, now(), now(), NULL, NULL),
(71, 'Al Gurm Resort', 14, now(), now(), NULL, NULL),
(72, 'Al Gurm West', 15, now(), now(), NULL, NULL),
(73, 'South Hudayriat', 16, now(), now(), NULL, NULL),
(74, 'North Hudayriat', 16, now(), now(), NULL, NULL),
(75, 'Al Ittihad Road', 17, now(), now(), NULL, NULL),
(76, 'Al Jubail Island', 18, now(), now(), NULL, NULL),
(77, 'Al Karam Building', 19, now(), now(), NULL, NULL),
(78, 'Al Musalla Area', 19, now(), now(), NULL, NULL),
(79, 'Al Maharba', 19, now(), now(), NULL, NULL),
(80, 'Al Yasat Compound', 19, now(), now(), NULL, NULL),
(81, 'United Square', 20, now(), now(), NULL, NULL),
(82, 'Al Jimi Avenue', 20, now(), now(), NULL, NULL),
(83, 'W9', 20, now(), now(), NULL, NULL),
(84, 'Al Istiqlal Street', 20, now(), now(), NULL, NULL),
(85, 'Khalidiya Twin Towers', 20, now(), now(), NULL, NULL),
(86, 'Crescent Towers', 20, now(), now(), NULL, NULL),
(87, 'Khalidiya Street', 20, now(), now(), NULL, NULL),
(88, 'Al Hosn', 20, now(), now(), NULL, NULL),
(89, 'Khalidiya Village', 20, now(), now(), NULL, NULL),
(90, 'Cornich Al Khalidiya', 20, now(), now(), NULL, NULL),
(91, 'Manara Tower', 20, now(), now(), NULL, NULL),
(92, 'Shining Towers', 20, now(), now(), NULL, NULL),
(93, 'Sheleila Tower', 20, now(), now(), NULL, NULL),
(94, 'Park Tower', 20, now(), now(), NULL, NULL),
(95, 'Al Waha Tower', 20, now(), now(), NULL, NULL),
(96, 'The Crystal Tower', 20, now(), now(), NULL, NULL),
(97, 'Al Hana Tower', 20, now(), now(), NULL, NULL),
(98, 'Al Ahlia tower', 20, now(), now(), NULL, NULL),
(99, 'Amwaj Tower', 20, now(), now(), NULL, NULL),
(100, 'First Gulf Bank Building', 20, now(), now(), NULL, NULL),
(101, 'Al Sawari Tower', 20, now(), now(), NULL, NULL),
(102, 'Al Ras Al Akhdar', 20, now(), now(), NULL, NULL),
(103, 'Al Khubairah Tower', 20, now(), now(), NULL, NULL),
(104, 'Khalidiya Palace Rayhaan', 20, now(), now(), NULL, NULL),
(105, 'Hilton Baynouna', 20, now(), now(), NULL, NULL),
(106, 'Kamala Tower', 20, now(), now(), NULL, NULL),
(107, '20 Villas Project', 20, now(), now(), NULL, NULL),
(108, 'Al Nakheel Tower', 20, now(), now(), NULL, NULL),
(109, 'Mubarak Bin Mohammed Street', 20, now(), now(), NULL, NULL),
(110, 'Zayed the First Street', 20, now(), now(), NULL, NULL),
(111, 'Al Muhairy Centre', 20, now(), now(), NULL, NULL),
(112, 'Al Shaheen Tower', 20, now(), now(), NULL, NULL),
(113, 'Awqaf Tower', 20, now(), now(), NULL, NULL),
(114, 'Ganadah Tower', 20, now(), now(), NULL, NULL),
(115, 'Mohammed Jaber Rashed Al Hamli', 20, now(), now(), NULL, NULL),
(116, 'Saed Ahmed Juma Iesa Al Mazroui', 20, now(), now(), NULL, NULL),
(117, 'Al Eqabia', 20, now(), now(), NULL, NULL),
(118, 'ZADCO Complex', 20, now(), now(), NULL, NULL),
(119, 'Khalidiya Towers', 20, now(), now(), NULL, NULL),
(120, 'Amana Tower', 20, now(), now(), NULL, NULL),
(121, 'Al Khatim', 21, now(), now(), NULL, NULL),
(122, 'Al Maffraq', 22, now(), now(), NULL, NULL),
(123, 'Khalifa Bin Shakhbout Street', 23, now(), now(), NULL, NULL),
(124, 'Manaseer Building 90', 23, now(), now(), NULL, NULL);
INSERT INTO "sub_communities" ("id", "sub_community", "communities_id", "created_at", "updated_at", "lat", "lng") VALUES
(125, 'Manaseer Building 53', 23, now(), now(), NULL, NULL),
(126, 'Sheikh Fatima Bint Mubarak St', 24, now(), now(), NULL, NULL),
(127, 'Mariam Khalifa building', 24, now(), now(), NULL, NULL),
(128, 'Snow Home Apartment', 24, now(), now(), NULL, NULL),
(129, 'Mubarak Bin Mohammed Street', 24, now(), now(), NULL, NULL),
(130, 'The Ritz-Carlton Abu Dhabi-Grand Canal', 25, now(), now(), NULL, NULL),
(131, 'Hills Abu Dhabi', 25, now(), now(), NULL, NULL),
(132, 'Qaryat Al Beri', 25, now(), now(), NULL, NULL),
(133, 'Al Maqtaa village', 25, now(), now(), NULL, NULL),
(134, 'Hamad Bin Al Jesrain Villas', 25, now(), now(), NULL, NULL),
(135, 'Khaleefa Bin Al Jesrain Villas', 25, now(), now(), NULL, NULL),
(136, 'Al Markaziyah West', 26, now(), now(), NULL, NULL),
(137, 'Burj Al Arab', 26, now(), now(), NULL, NULL),
(138, 'Obaid 33 Building', 26, now(), now(), NULL, NULL),
(139, 'Sowwah Square', 27, now(), now(), NULL, NULL),
(140, 'Maryah Plaza', 27, now(), now(), NULL, NULL),
(141, 'Al Maryah Vista', 28, now(), now(), NULL, NULL),
(142, 'Al Maryah Vista 2', 28, now(), now(), NULL, NULL),
(143, 'Al Maryah Vista 3', 28, now(), now(), NULL, NULL),
(144, 'Rosewood Abu Dhabi', 28, now(), now(), NULL, NULL),
(145, 'Four Seasons Hotel', 28, now(), now(), NULL, NULL),
(146, 'Silver Wave Tower', 29, now(), now(), NULL, NULL),
(147, 'Al Mina Tower', 29, now(), now(), NULL, NULL),
(148, 'Bin Majid Tower', 29, now(), now(), NULL, NULL),
(149, 'Al Mirfa', 30, now(), now(), NULL, NULL),
(150, 'Al Mushrif Villas', 31, now(), now(), NULL, NULL),
(151, 'Mushrif Gardens', 31, now(), now(), NULL, NULL),
(152, 'Mushrif Park', 31, now(), now(), NULL, NULL),
(153, 'Delma Street', 31, now(), now(), NULL, NULL),
(154, 'Palm Oasis', 31, now(), now(), NULL, NULL),
(155, 'Al Maha Complex', 31, now(), now(), NULL, NULL),
(156, 'Al Qubaisat', 31, now(), now(), NULL, NULL),
(157, 'Al Saada Street', 31, now(), now(), NULL, NULL),
(158, 'Al Dhafrah Street', 31, now(), now(), NULL, NULL),
(159, 'Kamal Jamal Musal', 31, now(), now(), NULL, NULL),
(160, 'Mubarak Mohammed Sift Al Khaily', 31, now(), now(), NULL, NULL),
(161, 'Al Nahda', 32, now(), now(), NULL, NULL),
(162, 'Al Hazem Tower', 33, now(), now(), NULL, NULL),
(163, 'C13', 33, now(), now(), NULL, NULL),
(164, 'Opal House', 33, now(), now(), NULL, NULL),
(165, 'Hussain Al Muallah Tower', 33, now(), now(), NULL, NULL),
(166, 'Khalid Khalifa Hamdan Al Mansour Building', 33, now(), now(), NULL, NULL),
(167, 'Al Rumaithy Building', 34, now(), now(), NULL, NULL),
(168, 'Aya Building', 34, now(), now(), NULL, NULL),
(169, 'Al Diar Sawa Hotel Apartments', 34, now(), now(), NULL, NULL),
(170, 'Hazaa Bin Zayed the First Street', 34, now(), now(), NULL, NULL),
(171, 'Dusit Thani Complex', 34, now(), now(), NULL, NULL),
(172, 'Al Nahyan Villa Compound', 34, now(), now(), NULL, NULL),
(173, 'Mohammed Othman', 34, now(), now(), NULL, NULL),
(174, 'Khalifa Kait Al Qubaisi', 34, now(), now(), NULL, NULL),
(175, 'OPAL Tower', 34, now(), now(), NULL, NULL),
(176, 'Jamal Tower', 34, now(), now(), NULL, NULL),
(177, 'Abu Dhabi Plaza Tower', 35, now(), now(), NULL, NULL),
(178, 'Al Yasat Tower', 35, now(), now(), NULL, NULL),
(179, 'Al Otaiba Tower', 35, now(), now(), NULL, NULL),
(180, 'Al Khyeli Building', 35, now(), now(), NULL, NULL),
(181, 'Vision Twin Towers', 35, now(), now(), NULL, NULL),
(182, 'Sola Tower', 35, now(), now(), NULL, NULL),
(183, 'Dhafir Tower', 35, now(), now(), NULL, NULL),
(184, 'Al Masaood Tower', 35, now(), now(), NULL, NULL),
(185, 'Zakher MAAM Residence', 35, now(), now(), NULL, NULL),
(186, 'Al Nasr Street', 35, now(), now(), NULL, NULL),
(187, 'Al Khazna Tower', 35, now(), now(), NULL, NULL),
(188, 'Bin Arar Building', 35, now(), now(), NULL, NULL),
(189, 'Jumeira Tower', 35, now(), now(), NULL, NULL),
(190, 'Burj Al Nakheel', 35, now(), now(), NULL, NULL),
(191, 'MBK Al Qurm Compound', 36, now(), now(), NULL, NULL),
(192, 'Al Qurm Gardens', 36, now(), now(), NULL, NULL),
(193, 'Al Qurm Street', 36, now(), now(), NULL, NULL),
(194, 'Corniche Al Qurm', 36, now(), now(), NULL, NULL),
(195, 'Al Qurm Compound', 36, now(), now(), NULL, NULL),
(196, 'Al Qurm Mangroves', 36, now(), now(), NULL, NULL),
(197, 'Al Seef Residences', 36, now(), now(), NULL, NULL),
(198, 'Muzoon Building', 37, now(), now(), NULL, NULL),
(199, 'Riman Tower', 37, now(), now(), NULL, NULL),
(200, 'Al Amirah Building', 37, now(), now(), NULL, NULL),
(201, 'VERA Building', 37, now(), now(), NULL, NULL),
(202, 'Azzam One Residence', 37, now(), now(), NULL, NULL),
(203, 'The Golden Tower', 37, now(), now(), NULL, NULL),
(204, 'Amwaj 1 Apartments', 37, now(), now(), NULL, NULL),
(205, 'Canal View Building', 37, now(), now(), NULL, NULL),
(206, 'Al Saada Building', 37, now(), now(), NULL, NULL),
(207, 'Lord Tower', 37, now(), now(), NULL, NULL),
(208, 'SKH Wadeema Building', 37, now(), now(), NULL, NULL),
(209, 'Olive Building', 37, now(), now(), NULL, NULL),
(210, 'Cubic Building', 37, now(), now(), NULL, NULL),
(211, 'Q Residence', 37, now(), now(), NULL, NULL),
(212, 'Raha Views', 37, now(), now(), NULL, NULL),
(213, 'Luluat Al Raha', 37, now(), now(), NULL, NULL),
(214, 'Amwaj 2 Apartments', 37, now(), now(), NULL, NULL),
(215, 'Al Faridah', 37, now(), now(), NULL, NULL),
(216, 'The View', 37, now(), now(), NULL, NULL),
(217, 'C2568', 37, now(), now(), NULL, NULL),
(218, 'AD 3', 37, now(), now(), NULL, NULL),
(219, 'Al Hayl Tower', 37, now(), now(), NULL, NULL),
(220, 'Al Jawzaa Tower', 37, now(), now(), NULL, NULL),
(221, 'C2042', 37, now(), now(), NULL, NULL),
(222, 'C12', 37, now(), now(), NULL, NULL),
(223, 'C2783', 37, now(), now(), NULL, NULL),
(224, 'C2681', 37, now(), now(), NULL, NULL),
(225, 'C2559', 37, now(), now(), NULL, NULL),
(226, 'C2682', 37, now(), now(), NULL, NULL),
(227, 'C1238', 37, now(), now(), NULL, NULL),
(228, 'Canal Blossom', 37, now(), now(), NULL, NULL),
(229, 'C2558', 37, now(), now(), NULL, NULL),
(230, 'C1201', 37, now(), now(), NULL, NULL),
(231, 'C2629', 37, now(), now(), NULL, NULL),
(232, 'C2909', 37, now(), now(), NULL, NULL),
(233, 'P1186', 37, now(), now(), NULL, NULL),
(234, 'C725', 37, now(), now(), NULL, NULL),
(235, 'C2738', 37, now(), now(), NULL, NULL),
(236, 'P1640', 37, now(), now(), NULL, NULL),
(237, 'C1479', 37, now(), now(), NULL, NULL),
(238, 'C2675', 37, now(), now(), NULL, NULL),
(239, 'Al Beed Terrace', 37, now(), now(), NULL, NULL),
(240, 'Al Bandar', 37, now(), now(), NULL, NULL),
(241, 'Al Dana', 37, now(), now(), NULL, NULL),
(242, 'Al Lissaily', 37, now(), now(), NULL, NULL),
(243, 'Al Razeen', 37, now(), now(), NULL, NULL),
(244, 'Al Rumaila', 37, now(), now(), NULL, NULL),
(245, 'Al Seef', 37, now(), now(), NULL, NULL),
(246, 'Al Shaleela', 37, now(), now(), NULL, NULL),
(247, 'Al Thurayya', 37, now(), now(), NULL, NULL),
(248, 'Al Zahiya', 37, now(), now(), NULL, NULL),
(249, 'Al Zeina', 37, now(), now(), NULL, NULL),
(250, 'Al Muneera', 37, now(), now(), NULL, NULL),
(251, 'Mira Residences', 37, now(), now(), NULL, NULL),
(252, 'Khor Al Raha', 37, now(), now(), NULL, NULL),
(253, 'Al Muneera Island', 37, now(), now(), NULL, NULL),
(254, 'Al Raha Lofts', 37, now(), now(), NULL, NULL),
(255, 'Al Raha Beach Hotel', 37, now(), now(), NULL, NULL),
(256, 'Jamam Residence', 37, now(), now(), NULL, NULL),
(257, 'Al Mariah Community', 38, now(), now(), NULL, NULL),
(258, 'Al Tharwaniyah Community', 38, now(), now(), NULL, NULL),
(259, 'Hemaim Community', 38, now(), now(), NULL, NULL),
(260, 'Lehweih Community', 38, now(), now(), NULL, NULL),
(261, 'Khannour Community', 38, now(), now(), NULL, NULL),
(262, 'Muzera Community', 38, now(), now(), NULL, NULL),
(263, 'Qattouf Community', 38, now(), now(), NULL, NULL),
(264, 'Samra Community', 38, now(), now(), NULL, NULL),
(265, 'Sidra Community', 38, now(), now(), NULL, NULL),
(266, 'Yasmin Community', 38, now(), now(), NULL, NULL),
(267, 'Al Ward', 38, now(), now(), NULL, NULL),
(268, 'Gardenia', 39, now(), now(), NULL, NULL),
(269, 'Narjis', 39, now(), now(), NULL, NULL),
(270, 'Orchid', 39, now(), now(), NULL, NULL),
(271, 'Lailak', 39, now(), now(), NULL, NULL),
(272, 'Jouri', 39, now(), now(), NULL, NULL),
(273, 'Khuzama', 39, now(), now(), NULL, NULL),
(274, 'Al Rahba', 40, now(), now(), NULL, NULL),
(275, 'Nahil Building', 41, now(), now(), NULL, NULL),
(276, 'Al Rayhan Villas', 42, now(), now(), NULL, NULL),
(277, 'Al Reef Downtown', 43, now(), now(), NULL, NULL),
(278, 'Al Reef Villas', 43, now(), now(), NULL, NULL),
(279, 'Al Noor Tower', 44, now(), now(), NULL, NULL),
(280, 'Canal Residence', 44, now(), now(), NULL, NULL),
(281, 'Julphar Residence', 44, now(), now(), NULL, NULL),
(282, 'Vista 3', 44, now(), now(), NULL, NULL),
(283, 'Manzel and Majlis', 44, now(), now(), NULL, NULL),
(284, 'Aman', 44, now(), now(), NULL, NULL),
(285, 'Amara', 44, now(), now(), NULL, NULL),
(286, 'Sunset Valley', 44, now(), now(), NULL, NULL),
(287, 'Reem Village', 44, now(), now(), NULL, NULL),
(288, 'Renad Tower', 44, now(), now(), NULL, NULL),
(289, 'City Of Lights', 44, now(), now(), NULL, NULL),
(290, 'Najmat Abu Dhabi', 44, now(), now(), NULL, NULL),
(291, 'Shams Abu Dhabi', 44, now(), now(), NULL, NULL),
(292, 'Marina Square', 44, now(), now(), NULL, NULL),
(293, 'Tamouh', 44, now(), now(), NULL, NULL),
(294, 'Al Odaid Beach Residences', 44, now(), now(), NULL, NULL),
(295, 'Dynasty Tower', 44, now(), now(), NULL, NULL),
(296, 'Falconcrest Tower', 44, now(), now(), NULL, NULL),
(297, 'Hydra Platinum Tower', 44, now(), now(), NULL, NULL),
(298, 'Hydra Heights', 44, now(), now(), NULL, NULL),
(299, 'Juman Tower', 44, now(), now(), NULL, NULL),
(300, 'Marina Rise Tower', 44, now(), now(), NULL, NULL),
(301, 'Onyx Tower', 44, now(), now(), NULL, NULL),
(302, 'First Gulf Bank Tower', 44, now(), now(), NULL, NULL),
(303, 'Sky Garden Residence', 44, now(), now(), NULL, NULL),
(304, 'Hydra Avenue Hotel Apartments', 44, now(), now(), NULL, NULL),
(305, 'Makers District', 44, now(), now(), NULL, NULL),
(306, 'Al Ruwais', 45, now(), now(), NULL, NULL),
(307, 'SS Building', 46, now(), now(), NULL, NULL),
(308, 'Al Baheya Building', 46, now(), now(), NULL, NULL),
(309, 'Corniche Plaza Building', 46, now(), now(), NULL, NULL),
(310, 'Fortress Compound', 46, now(), now(), NULL, NULL),
(311, 'Bloom Gardens', 46, now(), now(), NULL, NULL),
(312, 'Nowailey Building', 46, now(), now(), NULL, NULL),
(313, 'Al Seef Village', 46, now(), now(), NULL, NULL),
(314, 'Andalus Al Seef Resort and Spa', 46, now(), now(), NULL, NULL),
(315, 'Mansour Tower', 46, now(), now(), NULL, NULL),
(316, 'Al Gazelle Residence', 46, now(), now(), NULL, NULL),
(317, 'Khalifa Park Tower', 46, now(), now(), NULL, NULL),
(318, 'Al Ferdous Tower', 46, now(), now(), NULL, NULL),
(319, 'Salam HQ', 46, now(), now(), NULL, NULL),
(320, 'Huda Alansary Building', 46, now(), now(), NULL, NULL),
(321, 'Al Qurm Building', 46, now(), now(), NULL, NULL),
(322, 'KIZAD', 47, now(), now(), NULL, NULL),
(323, 'Manazel Al Reef 2', 47, now(), now(), NULL, NULL),
(324, 'New Shahama', 48, now(), now(), NULL, NULL),
(325, 'Al Shalila', 49, now(), now(), NULL, NULL),
(326, 'Alreeman', 50, now(), now(), NULL, NULL),
(327, 'SH- 23', 50, now(), now(), NULL, NULL),
(328, 'SH- 1', 50, now(), now(), NULL, NULL),
(329, 'SH- 2', 50, now(), now(), NULL, NULL),
(330, 'SH- 3', 50, now(), now(), NULL, NULL),
(331, 'SH- 6', 50, now(), now(), NULL, NULL),
(332, 'SH- 12', 50, now(), now(), NULL, NULL),
(333, 'SH- 16', 50, now(), now(), NULL, NULL),
(334, 'SH- 17', 50, now(), now(), NULL, NULL),
(335, 'SH- 19', 50, now(), now(), NULL, NULL),
(336, 'SH- 20', 50, now(), now(), NULL, NULL),
(337, 'SH- 21', 50, now(), now(), NULL, NULL),
(338, 'SH- 24', 50, now(), now(), NULL, NULL),
(339, 'SH- 26', 50, now(), now(), NULL, NULL),
(340, 'SH- 28', 50, now(), now(), NULL, NULL),
(341, 'Alreeman II', 50, now(), now(), NULL, NULL),
(342, 'Fay Alreeman', 50, now(), now(), NULL, NULL),
(343, 'Reeman Living', 50, now(), now(), NULL, NULL),
(344, 'Fay Al Reeman II', 50, now(), now(), NULL, NULL),
(345, 'Reeman Living II', 50, now(), now(), NULL, NULL),
(346, 'Fay Alreeman 2', 50, now(), now(), NULL, NULL),
(347, 'Al Shawamekh', 51, now(), now(), NULL, NULL),
(348, 'Al Sila''a', 52, now(), now(), NULL, NULL),
(349, 'Al Baya', 53, now(), now(), NULL, NULL),
(350, 'Marriott Executive Apartments Downtown Abu Dhabi', 53, now(), now(), NULL, NULL),
(351, 'Bloom Central', 53, now(), now(), NULL, NULL),
(352, 'Al Wahda Street', 54, now(), now(), NULL, NULL),
(353, 'Al Wahda City Towers', 54, now(), now(), NULL, NULL),
(354, 'Al Rawda Arjaan By Rotana', 54, now(), now(), NULL, NULL),
(355, 'Grand Millennium Al Wahda Hotel', 54, now(), now(), NULL, NULL),
(356, 'Al Dana Tower', 54, now(), now(), NULL, NULL),
(357, 'Building C59 ICT', 54, now(), now(), NULL, NULL),
(358, 'Al Wathba Tower', 55, now(), now(), NULL, NULL),
(359, 'Zaab 2', 56, now(), now(), NULL, NULL),
(360, 'Al Shaya Tower', 57, now(), now(), NULL, NULL),
(361, 'Ivory Hotel Apartment', 57, now(), now(), NULL, NULL),
(362, 'Nadi Siyahi Building', 57, now(), now(), NULL, NULL),
(363, 'Dar Al Salam Building', 57, now(), now(), NULL, NULL),
(364, 'Al Zahraa', 58, now(), now(), NULL, NULL),
(365, 'Baniyas East', 59, now(), now(), NULL, NULL),
(366, 'Baniyas West', 59, now(), now(), NULL, NULL),
(367, 'Baniyas North', 59, now(), now(), NULL, NULL),
(368, 'Urban Oasis Compound', 60, now(), now(), NULL, NULL),
(369, 'Fairmont Villas', 60, now(), now(), NULL, NULL),
(370, 'Binal Jesrain', 60, now(), now(), NULL, NULL),
(371, 'Bu Krayyah', 61, now(), now(), NULL, NULL),
(372, 'Commercial District', 62, now(), now(), NULL, NULL),
(373, 'Residential District', 62, now(), now(), NULL, NULL),
(374, 'BMC 7', 62, now(), now(), NULL, NULL),
(375, 'BMC 16', 62, now(), now(), NULL, NULL),
(376, 'International Tower', 63, now(), now(), NULL, NULL),
(377, 'Capital Views', 63, now(), now(), NULL, NULL),
(378, 'Capital Gate', 63, now(), now(), NULL, NULL),
(379, 'Al Badie Tower', 63, now(), now(), NULL, NULL),
(380, 'AD One Tower', 63, now(), now(), NULL, NULL),
(381, 'CBD (Central Business District)', 64, now(), now(), NULL, NULL),
(382, 'Al Falah Street', 64, now(), now(), NULL, NULL),
(383, 'Defense Road', 64, now(), now(), NULL, NULL),
(384, 'Bay Tower', 65, now(), now(), NULL, NULL);
INSERT INTO "sub_communities" ("id", "sub_community", "communities_id", "created_at", "updated_at", "lat", "lng") VALUES
(385, 'Grand Hyatt Abu Dhabi Hotel & Residences Emirates Pearl', 65, now(), now(), NULL, NULL),
(386, 'Corniche View Tower', 65, now(), now(), NULL, NULL),
(387, 'Bab Al Qasr Hotel', 65, now(), now(), NULL, NULL),
(388, 'Saraya One', 65, now(), now(), NULL, NULL),
(389, 'AL Diar Towers', 65, now(), now(), NULL, NULL),
(390, 'Nation Towers', 65, now(), now(), NULL, NULL),
(391, 'Al Sahel Towers', 65, now(), now(), NULL, NULL),
(392, 'Etihad Towers', 65, now(), now(), NULL, NULL),
(393, 'Alia Tower', 65, now(), now(), NULL, NULL),
(394, 'Bel Ghailam Tower', 65, now(), now(), NULL, NULL),
(395, 'Saraya', 65, now(), now(), NULL, NULL),
(396, 'Burj Mohammed Bin Rashid at WTC', 65, now(), now(), NULL, NULL),
(397, 'Meera MAAM Residence', 65, now(), now(), NULL, NULL),
(398, 'Royal Marina Villas', 65, now(), now(), NULL, NULL),
(399, 'Corniche Residence', 65, now(), now(), NULL, NULL);
INSERT INTO "sub_communities" ("id", "sub_community", "communities_id", "created_at", "updated_at", "lat", "lng") VALUES
(400, 'Al Souq Tower', 65, now(), now(), NULL, NULL),
(401, 'Golden Beach Tower', 65, now(), now(), NULL, NULL),
(402, '3 Sails Tower', 65, now(), now(), NULL, NULL),
(403, 'Corniche Tower', 65, now(), now(), NULL, NULL),
(404, 'Oryx Tower', 65, now(), now(), NULL, NULL),
(405, 'Falcon Tower', 65, now(), now(), NULL, NULL),
(406, 'Baynuna Tower 1', 65, now(), now(), NULL, NULL),
(407, 'Baynuna Tower 2', 65, now(), now(), NULL, NULL),
(408, 'Silver Tower', 65, now(), now(), NULL, NULL),
(409, 'Landmark Tower', 65, now(), now(), NULL, NULL),
(410, 'Al Reem Tower', 65, now(), now(), NULL, NULL),
(411, 'Lake View Tower', 65, now(), now(), NULL, NULL),
(412, 'Sheikh Ahmed Bin Mubarak Building', 65, now(), now(), NULL, NULL),
(413, 'Al Falah Tower', 65, now(), now(), NULL, NULL),
(414, 'Corniche Plaza', 65, now(), now(), NULL, NULL),
(415, 'Wave tower', 65, now(), now(), NULL, NULL),
(416, 'Capital Plaza', 65, now(), now(), NULL, NULL),
(417, 'Clock Tower', 65, now(), now(), NULL, NULL),
(418, 'Al Jazeera Tower', 65, now(), now(), NULL, NULL),
(419, 'Al Ain Palace Villas', 65, now(), now(), NULL, NULL),
(420, 'Al Reef Tower', 65, now(), now(), NULL, NULL),
(421, 'Al Nahda Tower', 65, now(), now(), NULL, NULL),
(422, 'Al Jowhara Tower', 65, now(), now(), NULL, NULL),
(423, 'Dalma Island', 66, now(), now(), NULL, NULL),
(424, 'Dana Island', 67, now(), now(), NULL, NULL),
(425, 'Blumont Capital Hotel', 68, now(), now(), NULL, NULL),
(426, 'Al Rayan Tower', 68, now(), now(), NULL, NULL),
(427, 'Guardian Towers', 68, now(), now(), NULL, NULL),
(428, 'Sorouh Tower', 68, now(), now(), NULL, NULL),
(429, 'Burj Al Yaqout', 68, now(), now(), NULL, NULL),
(430, 'Burj Al Jewn', 68, now(), now(), NULL, NULL),
(431, 'Al Nasr Tower', 68, now(), now(), NULL, NULL),
(432, 'Al Murjan Tower', 68, now(), now(), NULL, NULL),
(433, 'Darwish Tower', 68, now(), now(), NULL, NULL),
(434, 'Al Falahi Tower', 68, now(), now(), NULL, NULL),
(435, 'Al Dana Tower', 68, now(), now(), NULL, NULL),
(436, 'Asma Majid Al Futtaim Building', 69, now(), now(), NULL, NULL),
(437, 'Rafiqa Al Qubaisi Building', 69, now(), now(), NULL, NULL),
(438, 'Desert Village', 70, now(), now(), NULL, NULL),
(439, 'East Corniche road', 71, now(), now(), NULL, NULL),
(440, 'Khalifa Park', 71, now(), now(), NULL, NULL),
(441, 'Al Reehan', 71, now(), now(), NULL, NULL),
(442, 'Eastern Mangroves Complex', 71, now(), now(), NULL, NULL),
(443, 'Al Muzoon District', 71, now(), now(), NULL, NULL),
(444, 'Eastern Mangroves Promenade', 71, now(), now(), NULL, NULL),
(445, 'Pearl Tower', 72, now(), now(), NULL, NULL),
(446, 'Electra Tower', 72, now(), now(), NULL, NULL),
(447, 'Global Tower', 72, now(), now(), NULL, NULL),
(448, 'Sama Tower', 72, now(), now(), NULL, NULL),
(449, 'Arzana Tower', 72, now(), now(), NULL, NULL),
(450, 'Saadiyat Tower', 72, now(), now(), NULL, NULL),
(451, 'Tessco Building', 72, now(), now(), NULL, NULL),
(452, 'Al Reem Plaza', 72, now(), now(), NULL, NULL),
(453, 'Business Towers', 72, now(), now(), NULL, NULL),
(454, 'Al Jurf', 73, now(), now(), NULL, NULL),
(455, 'Ohana By The Sea', 73, now(), now(), NULL, NULL),
(456, 'Desert Village', 74, now(), now(), NULL, NULL),
(457, 'Rihan Heights', 74, now(), now(), NULL, NULL),
(458, 'Muraijeb Tower', 75, now(), now(), NULL, NULL),
(459, 'Al Ain Tower', 75, now(), now(), NULL, NULL),
(460, 'Downtown Plaza Hotel Apartments', 75, now(), now(), NULL, NULL),
(461, 'Liwa Centre Towers', 75, now(), now(), NULL, NULL),
(462, 'Al Ghaith Tower', 75, now(), now(), NULL, NULL),
(463, 'Golden Falcon Tower', 75, now(), now(), NULL, NULL),
(464, 'Vision Downtown', 75, now(), now(), NULL, NULL),
(465, 'Emirates Tower', 75, now(), now(), NULL, NULL),
(466, 'Royal Tower  ', 75, now(), now(), NULL, NULL),
(467, 'Dalma Residence', 75, now(), now(), NULL, NULL),
(468, 'Ben Karm Tower', 75, now(), now(), NULL, NULL),
(469, 'Al Saman Tower', 75, now(), now(), NULL, NULL),
(470, 'City Center Building', 75, now(), now(), NULL, NULL),
(471, 'Al Masood Tower', 75, now(), now(), NULL, NULL),
(472, 'Business Center Tower', 75, now(), now(), NULL, NULL),
(473, 'Crescent Tower', 75, now(), now(), NULL, NULL),
(474, 'Crystal Tower', 75, now(), now(), NULL, NULL),
(475, 'Al Shafi Tower', 75, now(), now(), NULL, NULL),
(476, 'Al Jazeera Towers', 75, now(), now(), NULL, NULL),
(477, 'Al Darmaki Building 1162', 75, now(), now(), NULL, NULL),
(478, 'Hameem Residential City', 76, now(), now(), NULL, NULL),
(479, '', 77, now(), now(), NULL, NULL),
(480, 'Zone 1', 78, now(), now(), NULL, NULL),
(481, 'Zone 2', 78, now(), now(), NULL, NULL),
(482, 'Zone 3', 78, now(), now(), NULL, NULL),
(483, 'Zone 4', 78, now(), now(), NULL, NULL),
(484, 'Zone 5', 78, now(), now(), NULL, NULL),
(485, 'Zone 6', 78, now(), now(), NULL, NULL),
(486, 'Zone 7', 78, now(), now(), NULL, NULL),
(487, 'Zone 8', 78, now(), now(), NULL, NULL),
(488, 'Zone 9', 78, now(), now(), NULL, NULL),
(489, 'Hydra Pavilion Tower', 78, now(), now(), NULL, NULL),
(490, 'Hydra Premier Tower', 78, now(), now(), NULL, NULL),
(491, 'Al Mazroui Tower', 79, now(), now(), NULL, NULL),
(492, 'Morjan Tower', 79, now(), now(), NULL, NULL),
(493, 'Liwa Tower', 79, now(), now(), NULL, NULL),
(494, 'Muna Bulooki 4 Villas', 80, now(), now(), NULL, NULL),
(495, 'RDK GP50 Villas', 80, now(), now(), NULL, NULL),
(496, 'SE45', 80, now(), now(), NULL, NULL),
(497, 'SE39', 80, now(), now(), NULL, NULL),
(498, 'Khalifa City A', 80, now(), now(), NULL, NULL),
(499, 'Khalifa City B', 80, now(), now(), NULL, NULL),
(500, 'Zayed City (Khalifa City C)', 80, now(), now(), NULL, NULL),
(501, 'Golf Gardens', 80, now(), now(), NULL, NULL),
(502, 'Complex 14', 80, now(), now(), NULL, NULL),
(503, 'Complex 16', 80, now(), now(), NULL, NULL),
(504, 'Complex 17', 80, now(), now(), NULL, NULL),
(505, 'Complex 3', 80, now(), now(), NULL, NULL),
(506, 'Complex 8', 80, now(), now(), NULL, NULL),
(507, 'Al Rayyana', 80, now(), now(), NULL, NULL),
(508, 'Villa Compound', 80, now(), now(), NULL, NULL),
(509, '18 Villas Complex', 80, now(), now(), NULL, NULL),
(510, '34 Villas Project', 80, now(), now(), NULL, NULL),
(511, 'Liwa Oasis compound', 80, now(), now(), NULL, NULL),
(512, 'Al Forsan Village', 80, now(), now(), NULL, NULL),
(513, 'Al Merief', 80, now(), now(), NULL, NULL),
(514, 'SG Bulding', 81, now(), now(), NULL, NULL),
(515, 'The Eclipse Boutique Suites', 81, now(), now(), NULL, NULL),
(516, 'Lulu Towers', 81, now(), now(), NULL, NULL),
(517, 'Garden View Tower', 81, now(), now(), NULL, NULL),
(518, 'Al Khaili Tower', 81, now(), now(), NULL, NULL),
(519, 'The Blue Tower', 81, now(), now(), NULL, NULL),
(520, 'Lafzaeyya Tower', 81, now(), now(), NULL, NULL),
(521, 'UBL Tower', 81, now(), now(), NULL, NULL),
(522, 'Emerald Tower', 81, now(), now(), NULL, NULL),
(523, 'Galaxy tower', 81, now(), now(), NULL, NULL),
(524, 'Pearl Time Residence', 81, now(), now(), NULL, NULL),
(525, 'Al Neem Tower', 81, now(), now(), NULL, NULL),
(526, 'Tawam Tower', 81, now(), now(), NULL, NULL),
(527, 'Liwa', 82, now(), now(), NULL, NULL),
(528, 'Lulu Island', 83, now(), now(), NULL, NULL),
(529, 'Al Mansoori Building', 84, now(), now(), NULL, NULL),
(530, 'ADIB Building', 84, now(), now(), NULL, NULL),
(531, 'Marabe Al Dhafra', 84, now(), now(), NULL, NULL),
(532, 'Hamel al Ghaith Waqf Building', 84, now(), now(), NULL, NULL),
(533, 'City Mall', 84, now(), now(), NULL, NULL),
(534, 'Bainouna', 84, now(), now(), NULL, NULL),
(535, 'Madinat Zayed', 85, now(), now(), NULL, NULL),
(536, 'Mafraq Industrial Area', 86, now(), now(), NULL, NULL),
(537, 'Royal Marina Villas', 87, now(), now(), NULL, NULL),
(538, 'Al Mahra Residence', 88, now(), now(), NULL, NULL),
(539, 'The Gate', 88, now(), now(), NULL, NULL),
(540, 'Plaza', 88, now(), now(), NULL, NULL),
(541, 'Siemens Building', 88, now(), now(), NULL, NULL),
(542, 'Oasis Residences', 88, now(), now(), NULL, NULL),
(543, 'Leonardo Residences', 88, now(), now(), NULL, NULL),
(544, 'Mina Zayed', 89, now(), now(), NULL, NULL),
(545, 'Mohamed Bin Zayed City Villas', 90, now(), now(), NULL, NULL),
(546, 'Prestige Towers', 90, now(), now(), NULL, NULL),
(547, 'Desert Towers', 90, now(), now(), NULL, NULL),
(548, 'Mohamed Bin Zayed Centre', 90, now(), now(), NULL, NULL),
(549, 'Sahara Complex', 90, now(), now(), NULL, NULL),
(550, 'Mayzad Village', 90, now(), now(), NULL, NULL),
(551, 'Al Maqtaa Villas', 90, now(), now(), NULL, NULL),
(552, 'SHB Building', 90, now(), now(), NULL, NULL),
(553, 'C233 Building', 90, now(), now(), NULL, NULL),
(554, 'C120 Building', 90, now(), now(), NULL, NULL),
(555, 'C250 Building', 90, now(), now(), NULL, NULL),
(556, 'C205 Building', 90, now(), now(), NULL, NULL),
(557, 'Mohammed Villas 24', 90, now(), now(), NULL, NULL),
(558, 'Mohammed Villas 6', 90, now(), now(), NULL, NULL),
(559, 'Saeed Lebaj Mariam Building', 90, now(), now(), NULL, NULL),
(560, 'Mazyad Mall', 90, now(), now(), NULL, NULL),
(561, 'Amena 15 Building', 91, now(), now(), NULL, NULL),
(562, 'Madinat Zayed Tower', 91, now(), now(), NULL, NULL),
(563, 'AD1 Building', 91, now(), now(), NULL, NULL),
(564, 'Hadbat Al Zafranah', 91, now(), now(), NULL, NULL),
(565, 'Al Bateen Airport', 91, now(), now(), NULL, NULL),
(566, 'Habib Bank Tower', 91, now(), now(), NULL, NULL),
(567, 'Twin Tower', 91, now(), now(), NULL, NULL),
(568, 'Mafco Building', 91, now(), now(), NULL, NULL),
(569, 'Al Nedal Tower', 91, now(), now(), NULL, NULL),
(570, 'Chain Tower', 91, now(), now(), NULL, NULL),
(571, 'Goldan Tower', 91, now(), now(), NULL, NULL),
(572, 'Barclays Tower A', 91, now(), now(), NULL, NULL),
(573, 'Abu Dhabi Unversity Tower  ', 91, now(), now(), NULL, NULL),
(574, 'Guardian Tower ', 91, now(), now(), NULL, NULL),
(575, 'Al Jazeera Sports and Cultural Club', 91, now(), now(), NULL, NULL),
(576, 'Reem Investments HQ', 91, now(), now(), NULL, NULL),
(577, 'Al Jazira Arena', 91, now(), now(), NULL, NULL),
(578, 'Al Muroor Tower', 91, now(), now(), NULL, NULL),
(579, 'Al Mamoura', 91, now(), now(), NULL, NULL),
(580, 'Dusit Thani', 91, now(), now(), NULL, NULL),
(581, 'Al Diar Palm Hotel Apartments', 91, now(), now(), NULL, NULL),
(582, 'Emirates Compound', 91, now(), now(), NULL, NULL),
(583, 'Vision Links Hotel Apartment', 91, now(), now(), NULL, NULL),
(584, 'Sultan Bin Zayed the First Street', 91, now(), now(), NULL, NULL),
(585, 'Faisal Al Qassimi Building', 91, now(), now(), NULL, NULL),
(586, 'Fuala Building', 91, now(), now(), NULL, NULL),
(587, 'Khamis Butti Ghanem Saeed Al Rumaithy Building', 91, now(), now(), NULL, NULL),
(588, 'Hadef Jawaan Al Dhahiry Building', 91, now(), now(), NULL, NULL),
(589, 'Al Minhali Tower', 91, now(), now(), NULL, NULL),
(590, 'Al Maqtaa Residence Building', 91, now(), now(), NULL, NULL),
(591, 'Al Dhafra Building', 91, now(), now(), NULL, NULL),
(592, 'Fawwas Building', 91, now(), now(), NULL, NULL),
(593, 'Naser Al Junaibi Building', 91, now(), now(), NULL, NULL),
(594, 'Balfar Property Building', 91, now(), now(), NULL, NULL),
(595, 'C60', 91, now(), now(), NULL, NULL),
(596, 'C45', 91, now(), now(), NULL, NULL),
(597, 'C47', 91, now(), now(), NULL, NULL),
(598, 'Al Saada Tower', 91, now(), now(), NULL, NULL),
(599, 'C57', 91, now(), now(), NULL, NULL),
(600, 'Danat Towers', 91, now(), now(), NULL, NULL),
(601, 'Mussafah Industrial Area', 92, now(), now(), NULL, NULL),
(602, 'Shabia', 92, now(), now(), NULL, NULL),
(603, 'Abu Dhabi Business Hub', 92, now(), now(), NULL, NULL),
(604, 'Wintech International', 92, now(), now(), NULL, NULL),
(605, 'ICAD - Industrial City Of Abu Dhabi', 92, now(), now(), NULL, NULL),
(606, 'Prestige Tower', 92, now(), now(), NULL, NULL),
(607, 'Al Maqtaa Commercial Complex', 92, now(), now(), NULL, NULL),
(608, 'Mussafah Gardens', 92, now(), now(), NULL, NULL),
(609, 'Nareel Island', 93, now(), now(), NULL, NULL),
(610, 'Beachfront Residence', 94, now(), now(), NULL, NULL),
(611, 'Nurai Resort', 94, now(), now(), NULL, NULL),
(612, 'Water Villas', 94, now(), now(), NULL, NULL),
(613, 'Beachfront Residences', 94, now(), now(), NULL, NULL),
(614, 'Sunset Villas', 94, now(), now(), NULL, NULL),
(615, 'Rabdan', 95, now(), now(), NULL, NULL),
(616, 'Ramhan Island Villas', 96, now(), now(), NULL, NULL),
(617, 'RDK Residential Complex', 97, now(), now(), NULL, NULL),
(618, 'Al Rawdha Residence C98', 97, now(), now(), NULL, NULL),
(619, 'Al Neem Residence', 97, now(), now(), NULL, NULL),
(620, 'Sheikh Rashid Bin Saeed Street', 97, now(), now(), NULL, NULL),
(621, 'Rimah', 98, now(), now(), NULL, NULL),
(622, 'Saadiyat Reserve', 99, now(), now(), NULL, NULL),
(623, 'Saadiyat Noon', 99, now(), now(), NULL, NULL),
(624, 'The Pearl Residences at Saadiyat', 99, now(), now(), NULL, NULL),
(625, 'Gulf Paradise', 99, now(), now(), NULL, NULL),
(626, 'Global Gate', 99, now(), now(), NULL, NULL),
(627, 'Nasayem', 99, now(), now(), NULL, NULL),
(628, 'Qaryat Al Hidd', 99, now(), now(), NULL, NULL),
(629, 'Grove Museum Views', 99, now(), now(), NULL, NULL),
(630, 'Grove Uptown Views', 99, now(), now(), NULL, NULL),
(631, 'Grove Fountain Views', 99, now(), now(), NULL, NULL),
(632, 'Grove Beach Views', 99, now(), now(), NULL, NULL),
(633, 'Grove Gallery Views', 99, now(), now(), NULL, NULL),
(634, 'Bloom Arjaan', 99, now(), now(), NULL, NULL),
(635, 'Murjan Al Saadiyat', 99, now(), now(), NULL, NULL),
(636, 'Al Saadiyat Avenue', 99, now(), now(), NULL, NULL),
(637, 'Marina Al Saadiyat', 99, now(), now(), NULL, NULL),
(638, 'Saadiyat Beach', 99, now(), now(), NULL, NULL),
(639, 'Saadiyat Lagoons', 99, now(), now(), NULL, NULL),
(640, 'Saadiyat Resort', 99, now(), now(), NULL, NULL),
(641, 'Saadiyat Promenade', 99, now(), now(), NULL, NULL),
(642, 'Saadiyat Cultural District', 99, now(), now(), NULL, NULL),
(643, 'Park View', 99, now(), now(), NULL, NULL),
(644, 'HIDD Al Saadiyat', 99, now(), now(), NULL, NULL),
(645, 'Soho Square', 99, now(), now(), NULL, NULL),
(646, 'Jawaher Saadiyat', 99, now(), now(), NULL, NULL),
(647, 'Sas Al Nakheel Village', 100, now(), now(), NULL, NULL),
(648, 'Abu Dhabi Golf Club', 100, now(), now(), NULL, NULL),
(649, 'Sorouh Compound', 100, now(), now(), NULL, NULL),
(650, 'Shakhbout City', 101, now(), now(), NULL, NULL),
(651, 'Fairmont Marina Residences', 102, now(), now(), NULL, NULL),
(652, 'Marina Sunset Bay', 102, now(), now(), NULL, NULL),
(653, 'Vision Hotel Apartments', 103, now(), now(), NULL, NULL),
(654, 'Shamma tower', 103, now(), now(), NULL, NULL),
(655, 'Farha Tower', 103, now(), now(), NULL, NULL),
(656, 'The Extension', 103, now(), now(), NULL, NULL),
(657, 'Waterfront Residential Towers', 103, now(), now(), NULL, NULL),
(658, 'Mina Road', 103, now(), now(), NULL, NULL),
(659, 'Sahara Hotel Apartment 4', 103, now(), now(), NULL, NULL),
(660, 'Al Firdous Street', 103, now(), now(), NULL, NULL),
(661, 'Beach Rotana', 103, now(), now(), NULL, NULL),
(662, 'Bay View', 103, now(), now(), NULL, NULL),
(663, 'Falahi Tower', 103, now(), now(), NULL, NULL),
(664, 'Al Aryam Tower', 103, now(), now(), NULL, NULL),
(665, 'Al Ryami Tower', 103, now(), now(), NULL, NULL),
(666, 'Al Salam Tower', 103, now(), now(), NULL, NULL),
(667, 'Makeen Tower', 103, now(), now(), NULL, NULL),
(668, 'Noura Al Futtaim Building', 103, now(), now(), NULL, NULL),
(669, 'Sheikh Omar Bin Zayed Tower', 103, now(), now(), NULL, NULL),
(670, 'Zig Zag Building', 103, now(), now(), NULL, NULL),
(671, 'Abu Dhabi Trade Towers', 103, now(), now(), NULL, NULL),
(672, 'Al Ramhan Tower', 103, now(), now(), NULL, NULL),
(673, 'Sedar Building', 103, now(), now(), NULL, NULL),
(674, 'Shiekh Suroor Building', 103, now(), now(), NULL, NULL),
(675, 'Maha Center', 103, now(), now(), NULL, NULL),
(676, 'Khalifa Residential Complex A', 103, now(), now(), NULL, NULL),
(677, 'Khalifa Residential Complex B', 103, now(), now(), NULL, NULL),
(678, 'Al Fargo Building', 103, now(), now(), NULL, NULL),
(679, 'Alqubaisi Building', 103, now(), now(), NULL, NULL),
(680, 'Al Kali Building', 103, now(), now(), NULL, NULL),
(681, 'Bahkeet Tower', 103, now(), now(), NULL, NULL),
(682, 'SHKA 705 Building', 103, now(), now(), NULL, NULL),
(683, 'Umm Al Nar', 104, now(), now(), NULL, NULL),
(684, 'Yas Bay', 105, now(), now(), NULL, NULL),
(685, 'Noya', 105, now(), now(), NULL, NULL),
(686, 'Diva', 105, now(), now(), NULL, NULL),
(687, 'Yas village', 105, now(), now(), NULL, NULL),
(688, 'Yas Mall', 105, now(), now(), NULL, NULL),
(689, 'YAS RA', 105, now(), now(), NULL, NULL),
(690, 'DoubleTree by Hilton Abu Dhabi', 105, now(), now(), NULL, NULL),
(691, 'Yas Golf Collection', 105, now(), now(), NULL, NULL),
(692, 'Yas Park Gate', 105, now(), now(), NULL, NULL),
(693, 'Yas Park Views', 105, now(), now(), NULL, NULL),
(694, 'The Bay Residence By Baraka', 105, now(), now(), NULL, NULL),
(695, 'The Sustainable City - Yas Island', 105, now(), now(), NULL, NULL),
(696, 'Alkaser', 105, now(), now(), NULL, NULL),
(697, 'Gardenia Bay', 105, now(), now(), NULL, NULL),
(698, 'West Yas', 105, now(), now(), NULL, NULL),
(699, 'Mayan', 105, now(), now(), NULL, NULL),
(700, 'staybridge suites', 105, now(), now(), NULL, NULL),
(701, 'Ansam', 105, now(), now(), NULL, NULL),
(702, 'Yas Marina', 105, now(), now(), NULL, NULL),
(703, 'Yas Acres', 105, now(), now(), NULL, NULL),
(704, 'Waters Edge', 105, now(), now(), NULL, NULL),
(705, 'Zayed Military City Towers', 106, now(), now(), NULL, NULL),
(706, 'Al Darmaki 1928 Building', 107, now(), now(), NULL, NULL),
(707, 'City of Lights', 44, now(), now(), NULL, NULL),
(708, 'Al Reem Island', 44, now(), now(), NULL, NULL),
(709, 'Rawdhat Abu Dhabi', 97, now(), now(), NULL, NULL),
(710, 'Danet Abu Dhabi', 68, now(), now(), NULL, NULL),
(711, 'Al Samha', 47, now(), now(), NULL, NULL),
(712, 'Al Nahyan', 34, now(), now(), NULL, NULL),
(713, 'Airport Road', 2, now(), now(), NULL, NULL),
(714, 'Mussafah Community', 90, now(), now(), NULL, NULL),
(715, 'Hamdan Street', 75, now(), now(), NULL, NULL),
(716, 'Tourist Club Area', 103, now(), now(), NULL, NULL),
(717, 'Najda Street', 35, now(), now(), NULL, NULL),
(718, 'Al Reef Downtown ', 43, now(), now(), NULL, NULL),
(719, 'Sea Shore Villas', 1, now(), now(), NULL, NULL),
(720, 'Al Shamkha', 50, now(), now(), NULL, NULL),
(721, 'Al Mushrif', 31, now(), now(), NULL, NULL),
(722, 'Zone ', 78, now(), now(), NULL, NULL),
(723, 'Electra Street', 72, now(), now(), NULL, NULL),
(724, ' Sails Tower', 65, now(), now(), NULL, NULL),
(725, ' Al Jimi Avenue ', 20, now(), now(), NULL, NULL),
(726, 'Mussafah', 92, now(), now(), NULL, NULL),
(727, 'Yas Island', 105, now(), now(), NULL, NULL),
(728, 'Al Ghadeer ', 13, now(), now(), NULL, NULL),
(729, 'Al Shahama', 48, now(), now(), NULL, NULL),
(730, 'Khalifa City C', 80, now(), now(), NULL, NULL),
(731, 'Corniche Road', 65, now(), now(), NULL, NULL),
(732, 'Al Manaseer', 23, now(), now(), NULL, NULL),
(733, 'Al MIna', 29, now(), now(), NULL, NULL),
(734, 'Baynuna Tower ', 65, now(), now(), NULL, NULL),
(735, 'Sheikh Khalifa Bin Zayed Street', 108, now(), now(), NULL, NULL),
(736, 'Al Manhal', 24, now(), now(), NULL, NULL),
(737, 'Al Zaab', 56, now(), now(), NULL, NULL),
(738, 'Madinat Al Riyad', 84, now(), now(), NULL, NULL),
(739, 'Aryam Tower', 20, now(), now(), NULL, NULL),
(740, 'C  Muroor', 91, now(), now(), NULL, NULL),
(741, 'Al Zahiyah', 57, now(), now(), NULL, NULL),
(742, 'Al Saqr Tower', 110, now(), now(), NULL, NULL),
(743, 'Al Maryah Island', 28, now(), now(), NULL, NULL),
(745, 'Sas Al Nakhl Village', 111, now(), now(), NULL, NULL),
(746, 'Al Raha Beach', 37, now(), now(), NULL, NULL),
(747, 'C Corniche Building', 65,now(),now(), NULL, NULL),
(748, 'CapitalViews', 63, now(), now(), NULL, NULL),
(749, 'C', 37, now(), now(), NULL, NULL),
(750, 'Hidd Al Saadiyat', 99, now(), now(), NULL, NULL),
(751, 'Al Maryah Vista ', 44, now(), now(), NULL, NULL),
(752, 'Khalifa City ', 80, now(), now(), NULL, NULL),
(753, 'Mohammed Bin Zayed City ', 90, now(), now(), NULL, NULL),
(754, 'Al Danah', 9, now(), now(), NULL, NULL),
(755, 'Al Nahil', 97, now(), now(), NULL, NULL),
(756, 'Plaza by Reportage', 88, now(), now(), NULL, NULL),
(757, 'Al Karama', 112, now(), now(), NULL, NULL),
(758, 'Renad', 44, now(), now(), NULL, NULL),
(759, 'Jamam Residences', 37, now(), now(), NULL, NULL),
(760, 'Khalidiyah Twin Towers', 20, now(), now(), NULL, NULL),
(763, 'Royal Park', 88, now(), now(), NULL, NULL),
(764, 'Saadiyat Island', 99, now(), now(), NULL, NULL),
(2, 'Mangrove Village', 1, now(), now(), NULL, NULL);

SELECT setval('sub_communities_id_seq', 764, true); -- Adjust the sequence


INSERT INTO "properties_map_location" ("id", "property", "sub_communities_id", "lat", "lng", "created_at", "updated_at") VALUES
(4, 'Al Bateen Park', 37, 0, 0, now(), NULL);
INSERT INTO "properties_map_location" ("id", "property", "sub_communities_id", "lat", "lng", "created_at", "updated_at") VALUES
(5, 'Al Gurm Centre', 37, 0, 0, now(), NULL);
INSERT INTO "properties_map_location" ("id", "property", "sub_communities_id", "lat", "lng", "created_at", "updated_at") VALUES
(6, 'Capital Tower', 37, 0, 0, now(), NULL);
INSERT INTO "properties_map_location" ("id", "property", "sub_communities_id", "lat", "lng", "created_at", "updated_at") VALUES
(7, 'NBAD Tower', 37, 0, 0, now(), NULL),
(8, 'Abu Dhabi National Exhibition Centre', 37, 0, 0, now(), NULL),
(9, 'Khalifa Bin Shakhbout Street', 37, 0, 0, now(), NULL),
(10, 'Liwa Tower', 37, 0, 0, now(), NULL),
(11, 'Al Ettihad Tower 1', 38, 0, 0, now(), NULL),
(12, 'Al Ettihad Tower 2', 38, 0, 0, now(), NULL),
(13, 'Al Ettihad Tower 5', 38, 0, 0, now(), NULL),
(14, 'Al Ettihad Tower 4', 38, 0, 0, now(), NULL),
(15, 'Al Ettihad Tower 3', 38, 0, 0, now(), NULL),
(16, 'C1 Tower', 43, 0, 0, now(), NULL),
(17, 'C2 Tower', 43, 0, 0, now(), NULL),
(18, 'C3 Tower', 43, 0, 0, now(), NULL),
(19, 'C4 Tower', 43, 0, 0, now(), NULL),
(20, 'C5 Tower', 43, 0, 0, now(), NULL),
(21, 'C6 Tower', 43, 0, 0, now(), NULL),
(22, 'Blue Tower A', 55, 0, 0, now(), NULL),
(23, 'Blue Tower B', 55, 0, 0, now(), NULL),
(24, 'Liwa Village Villas', 64, 0, 0, now(), NULL),
(25, 'Liwa Village', 78, 0, 0, now(), NULL),
(26, 'X Panasonic Showroom', 84, 0, 0, now(), NULL),
(27, 'Raha Building', 84, 0, 0, now(), NULL),
(28, 'Al Obaidy Tower', 84, 0, 0, now(), NULL),
(30, 'Khalidiya Tower B', 85, 0, 0, now(), NULL),
(31, 'Crescent Tower 1', 86, 0, 0, now(), NULL),
(33, 'Al Safa Tower', 87, 0, 0, now(), NULL),
(35, 'Sheikha Salama Tower', 87, 0, 0, now(), NULL),
(36, 'Khalidiya Tower', 87, 0, 0, now(), NULL),
(37, 'Al Ain Tower', 87, 0, 0, now(), NULL),
(38, '17 Villas Project', 87, 0, 0, now(), NULL),
(39, '21 Villas Project', 87, 0, 0, now(), NULL),
(41, 'Mermaid Building', 87, 0, 0, now(), NULL),
(42, '12 Villas Project', 87, 0, 0, now(), NULL),
(43, 'Al Remah Tower', 88, 0, 0, now(), NULL),
(44, 'Ghalia Tower', 88, 0, 0, now(), NULL),
(45, 'Hili Tower', 88, 0, 0, now(), NULL),
(46, 'C14', 88, 0, 0, now(), NULL),
(47, 'C19', 88, 0, 0, now(), NULL),
(48, 'C20', 88, 0, 0, now(), NULL),
(49, 'C22', 88, 0, 0, now(), NULL),
(50, 'Al Jaber Building', 88, 0, 0, now(), NULL),
(51, 'Sheikh Abdulla Building', 88, 0, 0, now(), NULL),
(52, 'Souror Building', 88, 0, 0, now(), NULL),
(53, 'Al Nasr Building', 88, 0, 0, now(), NULL),
(54, 'Amena 5 Building', 88, 0, 0, now(), NULL),
(55, 'Salama Residence', 90, 0, 0, now(), NULL),
(56, 'Khalidiya Centre', 90, 0, 0, now(), NULL),
(57, 'CI Tower', 90, 0, 0, now(), NULL),
(58, 'Al Heel Tower', 109, 0, 0, now(), NULL),
(59, 'Rawdha Center', 109, 0, 0, now(), NULL),
(60, 'Burj Alkhair', 110, 0, 0, now(), NULL),
(61, 'Areej Tower', 110, 0, 0, now(), NULL),
(62, 'Waqf Sheikh Zayed Residential Building', 110, 0, 0, now(), NULL),
(63, 'Sheikh Saif Tower', 110, 0, 0, now(), NULL),
(64, 'Bin Fardan Building', 110, 0, 0, now(), NULL),
(65, 'Dana Plaza', 110, 0, 0, now(), NULL),
(66, 'ZADCO Complex Building A', 118, 0, 0, now(), NULL),
(67, 'ZADCO Complex Building B', 118, 0, 0, now(), NULL),
(68, 'ZADCO Complex Building C', 118, 0, 0, now(), NULL),
(69, 'ZADCO Complex Building D', 118, 0, 0, now(), NULL),
(70, 'Elite Building', 123, 0, 0, now(), NULL),
(71, 'Tahous Rashid Al Naemi', 123, 0, 0, now(), NULL),
(72, 'Al Qubaisi Compound', 123, 0, 0, now(), NULL),
(73, 'Al Masaood Building', 123, 0, 0, now(), NULL),
(74, 'Mohammed Salem Mansoor', 123, 0, 0, now(), NULL),
(75, 'Obaid Al Jabel', 123, 0, 0, now(), NULL),
(76, 'Al Heel Tower', 129, 0, 0, now(), NULL),
(77, 'Rawdha Center', 129, 0, 0, now(), NULL),
(78, 'Shangri-La Hotel', 132, 0, 0, now(), NULL),
(79, 'Downtown Campus', 136, 0, 0, now(), NULL),
(80, 'Al Nasser Tower 1', 136, 0, 0, now(), NULL),
(81, 'Sowwah Square Tower 1', 139, 0, 0, now(), NULL),
(82, 'Sowwah Square Tower 2', 139, 0, 0, now(), NULL),
(83, 'Sowwah Square Tower 3', 139, 0, 0, now(), NULL),
(84, 'Sowwah Square Tower 4', 139, 0, 0, now(), NULL),
(85, 'Abu Dhabi Global Market (ADGM)', 139, 0, 0, now(), NULL),
(86, 'Maryah Plaza 1', 140, 0, 0, now(), NULL),
(87, 'Maryah Plaza 2', 140, 0, 0, now(), NULL),
(88, 'Maryah Plaza 3', 140, 0, 0, now(), NULL),
(89, 'Maryah Plaza 4', 140, 0, 0, now(), NULL),
(90, 'Mushrif Heights', 152, 0, 0, now(), NULL),
(91, 'Palm Oasis villas', 154, 0, 0, now(), NULL),
(92, 'Al Barza', 240, 0, 0, now(), NULL),
(2, 'Tower 2', 30, 12, 3213, now(), NULL),
(93, 'Al Manara', 240, 0, 0, now(), NULL),
(40, 'Golden Tower', 5, 0, 0, now(), NULL),
(34, 'Montazah Tower', 1, 0, 0, now(), NULL),
(94, 'Al Hadeel', 240, 0, 0, now(), NULL),
(95, 'Al Naseem Residences A', 240, 0, 0, now(), NULL),
(96, 'Al Naseem Residences B', 240, 0, 0, now(), NULL),
(97, 'Al Naseem Residences C', 240, 0, 0, now(), NULL),
(98, 'Al Sail Tower', 241, 0, 0, now(), NULL),
(99, 'C2 Al Raha Tower', 241, 0, 0, now(), NULL),
(100, 'C11', 241, 0, 0, now(), NULL),
(101, 'C15', 241, 0, 0, now(), NULL),
(102, 'P1410', 241, 0, 0, now(), NULL),
(103, 'Lamar Residences', 245, 0, 0, now(), NULL),
(104, 'C31', 245, 0, 0, now(), NULL),
(105, 'C15', 249, 0, 0, now(), NULL),
(106, 'P2671', 249, 0, 0, now(), NULL),
(107, 'Building A', 249, 0, 0, now(), NULL),
(108, 'Building B', 249, 0, 0, now(), NULL),
(109, 'Building C', 249, 0, 0, now(), NULL),
(110, 'Building D', 249, 0, 0, now(), NULL),
(111, 'Building E', 249, 0, 0, now(), NULL),
(112, 'Building F', 249, 0, 0, now(), NULL),
(113, 'Building G', 249, 0, 0, now(), NULL),
(114, 'Beach Villas', 249, 0, 0, now(), NULL),
(115, 'Al Zeina Sky Villas', 249, 0, 0, now(), NULL),
(116, 'Al Muneera Townhouses-Island', 250, 0, 0, now(), NULL),
(117, 'Al Muneera Townhouses-Mainland', 250, 0, 0, now(), NULL),
(118, 'Al Maha', 250, 0, 0, now(), NULL),
(119, 'Al Nada', 250, 0, 0, now(), NULL),
(120, 'Al Sana 1', 250, 0, 0, now(), NULL),
(121, 'Al Rahba', 250, 0, 0, now(), NULL),
(122, 'Al Sana 2', 250, 0, 0, now(), NULL),
(123, 'Al Muneera island villas', 250, 0, 0, now(), NULL),
(124, 'Al Nada 1', 250, 0, 0, now(), NULL),
(125, 'Al Nada 2', 250, 0, 0, now(), NULL),
(126, 'Mira Residence 1', 251, 0, 0, now(), NULL),
(127, 'Mira Residence 2', 251, 0, 0, now(), NULL),
(128, 'Mira Residence 3', 251, 0, 0, now(), NULL),
(129, 'Mira Residence 4', 251, 0, 0, now(), NULL),
(130, 'Khor Al Raha Residence', 252, 0, 0, now(), NULL),
(131, 'Aldar HQ', 252, 0, 0, now(), NULL),
(132, 'Al Raha Mall', 252, 0, 0, now(), NULL),
(134, 'Tower 2', 277, 0, 0, now(), NULL),
(135, 'Tower 3', 277, 0, 0, now(), NULL),
(136, 'Tower 4', 277, 0, 0, now(), NULL),
(137, 'Tower 5', 277, 0, 0, now(), NULL),
(138, 'Tower 6', 277, 0, 0, now(), NULL),
(139, 'Tower 7', 277, 0, 0, now(), NULL),
(140, 'Tower 8', 277, 0, 0, now(), NULL),
(141, 'Tower 9', 277, 0, 0, now(), NULL),
(142, 'Tower 10', 277, 0, 0, now(), NULL),
(143, 'Tower 11', 277, 0, 0, now(), NULL),
(144, 'Tower 12', 277, 0, 0, now(), NULL),
(145, 'Tower 13', 277, 0, 0, now(), NULL),
(146, 'Tower 14', 277, 0, 0, now(), NULL),
(147, 'Tower 15', 277, 0, 0, now(), NULL),
(148, 'Tower 16', 277, 0, 0, now(), NULL),
(149, 'Tower 17', 277, 0, 0, now(), NULL),
(150, 'Tower 18', 277, 0, 0, now(), NULL),
(151, 'Tower 19', 277, 0, 0, now(), NULL),
(152, 'Tower 20', 277, 0, 0, now(), NULL),
(153, 'Tower 21', 277, 0, 0, now(), NULL),
(154, 'Tower 22', 277, 0, 0, now(), NULL),
(155, 'Tower 23', 277, 0, 0, now(), NULL),
(156, 'Tower 24', 277, 0, 0, now(), NULL),
(157, 'Tower 25', 277, 0, 0, now(), NULL),
(158, 'Tower 26', 277, 0, 0, now(), NULL),
(159, 'Tower 27', 277, 0, 0, now(), NULL),
(160, 'Tower 28', 277, 0, 0, now(), NULL),
(161, 'Tower 29', 277, 0, 0, now(), NULL),
(162, 'Tower 30', 277, 0, 0, now(), NULL),
(163, 'Tower 31', 277, 0, 0, now(), NULL),
(164, 'Tower 32', 277, 0, 0, now(), NULL),
(165, 'Tower 33', 277, 0, 0, now(), NULL),
(166, 'Tower 34', 277, 0, 0, now(), NULL),
(167, 'Tower 35', 277, 0, 0, now(), NULL),
(168, 'Tower 36', 277, 0, 0, now(), NULL),
(169, 'Tower 37', 277, 0, 0, now(), NULL),
(170, 'Tower 38', 277, 0, 0, now(), NULL);
INSERT INTO "properties_map_location" ("id", "property", "sub_communities_id", "lat", "lng", "created_at", "updated_at") VALUES
(171, 'Tower 39', 277, 0, 0, now(), NULL),
(172, 'Tower 40', 277, 0, 0, now(), NULL),
(173, 'Tower 41', 277, 0, 0, now(), NULL),
(174, 'Tower 42', 277, 0, 0, now(), NULL),
(175, 'Tower 43', 277, 0, 0, now(), NULL),
(176, 'Tower 44', 277, 0, 0, now(), NULL),
(177, 'Tower 45', 277, 0, 0, now(), NULL),
(178, 'Tower 46', 277, 0, 0, now(), NULL),
(179, 'Arabian Style', 278, 0, 0, now(), NULL),
(180, 'Contemporary Style', 278, 0, 0, now(), NULL),
(181, 'Desert Style', 278, 0, 0, now(), NULL),
(182, 'Mediterranean Style', 278, 0, 0, now(), NULL),
(183, 'Radiant Square', 289, 0, 0, now(), NULL),
(184, 'Addax port office tower', 289, 0, 0, now(), NULL),
(185, 'Burooj Crystal', 289, 0, 0, now(), NULL),
(186, 'Burooj Terraces', 289, 0, 0, now(), NULL),
(187, 'Harbour Heights', 289, 0, 0, now(), NULL),
(188, 'Hydra 55 Towers', 289, 0, 0, now(), NULL),
(133, 'Tower 1', 277, 123, 213, now(), NULL),
(189, 'Hydra Avenue Towers', 289, 0, 0, now(), NULL),
(190, 'Hydra Corporate Towers', 289, 0, 0, now(), NULL),
(191, 'Hydra Executive Towers', 289, 0, 0, now(), NULL),
(192, 'Hydra Hollywood Tower', 289, 0, 0, now(), NULL),
(193, 'Julfar Residence', 289, 0, 0, now(), NULL),
(194, 'Marina Bay', 289, 0, 0, now(), NULL),
(195, 'Ocean Pearl', 289, 0, 0, now(), NULL),
(196, 'Omega Towers', 289, 0, 0, now(), NULL),
(197, 'Sedrawan Tower', 289, 0, 0, now(), NULL),
(198, 'Sigma Towers', 289, 0, 0, now(), NULL),
(199, 'Synergy Towers', 289, 0, 0, now(), NULL),
(200, 'Solaris Towers', 289, 0, 0, now(), NULL),
(201, 'Sky Garden', 289, 0, 0, now(), NULL),
(202, 'Marina Spirit', 289, 0, 0, now(), NULL),
(203, 'C2 Tower', 289, 0, 0, now(), NULL),
(204, 'C3 Tower', 289, 0, 0, now(), NULL),
(205, 'C4 Tower', 289, 0, 0, now(), NULL),
(206, 'C5 Tower', 289, 0, 0, now(), NULL),
(207, 'C6 Tower', 289, 0, 0, now(), NULL),
(208, 'Horizon Tower A', 289, 0, 0, now(), NULL),
(209, 'Horizon Tower B', 289, 0, 0, now(), NULL),
(210, 'RDK Towers', 290, 0, 0, now(), NULL),
(211, 'Al Reem Mall', 290, 0, 0, now(), NULL),
(212, 'Al Reem Bay Towers 1', 290, 0, 0, now(), NULL),
(213, 'Al Reem Bay Towers 2', 290, 0, 0, now(), NULL),
(214, 'Najmat Tower C1', 290, 0, 0, now(), NULL),
(215, 'Reem Hills', 290, 0, 0, now(), NULL),
(216, 'C10 Tower', 290, 0, 0, now(), NULL),
(217, 'Wafra Residential Tower', 290, 0, 0, now(), NULL),
(218, 'Reem Hills 2', 290, 0, 0, now(), NULL),
(219, 'Al Sharq Towers', 290, 0, 0, now(), NULL),
(220, 'Solitaire Tower', 290, 0, 0, now(), NULL),
(221, 'Bay Centre Marina-The Marinas', 290, 0, 0, now(), NULL),
(222, 'Residential Marina-The Marinas', 290, 0, 0, now(), NULL),
(223, 'Rresort Marina-The Marinas', 290, 0, 0, now(), NULL),
(224, 'The Wings', 290, 0, 0, now(), NULL),
(225, 'Time Tower', 290, 0, 0, now(), NULL),
(226, 'Pearl Bay', 290, 0, 0, now(), NULL),
(227, 'Marina Bay by DAMAC', 290, 0, 0, now(), NULL),
(228, 'The Wave', 290, 0, 0, now(), NULL),
(229, 'Nalaya Villas', 290, 0, 0, now(), NULL),
(230, 'Marafid Tower', 290, 0, 0, now(), NULL),
(231, 'Baheen Tower', 290, 0, 0, now(), NULL),
(232, 'Al Muhaimat Tower', 290, 0, 0, now(), NULL),
(233, 'Wafra Commercial Tower', 290, 0, 0, now(), NULL),
(234, 'Sea Face Tower', 291, 0, 0, now(), NULL),
(235, 'Al Qurm View', 291, 0, 0, now(), NULL),
(236, 'Park View', 291, 0, 0, now(), NULL),
(237, 'Azure', 291, 0, 0, now(), NULL),
(238, 'Sea Side Tower', 291, 0, 0, now(), NULL),
(239, 'Parkside Residence', 291, 0, 0, now(), NULL),
(240, 'Mangrove Residence', 291, 0, 0, now(), NULL),
(241, 'Oasis Residences', 291, 0, 0, now(), NULL),
(242, 'Al Beed Tower', 291, 0, 0, now(), NULL),
(243, 'Eclipse Twin Towers', 291, 0, 0, now(), NULL),
(244, 'Al Jeel Towers', 291, 0, 0, now(), NULL),
(245, 'The Residence Central Park', 291, 0, 0, now(), NULL),
(246, 'One Reem Island', 291, 0, 0, now(), NULL),
(247, 'Reem Nine', 291, 0, 0, now(), NULL),
(248, 'Reem Five', 291, 0, 0, now(), NULL),
(249, 'Creek Tower', 291, 0, 0, now(), NULL),
(250, 'Amber Tower', 291, 0, 0, now(), NULL),
(251, 'Atlantis Towers', 291, 0, 0, now(), NULL),
(252, 'Aurora Towers', 291, 0, 0, now(), NULL),
(253, 'Beach Towers', 291, 0, 0, now(), NULL),
(254, 'Dari Towers', 291, 0, 0, now(), NULL),
(255, 'Empire Tower', 291, 0, 0, now(), NULL),
(256, 'Lilac Tower', 291, 0, 0, now(), NULL),
(257, 'Lime Tower', 291, 0, 0, now(), NULL),
(258, 'Mangrove Place', 291, 0, 0, now(), NULL),
(259, 'Oceanscape', 291, 0, 0, now(), NULL),
(260, 'Tameer Towers', 291, 0, 0, now(), NULL),
(261, 'Reem Diamond', 291, 0, 0, now(), NULL),
(262, 'Al Wifaq Tower', 291, 0, 0, now(), NULL),
(263, 'X1 Tower', 291, 0, 0, now(), NULL),
(264, 'X2 Tower', 291, 0, 0, now(), NULL),
(265, 'X3 Tower', 291, 0, 0, now(), NULL),
(266, 'Y5 Tower', 291, 0, 0, now(), NULL),
(267, 'Y6 Tower', 291, 0, 0, now(), NULL),
(268, 'Z7 Tower', 291, 0, 0, now(), NULL),
(269, 'Hydra Square Tower', 291, 0, 0, now(), NULL),
(270, 'Amaya Towers', 291, 0, 0, now(), NULL),
(271, 'Sea View Tower', 291, 0, 0, now(), NULL),
(272, 'Morina Residence', 291, 0, 0, now(), NULL),
(273, 'The Kite Residences', 291, 0, 0, now(), NULL),
(274, 'Meera 1', 291, 0, 0, now(), NULL),
(275, 'Meera 2', 291, 0, 0, now(), NULL),
(276, 'The Gate Tower 1', 291, 0, 0, now(), NULL),
(277, 'The Gate Tower 2', 291, 0, 0, now(), NULL),
(278, 'The Gate Tower 3', 291, 0, 0, now(), NULL),
(279, 'Sky Tower', 291, 0, 0, now(), NULL),
(280, 'Sun Tower', 291, 0, 0, now(), NULL),
(281, 'The ARC', 291, 0, 0, now(), NULL),
(282, 'The Gate Tower 5A', 291, 0, 0, now(), NULL),
(283, 'The Gate Tower 5C', 291, 0, 0, now(), NULL),
(284, 'Burj Al Shams', 291, 0, 0, now(), NULL),
(285, 'Yasmina Residence', 291, 0, 0, now(), NULL),
(286, 'MEERA Shams', 291, 0, 0, now(), NULL),
(287, 'The Bridges', 291, 0, 0, now(), NULL),
(288, 'The Boardwalk Residence', 291, 0, 0, now(), NULL),
(289, 'Reflection', 291, 0, 0, now(), NULL),
(290, 'Al Maha Tower', 292, 0, 0, now(), NULL),
(291, 'Marina Blue Tower', 292, 0, 0, now(), NULL),
(292, 'Marina Heights', 292, 0, 0, now(), NULL),
(293, 'Burooj Views', 292, 0, 0, now(), NULL),
(294, 'Ocean Terrace', 292, 0, 0, now(), NULL),
(295, 'RAK Tower', 292, 0, 0, now(), NULL),
(296, 'Tala Tower', 292, 0, 0, now(), NULL),
(297, 'Tamouh Tower', 292, 0, 0, now(), NULL),
(298, 'Bay View Tower', 292, 0, 0, now(), NULL),
(299, 'Al Durrah Tower', 292, 0, 0, now(), NULL),
(300, 'MAG 5', 292, 0, 0, now(), NULL),
(301, 'One Marina Square', 292, 0, 0, now(), NULL),
(302, 'A3 Tower', 292, 0, 0, now(), NULL),
(303, 'Marina Heights 2', 292, 0, 0, now(), NULL),
(304, 'Zone C Retail', 292, 0, 0, now(), NULL),
(305, 'Y Tower Reem', 293, 0, 0, now(), NULL),
(306, 'Leaf Tower', 293, 0, 0, now(), NULL),
(307, 'Pixel', 305, 0, 0, now(), NULL),
(308, 'Aldhay at Bloom Gardens', 311, 0, 0, now(), NULL),
(309, 'Bloom Gardens Villas', 311, 0, 0, now(), NULL),
(310, 'Faya at Bloom Gardens', 311, 0, 0, now(), NULL),
(311, 'Al Seef Village Mall', 313, 0, 0, now(), NULL),
(312, 'Bloom Central Residential', 351, 0, 0, now(), NULL),
(313, 'Bloom Central Commercial', 351, 0, 0, now(), NULL),
(314, 'Residential Tower', 353, 0, 0, now(), NULL),
(315, 'Commercial Tower', 353, 0, 0, now(), NULL),
(316, 'Bawabat Al Sharq', 365, 0, 0, now(), NULL),
(317, 'Al Markaziya', 381, 0, 0, now(), NULL),
(318, 'Y Tower', 381, 0, 0, now(), NULL),
(319, 'Al Rahma Tower', 381, 0, 0, now(), NULL),
(320, 'EREC Building', 382, 0, 0, now(), NULL),
(321, 'C2 Mohamad Al Meheir', 382, 0, 0, now(), NULL),
(322, 'Al Marjan Tower', 382, 0, 0, now(), NULL),
(323, 'Jannah Place City Center', 382, 0, 0, now(), NULL),
(324, 'AL Diar Tower 1', 389, 0, 0, now(), NULL),
(325, 'AL Diar Tower 2', 389, 0, 0, now(), NULL),
(326, 'Al Sahel Tower 1', 391, 0, 0, now(), NULL),
(327, 'Al Sahel Tower 2', 391, 0, 0, now(), NULL),
(328, 'Etihad Tower 1', 392, 0, 0, now(), NULL),
(329, 'Etihad Tower 2', 392, 0, 0, now(), NULL),
(330, 'Etihad Tower 3', 392, 0, 0, now(), NULL),
(331, 'Etihad Tower 4', 392, 0, 0, now(), NULL),
(332, 'Etihad Tower 5', 392, 0, 0, now(), NULL),
(333, 'Saraya The Views 1', 395, 0, 0, now(), NULL),
(334, 'Saraya The Views 2', 395, 0, 0, now(), NULL),
(335, 'Capital Plaza Tower A', 416, 0, 0, now(), NULL),
(336, 'Capital Plaza Tower B', 416, 0, 0, now(), NULL),
(337, 'Capital Plaza Tower C', 416, 0, 0, now(), NULL),
(338, 'Capital Plaza Office Tower', 416, 0, 0, now(), NULL),
(339, 'Hamdan Tower', 439, 0, 0, now(), NULL),
(340, 'Thanaya Building', 440, 0, 0, now(), NULL),
(341, 'Park Residences by Rotana', 440, 0, 0, now(), NULL),
(342, 'Al Dhabi Residence complex', 440, 0, 0, now(), NULL),
(343, 'Ministries Complex', 440, 0, 0, now(), NULL),
(344, 'Mangrove One', 442, 0, 0, now(), NULL),
(345, 'Business Tower A', 453, 0, 0, now(), NULL),
(346, 'Business Tower B', 453, 0, 0, now(), NULL),
(347, 'Business Tower C', 453, 0, 0, now(), NULL),
(348, 'Business Tower D', 453, 0, 0, now(), NULL),
(349, 'Liwa Centre Tower 1', 461, 0, 0, now(), NULL),
(350, 'Liwa Centre Tower 2', 461, 0, 0, now(), NULL),
(351, 'Liwa Centre Tower 3', 461, 0, 0, now(), NULL),
(352, 'C2302', 498, 0, 0, now(), NULL),
(353, 'Khalifa City A Villas', 498, 0, 0, now(), NULL),
(354, 'Bloom Living', 500, 0, 0, now(), NULL),
(355, 'Toledo', 500, 0, 0, now(), NULL),
(356, 'Lulu Tower A', 516, 0, 0, now(), NULL),
(357, 'Lulu Tower B', 516, 0, 0, now(), NULL),
(358, 'Oasis 1', 542, 0, 0, now(), NULL),
(359, 'Oasis 2', 542, 0, 0, now(), NULL),
(360, 'Prestige Tower 17', 546, 0, 0, now(), NULL),
(361, 'Mazyad Mall Tower 1', 560, 0, 0, now(), NULL),
(362, 'Mazyad Mall Tower 2', 560, 0, 0, now(), NULL),
(363, 'Mazyad Mall Tower 3', 560, 0, 0, now(), NULL),
(364, 'Al Maqtaa Tower 1', 564, 0, 0, now(), NULL),
(365, 'Pearl MAAM Residence', 584, 0, 0, now(), NULL),
(366, 'Al Muroor Building', 584, 0, 0, now(), NULL);
INSERT INTO "properties_map_location" ("id", "property", "sub_communities_id", "lat", "lng", "created_at", "updated_at") VALUES
(367, 'Danat Tower A', 600, 0, 0, now(), NULL),
(368, 'Danat Tower B', 600, 0, 0, now(), NULL),
(369, 'M-45', 601, 0, 0, now(), NULL),
(370, 'M-44', 601, 0, 0, now(), NULL),
(371, 'M-23', 601, 0, 0, now(), NULL),
(372, 'MN-5', 601, 0, 0, now(), NULL),
(373, 'MN-6', 601, 0, 0, now(), NULL),
(374, 'MN-3', 601, 0, 0, now(), NULL),
(375, 'MN-2', 601, 0, 0, now(), NULL),
(376, 'MN-1', 601, 0, 0, now(), NULL),
(377, 'M-1', 601, 0, 0, now(), NULL),
(378, 'M-3', 601, 0, 0, now(), NULL),
(379, 'M-4', 601, 0, 0, now(), NULL),
(380, 'M-5', 601, 0, 0, now(), NULL),
(381, 'M-6', 601, 0, 0, now(), NULL),
(382, 'M-7', 601, 0, 0, now(), NULL),
(383, 'M-8', 601, 0, 0, now(), NULL),
(384, 'M-11', 601, 0, 0, now(), NULL),
(385, 'M-12', 601, 0, 0, now(), NULL),
(386, 'M-13', 601, 0, 0, now(), NULL),
(387, 'M-14', 601, 0, 0, now(), NULL),
(388, 'M-15', 601, 0, 0, now(), NULL),
(389, 'M-16', 601, 0, 0, now(), NULL),
(390, 'M-20', 601, 0, 0, now(), NULL),
(391, 'M-21', 601, 0, 0, now(), NULL),
(392, 'M-24', 601, 0, 0, now(), NULL),
(393, 'M-25', 601, 0, 0, now(), NULL),
(394, 'M-26', 601, 0, 0, now(), NULL),
(395, 'M-32', 601, 0, 0, now(), NULL),
(396, 'M-33', 601, 0, 0, now(), NULL),
(397, 'M-37', 601, 0, 0, now(), NULL),
(398, 'M-39', 601, 0, 0, now(), NULL),
(399, 'M-40', 601, 0, 0, now(), NULL),
(400, 'M-43', 601, 0, 0, now(), NULL),
(401, 'M-42', 601, 0, 0, now(), NULL),
(402, 'Cubes Park', 601, 0, 0, now(), NULL),
(403, 'Mohammad Al Muhairy Building', 601, 0, 0, now(), NULL),
(404, 'M-17', 601, 0, 0, now(), NULL),
(405, 'M-2', 601, 0, 0, now(), NULL),
(406, 'M-9', 601, 0, 0, now(), NULL),
(407, 'M-38', 601, 0, 0, now(), NULL),
(408, 'Al Fahim Building', 601, 0, 0, now(), NULL),
(409, 'M-10', 601, 0, 0, now(), NULL),
(410, 'MW-4', 601, 0, 0, now(), NULL),
(411, 'M-19', 601, 0, 0, now(), NULL),
(412, 'MW-5', 601, 0, 0, now(), NULL),
(413, 'M-46', 601, 0, 0, now(), NULL),
(414, 'M-36', 601, 0, 0, now(), NULL),
(415, 'Beachfront Shoreline Estate', 610, 0, 0, now(), NULL),
(416, 'Beachfront Seaside Estate', 610, 0, 0, now(), NULL),
(417, 'C105', 620, 0, 0, now(), NULL),
(418, 'The Dunes', 622, 0, 0, now(), NULL),
(419, 'Garden', 624, 0, 0, now(), NULL),
(420, 'Gateway', 624, 0, 0, now(), NULL),
(421, 'Groves', 624, 0, 0, now(), NULL),
(422, 'Shore', 624, 0, 0, now(), NULL),
(423, 'Promenade', 624, 0, 0, now(), NULL),
(424, 'Arabian Villas', 638, 0, 0, now(), NULL),
(425, 'St. Regis', 638, 0, 0, now(), NULL),
(426, 'Mediterranean Villas', 638, 0, 0, now(), NULL),
(427, 'Contemporary Villas', 638, 0, 0, now(), NULL),
(428, 'Saadiyat Beach Golf Views', 638, 0, 0, now(), NULL),
(429, 'Saadiyat Beach Residences', 638, 0, 0, now(), NULL),
(430, 'Saadiyat Beach Villas', 638, 0, 0, now(), NULL),
(431, 'Nudra', 642, 0, 0, now(), NULL),
(432, 'Louvre Abu Dhabi Residences', 642, 0, 0, now(), NULL),
(433, 'Ajwan Towers', 642, 0, 0, now(), NULL),
(434, 'Saadiyat Grove', 642, 0, 0, now(), NULL),
(435, 'A01 Saadiyat', 642, 0, 0, now(), NULL),
(436, 'Manarat Living', 642, 0, 0, now(), NULL),
(437, 'The Source II', 642, 0, 0, now(), NULL),
(438, 'Mamsha Al Saadiyat', 642, 0, 0, now(), NULL),
(439, 'Water Front Tower A', 657, 0, 0, now(), NULL),
(440, 'Water Front Tower B', 657, 0, 0, now(), NULL),
(441, 'Mina Tower', 658, 0, 0, now(), NULL),
(442, 'Jannah Burj Al Sarab', 658, 0, 0, now(), NULL),
(443, 'Yas Beach Residences', 684, 0, 0, now(), NULL),
(444, 'Perla 1', 684, 0, 0, now(), NULL),
(445, 'Perla 2', 684, 0, 0, now(), NULL),
(446, 'Perla 3', 684, 0, 0, now(), NULL),
(447, 'Sea La Vie', 684, 0, 0, now(), NULL),
(448, 'Noya Viva', 685, 0, 0, now(), NULL),
(449, 'Noya Luma', 685, 0, 0, now(), NULL),
(450, 'Noya 1', 685, 0, 0, now(), NULL),
(451, 'Noya 2', 685, 0, 0, now(), NULL),
(452, 'Views A', 691, 0, 0, now(), NULL),
(453, 'Views B', 691, 0, 0, now(), NULL),
(454, 'Residences C', 691, 0, 0, now(), NULL),
(455, 'Residences D', 691, 0, 0, now(), NULL),
(456, 'Residences E', 691, 0, 0, now(), NULL),
(457, 'Views F', 691, 0, 0, now(), NULL),
(458, 'Views G', 691, 0, 0, now(), NULL),
(459, 'Apartments 4', 691, 0, 0, now(), NULL),
(460, 'Mayan 1', 699, 0, 0, now(), NULL),
(461, 'Mayan 2', 699, 0, 0, now(), NULL),
(462, 'Mayan 3', 699, 0, 0, now(), NULL),
(463, 'Mayan 4', 699, 0, 0, now(), NULL),
(464, 'Mayan 5', 699, 0, 0, now(), NULL),
(465, 'Mayan 6', 699, 0, 0, now(), NULL),
(466, 'Mayan 7', 699, 0, 0, now(), NULL),
(467, 'Ansam 1', 701, 0, 0, now(), NULL),
(468, 'Ansam 2', 701, 0, 0, now(), NULL),
(469, 'Ansam 3', 701, 0, 0, now(), NULL),
(470, 'Ansam 4', 701, 0, 0, now(), NULL),
(471, 'Lea', 703, 0, 0, now(), NULL),
(472, 'The Cedars', 703, 0, 0, now(), NULL),
(473, 'The Magnolias', 703, 0, 0, now(), NULL),
(474, 'The Dahlias', 703, 0, 0, now(), NULL),
(475, 'Aspens', 703, 0, 0, now(), NULL),
(476, 'Redwoods', 703, 0, 0, now(), NULL),
(477, 'Zayed Military City Tower 1', 705, 0, 0, now(), NULL),
(478, 'Zayed Military City Tower 2', 705, 0, 0, now(), NULL),
(479, 'Zayed Military City Tower 3', 705, 0, 0, now(), NULL),
(480, 'Zayed Military City Tower 4', 705, 0, 0, now(), NULL),
(481, 'Zayed Military City Tower 5', 705, 0, 0, now(), NULL),
(482, 'Zayed Military City Tower 6', 705, 0, 0, now(), NULL),
(483, 'Zayed Military City Tower 7', 705, 0, 0, now(), NULL),
(484, 'Zayed Military City Tower 8', 705, 0, 0, now(), NULL),
(485, 'Zayed Military City Tower 9', 705, 0, 0, now(), NULL),
(487, 'Tower 2', 30, 0, 0, now(), NULL),
(488, 'Centro Capital Centre', 37, 0, 0, now(), NULL),
(489, 'Al Bateen Park', 37, 0, 0, now(), NULL),
(490, 'Al Gurm Centre', 37, 0, 0, now(), NULL),
(491, 'Capital Tower', 37, 0, 0, now(), NULL),
(492, 'NBAD Tower', 37, 0, 0, now(), NULL),
(493, 'Abu Dhabi National Exhibition Centre', 37, 0, 0, now(), NULL),
(494, 'Khalifa Bin Shakhbout Street', 37, 0, 0, now(), NULL),
(495, 'Liwa Tower', 37, 0, 0, now(), NULL),
(496, 'Al Ettihad Tower 1', 38, 0, 0, now(), NULL),
(497, 'Al Ettihad Tower 2', 38, 0, 0, now(), NULL),
(498, 'Al Ettihad Tower 5', 38, 0, 0, now(), NULL),
(499, 'Al Ettihad Tower 4', 38, 0, 0, now(), NULL),
(500, 'Al Ettihad Tower 3', 38, 0, 0, now(), NULL),
(501, 'C1 Tower', 43, 0, 0, now(), NULL),
(502, 'C2 Tower', 43, 0, 0, now(), NULL),
(503, 'C3 Tower', 43, 0, 0, now(), NULL),
(504, 'C4 Tower', 43, 0, 0, now(), NULL),
(505, 'C5 Tower', 43, 0, 0, now(), NULL),
(506, 'C6 Tower', 43, 0, 0, now(), NULL),
(507, 'Blue Tower A', 55, 0, 0, now(), NULL),
(508, 'Blue Tower B', 55, 0, 0, now(), NULL),
(509, 'Liwa Village Villas', 64, 0, 0, now(), NULL),
(510, 'Liwa Village', 78, 0, 0, now(), NULL),
(511, 'X Panasonic Showroom', 84, 0, 0, now(), NULL),
(512, 'Raha Building', 84, 0, 0, now(), NULL),
(513, 'Al Obaidy Tower', 84, 0, 0, now(), NULL),
(514, 'Khalidiya Tower A', 85, 0, 0, now(), NULL),
(515, 'Khalidiya Tower B', 85, 0, 0, now(), NULL),
(516, 'Crescent Tower 1', 86, 0, 0, now(), NULL),
(517, 'Crescent Tower 2', 86, 0, 0, now(), NULL),
(518, 'Al Safa Tower', 87, 0, 0, now(), NULL),
(519, 'Montazah Tower', 87, 0, 0, now(), NULL),
(520, 'Sheikha Salama Tower', 87, 0, 0, now(), NULL),
(521, 'Khalidiya Tower', 87, 0, 0, now(), NULL),
(522, 'Al Ain Tower', 87, 0, 0, now(), NULL),
(523, '17 Villas Project', 87, 0, 0, now(), NULL),
(524, '21 Villas Project', 87, 0, 0, now(), NULL),
(525, 'Golden Tower', 87, 0, 0, now(), NULL),
(526, 'Mermaid Building', 87, 0, 0, now(), NULL),
(527, '12 Villas Project', 87, 0, 0, now(), NULL),
(528, 'Al Remah Tower', 88, 0, 0, now(), NULL),
(529, 'Ghalia Tower', 88, 0, 0, now(), NULL),
(530, 'Hili Tower', 88, 0, 0, now(), NULL),
(531, 'C14', 88, 0, 0, now(), NULL),
(532, 'C19', 88, 0, 0, now(), NULL),
(533, 'C20', 88, 0, 0, now(), NULL),
(534, 'C22', 88, 0, 0, now(), NULL),
(535, 'Al Jaber Building', 88, 0, 0, now(), NULL),
(536, 'Sheikh Abdulla Building', 88, 0, 0, now(), NULL),
(537, 'Souror Building', 88, 0, 0, now(), NULL),
(538, 'Al Nasr Building', 88, 0, 0, now(), NULL),
(539, 'Amena 5 Building', 88, 0, 0, now(), NULL),
(540, 'Salama Residence', 90, 0, 0, now(), NULL),
(541, 'Khalidiya Centre', 90, 0, 0, now(), NULL),
(542, 'CI Tower', 90, 0, 0, now(), NULL),
(543, 'Al Heel Tower', 109, 0, 0, now(), NULL),
(544, 'Rawdha Center', 109, 0, 0, now(), NULL),
(545, 'Burj Alkhair', 110, 0, 0, now(), NULL),
(546, 'Areej Tower', 110, 0, 0, now(), NULL),
(547, 'Waqf Sheikh Zayed Residential Building', 110, 0, 0, now(), NULL),
(548, 'Sheikh Saif Tower', 110, 0, 0, now(), NULL),
(549, 'Bin Fardan Building', 110, 0, 0, now(), NULL),
(550, 'Dana Plaza', 110, 0, 0, now(), NULL),
(551, 'ZADCO Complex Building A', 118, 0, 0, now(), NULL),
(552, 'ZADCO Complex Building B', 118, 0, 0, now(), NULL),
(553, 'ZADCO Complex Building C', 118, 0, 0, now(), NULL),
(554, 'ZADCO Complex Building D', 118, 0, 0, now(), NULL),
(555, 'Elite Building', 123, 0, 0, now(), NULL),
(556, 'Tahous Rashid Al Naemi', 123, 0, 0, now(), NULL),
(557, 'Al Qubaisi Compound', 123, 0, 0, now(), NULL),
(558, 'Al Masaood Building', 123, 0, 0, now(), NULL),
(559, 'Mohammed Salem Mansoor', 123, 0, 0, now(), NULL),
(560, 'Obaid Al Jabel', 123, 0, 0, now(), NULL),
(561, 'Al Heel Tower', 129, 0, 0, now(), NULL),
(562, 'Rawdha Center', 129, 0, 0, now(), NULL),
(563, 'Shangri-La Hotel', 132, 0, 0, now(), NULL),
(564, 'Downtown Campus', 136, 0, 0, now(), NULL),
(565, 'Al Nasser Tower 1', 136, 0, 0, now(), NULL),
(566, 'Sowwah Square Tower 1', 139, 0, 0, now(), NULL),
(567, 'Sowwah Square Tower 2', 139, 0, 0, now(), NULL),
(568, 'Sowwah Square Tower 3', 139, 0, 0, now(), NULL),
(569, 'Sowwah Square Tower 4', 139, 0, 0, now(), NULL),
(570, 'Abu Dhabi Global Market (ADGM)', 139, 0, 0, now(), NULL),
(571, 'Maryah Plaza 1', 140, 0, 0, now(), NULL),
(572, 'Maryah Plaza 2', 140, 0, 0, now(), NULL),
(573, 'Maryah Plaza 3', 140, 0, 0, now(), NULL),
(574, 'Maryah Plaza 4', 140, 0, 0, now(), NULL),
(575, 'Mushrif Heights', 152, 0, 0, now(), NULL),
(576, 'Palm Oasis villas', 154, 0, 0, now(), NULL),
(577, 'Al Barza', 240, 0, 0, now(), NULL),
(578, 'Al Manara', 240, 0, 0, now(), NULL),
(579, 'Al Hadeel', 240, 0, 0, now(), NULL),
(580, 'Al Naseem Residences A', 240, 0, 0, now(), NULL),
(581, 'Al Naseem Residences B', 240, 0, 0, now(), NULL),
(582, 'Al Naseem Residences C', 240, 0, 0, now(), NULL),
(583, 'Al Sail Tower', 241, 0, 0, now(), NULL),
(584, 'C2 Al Raha Tower', 241, 0, 0, now(), NULL),
(585, 'C11', 241, 0, 0, now(), NULL),
(586, 'C15', 241, 0, 0, now(), NULL),
(587, 'P1410', 241, 0, 0, now(), NULL),
(588, 'Lamar Residences', 245, 0, 0, now(), NULL),
(589, 'C31', 245, 0, 0, now(), NULL),
(590, 'C15', 249, 0, 0, now(), NULL),
(591, 'P2671', 249, 0, 0, now(), NULL),
(592, 'Building A', 249, 0, 0, now(), NULL),
(593, 'Building B', 249, 0, 0, now(), NULL),
(594, 'Building C', 249, 0, 0, now(), NULL),
(595, 'Building D', 249, 0, 0, now(), NULL),
(596, 'Building E', 249, 0, 0, now(), NULL),
(597, 'Building F', 249, 0, 0, now(), NULL),
(598, 'Building G', 249, 0, 0, now(), NULL),
(599, 'Beach Villas', 249, 0, 0, now(), NULL),
(600, 'Al Zeina Sky Villas', 249, 0, 0, now(), NULL),
(601, 'Al Muneera Townhouses-Island', 250, 0, 0, now(), NULL),
(602, 'Al Muneera Townhouses-Mainland', 250, 0, 0, now(), NULL),
(603, 'Al Maha', 250, 0, 0, now(), NULL),
(604, 'Al Nada', 250, 0, 0, now(), NULL),
(605, 'Al Sana 1', 250, 0, 0, now(), NULL),
(606, 'Al Rahba', 250, 0, 0, now(), NULL),
(607, 'Al Sana 2', 250, 0, 0, now(), NULL),
(608, 'Al Muneera island villas', 250, 0, 0, now(), NULL),
(609, 'Al Nada 1', 250, 0, 0, now(), NULL),
(610, 'Al Nada 2', 250, 0, 0, now(), NULL),
(611, 'Mira Residence 1', 251, 0, 0, now(), NULL),
(612, 'Mira Residence 2', 251, 0, 0, now(), NULL),
(613, 'Mira Residence 3', 251, 0, 0, now(), NULL),
(614, 'Mira Residence 4', 251, 0, 0, now(), NULL),
(615, 'Khor Al Raha Residence', 252, 0, 0, now(), NULL),
(616, 'Aldar HQ', 252, 0, 0, now(), NULL),
(617, 'Al Raha Mall', 252, 0, 0, now(), NULL),
(619, 'Tower 2', 277, 0, 0, now(), NULL),
(620, 'Tower 3', 277, 0, 0, now(), NULL),
(621, 'Tower 4', 277, 0, 0, now(), NULL),
(622, 'Tower 5', 277, 0, 0, now(), NULL),
(623, 'Tower 6', 277, 0, 0, now(), NULL),
(624, 'Tower 7', 277, 0, 0, now(), NULL),
(625, 'Tower 8', 277, 0, 0, now(), NULL),
(626, 'Tower 9', 277, 0, 0, now(), NULL),
(627, 'Tower 10', 277, 0, 0, now(), NULL),
(628, 'Tower 11', 277, 0, 0, now(), NULL),
(629, 'Tower 12', 277, 0, 0, now(), NULL),
(630, 'Tower 13', 277, 0, 0, now(), NULL),
(631, 'Tower 14', 277, 0, 0, now(), NULL),
(632, 'Tower 15', 277, 0, 0, now(), NULL),
(633, 'Tower 16', 277, 0, 0, now(), NULL),
(634, 'Tower 17', 277, 0, 0, now(), NULL),
(635, 'Tower 18', 277, 0, 0, now(), NULL),
(636, 'Tower 19', 277, 0, 0, now(), NULL),
(637, 'Tower 20', 277, 0, 0, now(), NULL),
(638, 'Tower 21', 277, 0, 0, now(), NULL),
(639, 'Tower 22', 277, 0, 0, now(), NULL),
(640, 'Tower 23', 277, 0, 0, now(), NULL),
(641, 'Tower 24', 277, 0, 0, now(), NULL),
(642, 'Tower 25', 277, 0, 0, now(), NULL),
(643, 'Tower 26', 277, 0, 0, now(), NULL),
(644, 'Tower 27', 277, 0, 0, now(), NULL),
(645, 'Tower 28', 277, 0, 0, now(), NULL),
(646, 'Tower 29', 277, 0, 0, now(), NULL),
(647, 'Tower 30', 277, 0, 0, now(), NULL),
(648, 'Tower 31', 277, 0, 0, now(), NULL),
(649, 'Tower 32', 277, 0, 0, now(), NULL),
(650, 'Tower 33', 277, 0, 0, now(), NULL),
(651, 'Tower 34', 277, 0, 0, now(), NULL),
(652, 'Tower 35', 277, 0, 0, now(), NULL),
(653, 'Tower 36', 277, 0, 0, now(), NULL),
(654, 'Tower 37', 277, 0, 0, now(), NULL),
(655, 'Tower 38', 277, 0, 0, now(), NULL),
(656, 'Tower 39', 277, 0, 0, now(), NULL),
(657, 'Tower 40', 277, 0, 0, now(), NULL),
(658, 'Tower 41', 277, 0, 0, now(), NULL),
(659, 'Tower 42', 277, 0, 0, now(), NULL),
(660, 'Tower 43', 277, 0, 0, now(), NULL),
(661, 'Tower 44', 277, 0, 0, now(), NULL),
(662, 'Tower 45', 277, 0, 0, now(), NULL),
(663, 'Tower 46', 277, 0, 0, now(), NULL),
(664, 'Arabian Style', 278, 0, 0, now(), NULL),
(665, 'Contemporary Style', 278, 0, 0, now(), NULL),
(666, 'Desert Style', 278, 0, 0, now(), NULL),
(667, 'Mediterranean Style', 278, 0, 0, now(), NULL),
(668, 'Radiant Square', 289, 0, 0, now(), NULL),
(669, 'Addax port office tower', 289, 0, 0, now(), NULL),
(670, 'Burooj Crystal', 289, 0, 0, now(), NULL),
(671, 'Burooj Terraces', 289, 0, 0, now(), NULL),
(672, 'Harbour Heights', 289, 0, 0, now(), NULL),
(673, 'Hydra 55 Towers', 289, 0, 0, now(), NULL),
(674, 'Hydra Avenue Towers', 289, 0, 0, now(), NULL),
(675, 'Hydra Corporate Towers', 289, 0, 0, now(), NULL),
(676, 'Hydra Executive Towers', 289, 0, 0, now(), NULL),
(677, 'Hydra Hollywood Tower', 289, 0, 0, now(), NULL),
(678, 'Julfar Residence', 289, 0, 0, now(), NULL),
(679, 'Marina Bay', 289, 0, 0, now(), NULL),
(680, 'Ocean Pearl', 289, 0, 0, now(), NULL),
(681, 'Omega Towers', 289, 0, 0, now(), NULL),
(682, 'Sedrawan Tower', 289, 0, 0, now(), NULL),
(683, 'Sigma Towers', 289, 0, 0, now(), NULL),
(684, 'Synergy Towers', 289, 0, 0, now(), NULL),
(685, 'Solaris Towers', 289, 0, 0, now(), NULL),
(686, 'Sky Garden', 289, 0, 0, now(), NULL),
(687, 'Marina Spirit', 289, 0, 0, now(), NULL),
(688, 'C2 Tower', 289, 0, 0, now(), NULL),
(689, 'C3 Tower', 289, 0, 0, now(), NULL),
(690, 'C4 Tower', 289, 0, 0, now(), NULL),
(691, 'C5 Tower', 289, 0, 0, now(), NULL),
(692, 'C6 Tower', 289, 0, 0, now(), NULL),
(693, 'Horizon Tower A', 289, 0, 0, now(), NULL),
(694, 'Horizon Tower B', 289, 0, 0, now(), NULL),
(695, 'RDK Towers', 290, 0, 0, now(), NULL),
(696, 'Al Reem Mall', 290, 0, 0, now(), NULL),
(697, 'Al Reem Bay Towers 1', 290, 0, 0, now(), NULL),
(698, 'Al Reem Bay Towers 2', 290, 0, 0, now(), NULL),
(699, 'Najmat Tower C1', 290, 0, 0, now(), NULL),
(700, 'Reem Hills', 290, 0, 0, now(), NULL),
(701, 'C10 Tower', 290, 0, 0, now(), NULL),
(702, 'Wafra Residential Tower', 290, 0, 0, now(), NULL),
(703, 'Reem Hills 2', 290, 0, 0, now(), NULL),
(704, 'Al Sharq Towers', 290, 0, 0, now(), NULL),
(705, 'Solitaire Tower', 290, 0, 0, now(), NULL),
(706, 'Bay Centre Marina-The Marinas', 290, 0, 0, now(), NULL),
(707, 'Residential Marina-The Marinas', 290, 0, 0, now(), NULL),
(708, 'Rresort Marina-The Marinas', 290, 0, 0, now(), NULL),
(709, 'The Wings', 290, 0, 0, now(), NULL),
(710, 'Time Tower', 290, 0, 0, now(), NULL),
(711, 'Pearl Bay', 290, 0, 0, now(), NULL),
(712, 'Marina Bay by DAMAC', 290, 0, 0, now(), NULL),
(713, 'The Wave', 290, 0, 0, now(), NULL),
(714, 'Nalaya Villas', 290, 0, 0, now(), NULL),
(715, 'Marafid Tower', 290, 0, 0, now(), NULL),
(716, 'Baheen Tower', 290, 0, 0, now(), NULL),
(717, 'Al Muhaimat Tower', 290, 0, 0, now(), NULL),
(718, 'Wafra Commercial Tower', 290, 0, 0, now(), NULL),
(719, 'Sea Face Tower', 291, 0, 0, now(), NULL),
(720, 'Al Qurm View', 291, 0, 0, now(), NULL),
(721, 'Park View', 291, 0, 0, now(), NULL),
(722, 'Azure', 291, 0, 0, now(), NULL),
(723, 'Sea Side Tower', 291, 0, 0, now(), NULL),
(724, 'Parkside Residence', 291, 0, 0, now(), NULL),
(725, 'Mangrove Residence', 291, 0, 0, now(), NULL),
(726, 'Oasis Residences', 291, 0, 0, now(), NULL),
(727, 'Al Beed Tower', 291, 0, 0, now(), NULL),
(728, 'Eclipse Twin Towers', 291, 0, 0, now(), NULL),
(729, 'Al Jeel Towers', 291, 0, 0, now(), NULL),
(730, 'The Residence Central Park', 291, 0, 0, now(), NULL),
(731, 'One Reem Island', 291, 0, 0, now(), NULL),
(732, 'Reem Nine', 291, 0, 0, now(), NULL),
(733, 'Reem Five', 291, 0, 0, now(), NULL),
(734, 'Creek Tower', 291, 0, 0, now(), NULL),
(735, 'Amber Tower', 291, 0, 0, now(), NULL),
(736, 'Atlantis Towers', 291, 0, 0, now(), NULL),
(737, 'Aurora Towers', 291, 0, 0, now(), NULL),
(738, 'Beach Towers', 291, 0, 0, now(), NULL),
(739, 'Dari Towers', 291, 0, 0, now(), NULL),
(740, 'Empire Tower', 291, 0, 0, now(), NULL),
(741, 'Lilac Tower', 291, 0, 0, now(), NULL),
(742, 'Lime Tower', 291, 0, 0, now(), NULL),
(743, 'Mangrove Place', 291, 0, 0, now(), NULL),
(744, 'Oceanscape', 291, 0, 0, now(), NULL),
(745, 'Tameer Towers', 291, 0, 0, now(), NULL),
(746, 'Reem Diamond', 291, 0, 0, now(), NULL),
(747, 'Al Wifaq Tower', 291, 0, 0, now(), NULL),
(748, 'X1 Tower', 291, 0, 0, now(), NULL),
(749, 'X2 Tower', 291, 0, 0, now(), NULL),
(750, 'X3 Tower', 291, 0, 0, now(), NULL),
(751, 'Y5 Tower', 291, 0, 0, now(), NULL),
(752, 'Y6 Tower', 291, 0, 0, now(), NULL),
(753, 'Z7 Tower', 291, 0, 0, now(), NULL),
(754, 'Hydra Square Tower', 291, 0, 0, now(), NULL),
(755, 'Amaya Towers', 291, 0, 0, now(), NULL),
(756, 'Sea View Tower', 291, 0, 0, now(), NULL),
(757, 'Morina Residence', 291, 0, 0, now(), NULL),
(758, 'The Kite Residences', 291, 0, 0, now(), NULL),
(759, 'Meera 1', 291, 0, 0, now(), NULL),
(760, 'Meera 2', 291, 0, 0, now(), NULL),
(761, 'The Gate Tower 1', 291, 0, 0, now(), NULL),
(762, 'The Gate Tower 2', 291, 0, 0, now(), NULL),
(763, 'The Gate Tower 3', 291, 0, 0, now(), NULL),
(764, 'Sky Tower', 291, 0, 0, now(), NULL),
(765, 'Sun Tower', 291, 0, 0, now(), NULL),
(766, 'The ARC', 291, 0, 0, now(), NULL),
(767, 'The Gate Tower 5A', 291, 0, 0, now(), NULL),
(768, 'The Gate Tower 5C', 291, 0, 0, now(), NULL),
(769, 'Burj Al Shams', 291, 0, 0, now(), NULL),
(770, 'Yasmina Residence', 291, 0, 0, now(), NULL),
(771, 'MEERA Shams', 291, 0, 0, now(), NULL),
(772, 'The Bridges', 291, 0, 0, now(), NULL),
(773, 'The Boardwalk Residence', 291, 0, 0, now(), NULL),
(774, 'Reflection', 291, 0, 0, now(), NULL),
(775, 'Al Maha Tower', 292, 0, 0, now(), NULL),
(776, 'Marina Blue Tower', 292, 0, 0, now(), NULL),
(777, 'Marina Heights', 292, 0, 0, now(), NULL),
(778, 'Burooj Views', 292, 0, 0, now(), NULL),
(779, 'Ocean Terrace', 292, 0, 0, now(), NULL),
(780, 'RAK Tower', 292, 0, 0, now(), NULL),
(781, 'Tala Tower', 292, 0, 0, now(), NULL),
(782, 'Tamouh Tower', 292, 0, 0, now(), NULL),
(783, 'Bay View Tower', 292, 0, 0, now(), NULL),
(784, 'Al Durrah Tower', 292, 0, 0, now(), NULL),
(785, 'MAG 5', 292, 0, 0, now(), NULL),
(786, 'One Marina Square', 292, 0, 0, now(), NULL);
INSERT INTO "properties_map_location" ("id", "property", "sub_communities_id", "lat", "lng", "created_at", "updated_at") VALUES
(787, 'A3 Tower', 292, 0, 0, now(), NULL),
(788, 'Marina Heights 2', 292, 0, 0, now(), NULL),
(789, 'Zone C Retail', 292, 0, 0, now(), NULL),
(790, 'Y Tower Reem', 293, 0, 0, now(), NULL),
(791, 'Leaf Tower', 293, 0, 0, now(), NULL),
(792, 'Pixel', 305, 0, 0, now(), NULL),
(793, 'Aldhay at Bloom Gardens', 311, 0, 0, now(), NULL),
(794, 'Bloom Gardens Villas', 311, 0, 0, now(), NULL),
(795, 'Faya at Bloom Gardens', 311, 0, 0, now(), NULL),
(796, 'Al Seef Village Mall', 313, 0, 0, now(), NULL),
(797, 'Bloom Central Residential', 351, 0, 0, now(), NULL),
(798, 'Bloom Central Commercial', 351, 0, 0, now(), NULL),
(799, 'Residential Tower', 353, 0, 0, now(), NULL),
(800, 'Commercial Tower', 353, 0, 0, now(), NULL),
(801, 'Bawabat Al Sharq', 365, 0, 0, now(), NULL),
(802, 'Al Markaziya', 381, 0, 0, now(), NULL),
(803, 'Y Tower', 381, 0, 0, now(), NULL),
(804, 'Al Rahma Tower', 381, 0, 0, now(), NULL),
(805, 'EREC Building', 382, 0, 0, now(), NULL),
(806, 'C2 Mohamad Al Meheir', 382, 0, 0, now(), NULL),
(807, 'Al Marjan Tower', 382, 0, 0, now(), NULL),
(808, 'Jannah Place City Center', 382, 0, 0, now(), NULL),
(809, 'AL Diar Tower 1', 389, 0, 0, now(), NULL),
(810, 'AL Diar Tower 2', 389, 0, 0, now(), NULL),
(811, 'Al Sahel Tower 1', 391, 0, 0, now(), NULL),
(812, 'Al Sahel Tower 2', 391, 0, 0, now(), NULL),
(813, 'Etihad Tower 1', 392, 0, 0, now(), NULL),
(814, 'Etihad Tower 2', 392, 0, 0, now(), NULL),
(815, 'Etihad Tower 3', 392, 0, 0, now(), NULL),
(816, 'Etihad Tower 4', 392, 0, 0, now(), NULL),
(817, 'Etihad Tower 5', 392, 0, 0, now(), NULL),
(818, 'Saraya The Views 1', 395, 0, 0, now(), NULL),
(819, 'Saraya The Views 2', 395, 0, 0, now(), NULL),
(820, 'Capital Plaza Tower A', 416, 0, 0, now(), NULL),
(821, 'Capital Plaza Tower B', 416, 0, 0, now(), NULL),
(822, 'Capital Plaza Tower C', 416, 0, 0, now(), NULL),
(823, 'Capital Plaza Office Tower', 416, 0, 0, now(), NULL),
(824, 'Hamdan Tower', 439, 0, 0, now(), NULL),
(825, 'Thanaya Building', 440, 0, 0, now(), NULL),
(826, 'Park Residences by Rotana', 440, 0, 0, now(), NULL),
(827, 'Al Dhabi Residence complex', 440, 0, 0, now(), NULL),
(828, 'Ministries Complex', 440, 0, 0, now(), NULL),
(829, 'Mangrove One', 442, 0, 0, now(), NULL),
(830, 'Business Tower A', 453, 0, 0, now(), NULL),
(831, 'Business Tower B', 453, 0, 0, now(), NULL),
(832, 'Business Tower C', 453, 0, 0, now(), NULL),
(833, 'Business Tower D', 453, 0, 0, now(), NULL),
(834, 'Liwa Centre Tower 1', 461, 0, 0, now(), NULL),
(835, 'Liwa Centre Tower 2', 461, 0, 0, now(), NULL),
(836, 'Liwa Centre Tower 3', 461, 0, 0, now(), NULL),
(837, 'C2302', 498, 0, 0, now(), NULL),
(838, 'Khalifa City A Villas', 498, 0, 0, now(), NULL),
(839, 'Bloom Living', 500, 0, 0, now(), NULL),
(840, 'Toledo', 500, 0, 0, now(), NULL),
(841, 'Lulu Tower A', 516, 0, 0, now(), NULL),
(842, 'Lulu Tower B', 516, 0, 0, now(), NULL),
(843, 'Oasis 1', 542, 0, 0, now(), NULL),
(844, 'Oasis 2', 542, 0, 0, now(), NULL),
(845, 'Prestige Tower 17', 546, 0, 0, now(), NULL),
(846, 'Mazyad Mall Tower 1', 560, 0, 0, now(), NULL),
(847, 'Mazyad Mall Tower 2', 560, 0, 0, now(), NULL),
(848, 'Mazyad Mall Tower 3', 560, 0, 0, now(), NULL),
(849, 'Al Maqtaa Tower 1', 564, 0, 0, now(), NULL),
(850, 'Pearl MAAM Residence', 584, 0, 0, now(), NULL),
(851, 'Al Muroor Building', 584, 0, 0, now(), NULL),
(852, 'Danat Tower A', 600, 0, 0, now(), NULL),
(853, 'Danat Tower B', 600, 0, 0, now(), NULL),
(854, 'M-45', 601, 0, 0, now(), NULL),
(855, 'M-44', 601, 0, 0, now(), NULL),
(856, 'M-23', 601, 0, 0, now(), NULL),
(857, 'MN-5', 601, 0, 0, now(), NULL),
(858, 'MN-6', 601, 0, 0, now(), NULL),
(859, 'MN-3', 601, 0, 0, now(), NULL),
(860, 'MN-2', 601, 0, 0, now(), NULL),
(861, 'MN-1', 601, 0, 0, now(), NULL),
(862, 'M-1', 601, 0, 0, now(), NULL),
(863, 'M-3', 601, 0, 0, now(), NULL),
(864, 'M-4', 601, 0, 0, now(), NULL),
(865, 'M-5', 601, 0, 0, now(), NULL),
(866, 'M-6', 601, 0, 0, now(), NULL),
(867, 'M-7', 601, 0, 0, now(), NULL),
(868, 'M-8', 601, 0, 0, now(), NULL),
(869, 'M-11', 601, 0, 0, now(), NULL),
(870, 'M-12', 601, 0, 0, now(), NULL),
(871, 'M-13', 601, 0, 0, now(), NULL),
(872, 'M-14', 601, 0, 0, now(), NULL),
(873, 'M-15', 601, 0, 0, now(), NULL),
(874, 'M-16', 601, 0, 0, now(), NULL),
(875, 'M-20', 601, 0, 0, now(), NULL),
(876, 'M-21', 601, 0, 0, now(), NULL),
(877, 'M-24', 601, 0, 0, now(), NULL),
(878, 'M-25', 601, 0, 0, now(), NULL),
(879, 'M-26', 601, 0, 0, now(), NULL),
(880, 'M-32', 601, 0, 0, now(), NULL),
(881, 'M-33', 601, 0, 0, now(), NULL),
(882, 'M-37', 601, 0, 0, now(), NULL),
(883, 'M-39', 601, 0, 0, now(), NULL),
(884, 'M-40', 601, 0, 0, now(), NULL),
(885, 'M-43', 601, 0, 0, now(), NULL),
(886, 'M-42', 601, 0, 0, now(), NULL),
(887, 'Cubes Park', 601, 0, 0, now(), NULL),
(888, 'Mohammad Al Muhairy Building', 601, 0, 0, now(), NULL),
(889, 'M-17', 601, 0, 0, now(), NULL),
(890, 'M-2', 601, 0, 0, now(), NULL),
(891, 'M-9', 601, 0, 0, now(), NULL),
(892, 'M-38', 601, 0, 0, now(), NULL),
(893, 'Al Fahim Building', 601, 0, 0, now(), NULL),
(894, 'M-10', 601, 0, 0, now(), NULL),
(895, 'MW-4', 601, 0, 0, now(), NULL),
(896, 'M-19', 601, 0, 0, now(), NULL),
(897, 'MW-5', 601, 0, 0, now(), NULL),
(898, 'M-46', 601, 0, 0, now(), NULL),
(899, 'M-36', 601, 0, 0, now(), NULL),
(900, 'Beachfront Shoreline Estate', 610, 0, 0, now(), NULL),
(901, 'Beachfront Seaside Estate', 610, 0, 0, now(), NULL),
(902, 'C105', 620, 0, 0, now(), NULL),
(903, 'The Dunes', 622, 0, 0, now(), NULL),
(904, 'Garden', 624, 0, 0, now(), NULL),
(905, 'Gateway', 624, 0, 0, now(), NULL),
(906, 'Groves', 624, 0, 0, now(), NULL),
(907, 'Shore', 624, 0, 0, now(), NULL),
(908, 'Promenade', 624, 0, 0, now(), NULL),
(909, 'Arabian Villas', 638, 0, 0, now(), NULL),
(910, 'St. Regis', 638, 0, 0, now(), NULL),
(911, 'Mediterranean Villas', 638, 0, 0, now(), NULL),
(912, 'Contemporary Villas', 638, 0, 0, now(), NULL),
(913, 'Saadiyat Beach Golf Views', 638, 0, 0, now(), NULL),
(914, 'Saadiyat Beach Residences', 638, 0, 0, now(), NULL),
(915, 'Saadiyat Beach Villas', 638, 0, 0, now(), NULL),
(916, 'Nudra', 642, 0, 0, now(), NULL),
(917, 'Louvre Abu Dhabi Residences', 642, 0, 0, now(), NULL),
(918, 'Ajwan Towers', 642, 0, 0, now(), NULL),
(919, 'Saadiyat Grove', 642, 0, 0, now(), NULL),
(920, 'A01 Saadiyat', 642, 0, 0, now(), NULL),
(921, 'Manarat Living', 642, 0, 0, now(), NULL),
(922, 'The Source II', 642, 0, 0, now(), NULL),
(923, 'Mamsha Al Saadiyat', 642, 0, 0, now(), NULL),
(924, 'Water Front Tower A', 657, 0, 0, now(), NULL),
(925, 'Water Front Tower B', 657, 0, 0, now(), NULL),
(926, 'Mina Tower', 658, 0, 0, now(), NULL),
(927, 'Jannah Burj Al Sarab', 658, 0, 0, now(), NULL),
(928, 'Yas Beach Residences', 684, 0, 0, now(), NULL),
(929, 'Perla 1', 684, 0, 0, now(), NULL),
(930, 'Perla 2', 684, 0, 0, now(), NULL),
(931, 'Perla 3', 684, 0, 0, now(), NULL),
(932, 'Sea La Vie', 684, 0, 0, now(), NULL),
(933, 'Noya Viva', 685, 0, 0, now(), NULL),
(934, 'Noya Luma', 685, 0, 0, now(), NULL),
(935, 'Noya 1', 685, 0, 0, now(), NULL),
(936, 'Noya 2', 685, 0, 0, now(), NULL),
(937, 'Views A', 691, 0, 0, now(), NULL),
(938, 'Views B', 691, 0, 0, now(), NULL),
(939, 'Residences C', 691, 0, 0, now(), NULL),
(940, 'Residences D', 691, 0, 0, now(), NULL),
(941, 'Residences E', 691, 0, 0, now(), NULL),
(942, 'Views F', 691, 0, 0, now(), NULL),
(943, 'Views G', 691, 0, 0, now(), NULL),
(944, 'Apartments 4', 691, 0, 0, now(), NULL),
(945, 'Mayan 1', 699, 0, 0, now(), NULL),
(946, 'Mayan 2', 699, 0, 0, now(), NULL),
(947, 'Mayan 3', 699, 0, 0, now(), NULL),
(948, 'Mayan 4', 699, 0, 0, now(), NULL),
(949, 'Mayan 5', 699, 0, 0, now(), NULL),
(950, 'Mayan 6', 699, 0, 0, now(), NULL),
(951, 'Mayan 7', 699, 0, 0, now(), NULL),
(952, 'Ansam 1', 701, 0, 0, now(), NULL),
(953, 'Ansam 2', 701, 0, 0, now(), NULL),
(954, 'Ansam 3', 701, 0, 0, now(), NULL),
(955, 'Ansam 4', 701, 0, 0, now(), NULL),
(956, 'Lea', 703, 0, 0, now(), NULL),
(957, 'The Cedars', 703, 0, 0, now(), NULL),
(958, 'The Magnolias', 703, 0, 0, now(), NULL),
(959, 'The Dahlias', 703, 0, 0, now(), NULL),
(960, 'Aspens', 703, 0, 0, now(), NULL),
(961, 'Redwoods', 703, 0, 0, now(), NULL),
(962, 'Zayed Military City Tower 1', 705, 0, 0, now(), NULL),
(963, 'Zayed Military City Tower 2', 705, 0, 0, now(), NULL),
(964, 'Zayed Military City Tower 3', 705, 0, 0, now(), NULL),
(965, 'Zayed Military City Tower 4', 705, 0, 0, now(), NULL),
(966, 'Zayed Military City Tower 5', 705, 0, 0, now(), NULL),
(967, 'Zayed Military City Tower 6', 705, 0, 0, now(), NULL),
(968, 'Zayed Military City Tower 7', 705, 0, 0, now(), NULL),
(969, 'Zayed Military City Tower 8', 705, 0, 0, now(), NULL),
(970, 'Zayed Military City Tower 9', 705, 0, 0, now(), NULL),
(1, 'Tower 1', 2, 123, 32, now(), NULL),
(486, 'Tower 1', 30, 123, 123, now(), NULL),
(618, 'Tower 1', 277, 3123, 123, now(), NULL),
(3, 'Centro Capital Centre', 5, 0, 0, now(), NULL),
(32, 'Crescent Tower 2', 1, 0, 0, now(), NULL),
(29, 'Khalidiya Tower A', 1, 0, 0, now(), NULL);

SELECT setval('properties_map_location_id_seq', 970, true); -- Adjust the sequence



INSERT INTO addresses(id,countries_id,states_id,cities_id)
VALUES(1,1,1,1),(2,1,1,1),(3,1,1,1);

SELECT setval('addresses_id_seq', 3, true); -- Adjust the sequence

INSERT INTO department(id,department,company_id)
VALUES(1,'Sale Department',1),(2,'Sale Department',2);

SELECT setval('department_id_seq', 2, true); -- Adjust the sequence

INSERT INTO roles(id,role,created_at,updated_at,department_id)
VALUES(1,'Super Admin',now(),now(),NULL),
(2,'Company Admin',now(),now(),NULL),
(3,'Broker Agent',now(),now(),1),
(4,'Broker Agent',now(),now(),2);

SELECT setval('roles_id_seq', 4, true); -- Adjust the sequence

INSERT INTO "user_types" ("id", "user_type", "created_at", "updated_at") VALUES
(1, 'Company Admin', now(), now()),
(2, 'Agent', now(), now()),
(3, 'Individual', now(), now()),
(4, 'Freelancer', now(), now()),
(5, 'Aqary Management', now(), now()),
(6, 'Super Admin', now(), now()),
(7, 'Company User', now(), now());

SELECT setval('user_types_id_seq', 7, true); -- Adjust the sequence

INSERT INTO users(id,email,username,password,status,roles_id,user_types_id,
show_hide_details,is_verified,created_at,updated_at,is_email_verified)
VALUES(1,'superadmin@aqaryint.com','superadmin','$2a$06$FJHEf65sICQRyOXYsSeZ5u1/kghqG0PW8btH.vhJHnUzD95lSc35K',
2,1,6,true,true,now(),now(),true),
(2,'admin@finehomeint.com','finehomeadmin','$2a$06$FJHEf65sICQRyOXYsSeZ5u1/kghqG0PW8btH.vhJHnUzD95lSc35K',
2,2,1,true,true,now(),now(),true),
(3,'admin@aqaryinvestment.com','aidadmin','$2a$06$FJHEf65sICQRyOXYsSeZ5u1/kghqG0PW8btH.vhJHnUzD95lSc35K',
2,2,1,true,true,now(),now(),true),
(4,'saleslead@finehomeint.com','finehomeagent','$2a$06$FJHEf65sICQRyOXYsSeZ5u1/kghqG0PW8btH.vhJHnUzD95lSc35K',
2,0,2,true,true,now(),now(),true),
(5,'saleslead@aqaryinvestment.com','aidagent','$2a$06$FJHEf65sICQRyOXYsSeZ5u1/kghqG0PW8btH.vhJHnUzD95lSc35K',
2,0,2,true,true,now(),now(),true);

SELECT setval('users_id_seq', 5, true); -- Adjust the sequence

INSERT INTO profiles(id,first_name,last_name,addresses_id,created_at,updated_at,ref_no,users_id)
VALUES(1,'Super','Admin',1,now(),now(),'USR_000001',1),
(2,'Ali','Ahmad',2,now(),now(),'USR_000002',2),
(3,'Ali','Ahmad',3,now(),now(),'USR_000003',3);

SELECT setval('profiles_id_seq', 3, true); -- Adjust the sequence

INSERT INTO company_types(
    id,title
)VALUES(1,'Broker Company'),(2,'Developer Company'),(3,'Services Company'),(4,'Product Company');

SELECT setval('company_types_id_seq', 4, true); -- Adjust the sequence

INSERT INTO quality_score_policies(policy_name, policy_type, parameter_name, parameter_value) VALUES
('title', 'char', 'min', '40'),
('title', 'char', 'max', '60'),
('description', 'char', 'min', '750'),
('description', 'char', 'max', '2000'),
('address', 'field', 'required', 'country,state,city,community'),
('media', 'file', 'min', '5'),
('media', 'file', 'max', '30');

INSERT INTO license_type(
    name
)VALUES('Commercial License'),('Rera Number'),('ORN License'),('Extra License'),('BRN License'),('NOC License');

INSERT INTO subscription_products(
   id,product,created_by
)VALUES(1,'Standard',1),(2,'Featured',1),(3,'Premium',1),(4,'Top Deals',1);

SELECT setval('subscription_products_id_seq', 4, true); -- Adjust the sequence

INSERT INTO all_languages(id,language,code)
VALUES(1,'English','en'),(2,'','ar');

SELECT setval('all_languages_id_seq', 2, true); -- Adjust the sequence

INSERT INTO "categories" ("id", "category", "created_at", "updated_at", "updated_by") VALUES
(1, 'Bathroom', now(), now(), 1),
(2, 'Bedroom Furniture', now(), now(), 1),
(3, 'BUILDING', now(), now(), 1),
(4, 'CLEANING ', now(), now(), 1),
(5, 'Dining Room Furniture', now(), now(), 1),
(6, 'FEATURES', now(), now(), 1),
(7, 'Hallway', now(), now(), 1),
(8, 'HEALTH AND FITNESS', now(), now(), 1),
(9, 'Kitchen', now(), now(), 1),
(10, 'LAUNDRY ', now(), now(), 1),
(11, 'Living Room Furniture', now(), now(), 1),
(12, 'Office', now(), now(), 1),
(13, 'RECREATION AND FAMILY', now(), now(), 1),
(14, 'TECHNOLOGY', now(), now(), 1),
(15, 'BUSINESS AND SECURITY', now(), now(), 1),
(16, 'MISCELLANEOUS', now(), now(), 1),
(17, 'CLEANING AND MAINTENANCE', now(), now(), 1),
(19, 'Others', now(), now(), 1);

SELECT setval('categories_id_seq', 19, true); -- Adjust the sequence

INSERT INTO "currency" ("id", "currency", "code", "flag", "created_at", "updated_at", "currency_rate") VALUES
(31, 'Bermudian Dollar', 'BMD', 'https://aqarydashboard.blob.core.windows.net/upload/flags/17338105983187610000193af2a-31ae-7930-84ea-6eb1926940a9BM.png', now(), now(), 0.2722755128);
INSERT INTO "currency" ("id", "currency", "code", "flag", "created_at", "updated_at", "currency_rate") VALUES
(36, 'Brazilian Real', 'BRL', 'https://aqarydashboard.blob.core.windows.net/upload/flags/17338105984317770000193af2a-321f-7930-9459-57befced18d4BR.png', now(), now(), 1.6558165198);
INSERT INTO "currency" ("id", "currency", "code", "flag", "created_at", "updated_at", "currency_rate") VALUES
(13, 'Euro', 'EUR', 'https://aqarydashboard.blob.core.windows.net/upload/flags/17338105979811480000193af2a-305d-7930-a793-91308287b634AD.png', now(), now(), 0.2609706699);
INSERT INTO "currency" ("id", "currency", "code", "flag", "created_at", "updated_at", "currency_rate") VALUES
(1, 'UAE Dirham', 'AED', 'https://aqarydashboard.blob.core.windows.net/upload/flags/1731308024339707437019319ff-f213-7e58-93ce-aeb6be6a0c9eflag-of-the-united-arab-emirates.webp', now(), now(), 1),
(18, 'Armenian Dram', 'AMD', 'https://aqarydashboard.blob.core.windows.net/upload/flags/17338105980889930000193af2a-30c8-7930-9b5b-b4e487d9661bAM.png', now(), now(), 106.9544666334),
(24, 'Bahraini Dinar', 'BHD', 'https://aqarydashboard.blob.core.windows.net/upload/flags/17338105981960860000193af2a-3134-7930-ac96-abe2163da6c5BH.png', now(), now(), 0.1023755928),
(23, 'Bahamian Dollar', 'BSD', 'https://aqarydashboard.blob.core.windows.net/upload/flags/17338105981781700000193af2a-3122-7930-9109-1d4f7f8355f1BS.png', now(), now(), 0.2722755128),
(8, 'Pound Sterling', 'GBP', 'https://aqarydashboard.blob.core.windows.net/upload/flags/172242360675920600001910872-7de7-7538-b6f5-a7d506878c44Flag_of_England.svg.png', now(), now(), 0.2166550973),
(12, 'US Dollar', 'USD', 'https://aqarydashboard.blob.core.windows.net/upload/flags/17338105979599470000193af2a-3047-7930-8e92-6599818bf7caAS.png', now(), now(), 0.2722755128),
(37, 'US Dollar', 'USD', 'https://aqarydashboard.blob.core.windows.net/upload/flags/17338105984498510000193af2a-3231-7930-bd5c-f4491433eabdIO.png', now(), now(), 0.2722755128),
(30, 'CFA Franc BCEAO', 'XOF', 'https://aqarydashboard.blob.core.windows.net/upload/flags/17338105983013920000193af2a-319d-7930-9483-80f8881ddd6cBJ.png', now(), now(), 171.1642822502),
(19, 'Aruban Florin', 'AWG', 'https://aqarydashboard.blob.core.windows.net/upload/flags/17338105981065590000193af2a-30da-7930-a12f-4161cf5b6f84AW.png', now(), now(), 0.487373168),
(39, 'Bulgarian Lev', 'BGN', 'https://aqarydashboard.blob.core.windows.net/upload/flags/17338105984865120000193af2a-3256-7930-adbf-c49aac4feb69BG.png', now(), now(), 0.5108597497),
(14, 'Kwanza', 'AOA', 'https://aqarydashboard.blob.core.windows.net/upload/flags/17338105979993460000193af2a-306f-7930-8588-afd0faf33e63AO.png', now(), now(), 248.8009028145),
(15, 'East Caribbean Dollar', 'XCD', 'https://aqarydashboard.blob.core.windows.net/upload/flags/17338105980176580000193af2a-3081-7930-8817-d31ec2f0eaa8AI.png', now(), now(), 0.7351438846),
(38, 'Brunei Dollar', 'BND', 'https://aqarydashboard.blob.core.windows.net/upload/flags/17338105984681300000193af2a-3244-7930-9291-8acdeb7db53eBN.png', now(), now(), 0.3687836227),
(16, 'East Caribbean Dollar', 'XCD', 'https://aqarydashboard.blob.core.windows.net/upload/flags/17338105980535810000193af2a-30a5-7930-9466-c4f2bbabca9aAG.png', now(), now(), 0.7351438846),
(35, 'Norwegian Krone', 'NOK', 'https://aqarydashboard.blob.core.windows.net/upload/flags/17338105984140500000193af2a-320e-7930-88b3-bef7ab1b9e18BV.png', now(), now(), 3.0811900706),
(32, 'Boliviano', 'BOB', 'https://aqarydashboard.blob.core.windows.net/upload/flags/17338105983556870000193af2a-31d3-7930-8495-f28ba4b0cae7BO.png', now(), now(), 1.8861453049),
(29, 'Belize Dollar', 'BZD', 'https://aqarydashboard.blob.core.windows.net/upload/flags/17338105982837530000193af2a-318b-7930-b132-17ce9f8b22a2BZ.png', now(), now(), 0.5445510257),
(5, 'Sudanese Pound', 'SDG', 'https://aqarydashboard.blob.core.windows.net/upload/flags/172242355157958270001910871-a65b-7538-be73-019d86cedb76Flag_of_Sudan.png', now(), now(), 163.7737209643),
(10, 'Lek', 'ALL', 'https://aqarydashboard.blob.core.windows.net/upload/flags/17338105979096160000193af2a-3015-7930-87fd-cb7c3d119885AL.png', now(), now(), 25.665033548),
(25, 'Taka', 'BDT', 'https://aqarydashboard.blob.core.windows.net/upload/flags/17338105982139810000193af2a-3145-7930-bbfa-33ee06f56167BD.png', now(), now(), 32.6814269485),
(33, 'Convertible Mark', 'BAM', 'https://aqarydashboard.blob.core.windows.net/upload/flags/17338105983739020000193af2a-31e5-7930-8245-57ab5654e847BA.png', now(), now(), 0.510312467),
(27, 'Belarussian Ruble', 'BYR', 'https://aqarydashboard.blob.core.windows.net/upload/flags/17338105982487320000193af2a-3168-7930-a017-ad88fcd6ee17BY.png', now(), now(), 8903.420848221),
(4, 'Egyptian Pound', 'EGP', 'https://aqarydashboard.blob.core.windows.net/upload/flags/173130826481315699501931a03-9d6d-7e58-96ae-57efb989585aFlag_of_Egypt.svg.webp', now(), now(), 13.8665505022),
(20, 'Australian Dollar', 'AUD', 'https://aqarydashboard.blob.core.windows.net/upload/flags/17338105981242980000193af2a-30ec-7930-85b8-c67f504ead7eAU.png', now(), now(), 0.4354775101),
(6, 'Syrian Pound', 'SYP', 'https://aqarydashboard.blob.core.windows.net/upload/flags/172242357104178920001910871-f261-7538-9479-c7a657b3cde8Flag_of_Syria.png', now(), now(), 3560.3017989912),
(11, 'Algerian Dinar', 'DZD', 'https://aqarydashboard.blob.core.windows.net/upload/flags/17338105979296880000193af2a-3029-7930-8873-13300b7430b7DZ.png', now(), now(), 36.80373863),
(26, 'Barbados Dollar', 'BBD', 'https://aqarydashboard.blob.core.windows.net/upload/flags/17338105982316110000193af2a-3157-7930-a53f-e1a51af16e03BB.png', now(), now(), 0.5445510257),
(9, 'Afghani', 'AFN', 'https://aqarydashboard.blob.core.windows.net/upload/flags/17338105978356530000193af2a-2fcb-7930-8493-0798e2d78fb9AF.png', now(), now(), 19.0778116776),
(45, 'Cabo Verde Escudo', 'CVE', 'https://aqarydashboard.blob.core.windows.net/upload/flags/17338105986158690000193af2a-32d7-7930-8523-11172d36b27eCV.png', now(), now(), 28.9055552563),
(41, 'Burundi Franc', 'BIF', 'https://aqarydashboard.blob.core.windows.net/upload/flags/17338105985245520000193af2a-327c-7930-8103-cd772ace562dBI.png', now(), now(), 791.3523138968);
INSERT INTO "currency" ("id", "currency", "code", "flag", "created_at", "updated_at", "currency_rate") VALUES
(54, 'Comoro Franc', 'KMF', 'https://aqarydashboard.blob.core.windows.net/upload/flags/17338105987732280000193af2a-3375-7930-934a-40474d1284c0KM.png', now(), now(), 129.0912617671),
(64, 'Djibouti Franc', 'DJF', 'https://aqarydashboard.blob.core.windows.net/upload/flags/17338105989665300000193af2a-3436-7930-a2c1-d291591577ddDJ.png', now(), now(), 48.3890764148),
(67, 'US Dollar', 'USD', 'https://aqarydashboard.blob.core.windows.net/upload/flags/17338105990174410000193af2a-3469-7930-ae67-af3eb24ec3cbEC.png', now(), now(), 0.2722755128),
(46, 'Cayman Islands Dollar', 'KYD', 'https://aqarydashboard.blob.core.windows.net/upload/flags/17338105986349210000193af2a-32ea-7930-bffe-a62f5c9fbba8KY.png', now(), now(), 0.2268953531),
(68, 'US Dollar', 'USD', 'https://aqarydashboard.blob.core.windows.net/upload/flags/17338105990378110000193af2a-347d-7930-9157-cb30efc7e984SV.png', now(), now(), 0.2722755128),
(44, 'Canadian Dollar', 'CAD', 'https://aqarydashboard.blob.core.windows.net/upload/flags/17338105985977090000193af2a-32c5-7930-87a0-a915bee5ff27CA.png', now(), now(), 0.3910448669),
(50, 'Yuan Renminbi', 'CNY', 'https://aqarydashboard.blob.core.windows.net/upload/flags/17338105987031390000193af2a-332f-7930-a86d-4794695e19d1CN.png', now(), now(), 1.9870316399),
(60, 'Cuban Peso', 'CUP', 'https://aqarydashboard.blob.core.windows.net/upload/flags/17338105988992510000193af2a-33f3-7930-93cc-df12ea61f0d1CU.png', now(), now(), 6.5346123078),
(49, 'Chilean Peso', 'CLP', 'https://aqarydashboard.blob.core.windows.net/upload/flags/17338105986857010000193af2a-331d-7930-be08-e9ab25273487CL.png', now(), now(), 269.2120481888),
(40, 'CFA Franc BCEAO', 'XOF', 'https://aqarydashboard.blob.core.windows.net/upload/flags/17338105985051840000193af2a-3269-7930-a57f-fdc2c5ac0691BF.png', now(), now(), 171.1642822502),
(58, 'CFA Franc BCEAO', 'XOF', 'https://aqarydashboard.blob.core.windows.net/upload/flags/17338105988631900000193af2a-33cf-7930-8a93-14ca66217a0aCI.png', now(), now(), 171.1642822502),
(56, 'New Zealand Dollar', 'NZD', 'https://aqarydashboard.blob.core.windows.net/upload/flags/17338105988277310000193af2a-33ab-7930-86b5-88ca6befda7fCK.png', now(), now(), 0.4818405839),
(79, 'CFP Franc', 'XPF', 'https://aqarydashboard.blob.core.windows.net/upload/flags/17338105992473050000193af2a-354f-7930-b1eb-79b6b2bb43d5PF.png', now(), now(), 31.1191253643),
(42, 'Riel', 'KHR', 'https://aqarydashboard.blob.core.windows.net/upload/flags/17338105985599870000193af2a-329f-7930-8f02-83dd9e6625e6KH.png', now(), now(), 1093.3963506803),
(63, 'Danish Krone', 'DKK', 'https://aqarydashboard.blob.core.windows.net/upload/flags/17338105989506710000193af2a-3426-7930-b756-f319b2c83970DK.png', now(), now(), 1.9463672236),
(66, 'Dominican Peso', 'DOP', 'https://aqarydashboard.blob.core.windows.net/upload/flags/17338105990011070000193af2a-3459-7930-aefd-901b32a48724DO.png', now(), now(), 16.5204532666),
(59, 'Croatian Kuna', 'HRK', 'https://aqarydashboard.blob.core.windows.net/upload/flags/17338105988814270000193af2a-33e1-7930-a025-a39cb308cc2bHR.png', now(), now(), 1.834097161),
(65, 'East Caribbean Dollar', 'XCD', 'https://aqarydashboard.blob.core.windows.net/upload/flags/17338105989833930000193af2a-3447-7930-8a8e-0c01ab57ed49DM.png', now(), now(), 0.7351438846),
(53, 'Colombian Peso', 'COP', 'https://aqarydashboard.blob.core.windows.net/upload/flags/17338105987558130000193af2a-3363-7930-8ff9-3eb2bfd39b10CO.png', now(), now(), 1194.1347709956),
(57, 'Costa Rican Colon', 'CRC', 'https://aqarydashboard.blob.core.windows.net/upload/flags/17338105988452820000193af2a-33bd-7930-9c70-3dabb9d40f3dCR.png', now(), now(), 138.1801157503),
(62, 'Czech Koruna', 'CZK', 'https://aqarydashboard.blob.core.windows.net/upload/flags/17338105989339770000193af2a-3415-7930-95d1-f9067b1df20cCZ.png', now(), now(), 6.5360917773),
(70, 'Nakfa', 'ERN', 'https://aqarydashboard.blob.core.windows.net/upload/flags/17338105990862100000193af2a-34ae-7930-8aa0-adb74e7c564cER.png', now(), now(), 4.0841326924),
(51, 'Australian Dollar', 'AUD', 'https://aqarydashboard.blob.core.windows.net/upload/flags/17338105987209780000193af2a-3340-7930-9c8f-3f850ee6367aCX.png', now(), now(), 0.4354775101),
(75, 'Fiji Dollar', 'FJD', 'https://aqarydashboard.blob.core.windows.net/upload/flags/17338105991740760000193af2a-3506-7930-8285-80faf9d20d09FJ.png', now(), now(), 0.6284391943);
INSERT INTO "currency" ("id", "currency", "code", "flag", "created_at", "updated_at", "currency_rate") VALUES
(111, 'Jordanian Dinar', 'JOD', 'https://aqarydashboard.blob.core.windows.net/upload/flags/17338105998301720000193af2a-3796-7930-80c7-881a5c31af77JO.png', now(), now(), 0.1933156141),
(105, 'Iraqi Dinar', 'IQD', 'https://aqarydashboard.blob.core.windows.net/upload/flags/17338105997260780000193af2a-372e-7930-bad8-cd656b06d631IQ.png', now(), now(), 356.2296415558),
(95, 'Guyana Dollar', 'GYD', 'https://aqarydashboard.blob.core.windows.net/upload/flags/17338105995387270000193af2a-3672-7930-91a2-560e668fb2a2GY.png', now(), now(), 56.8966016474),
(92, 'Quetzal', 'GTQ', 'https://aqarydashboard.blob.core.windows.net/upload/flags/17338105994850760000193af2a-363d-7930-b3c6-6df2b0380f24GT.png', now(), now(), 2.0958764173),
(107, 'New Israeli Sheqel', 'ILS', 'https://aqarydashboard.blob.core.windows.net/upload/flags/17338105997596230000193af2a-374f-7930-8a13-b373e6700c69IL.png', now(), now(), 0.9911837322),
(113, 'Kenyan Shilling', 'KES', 'https://aqarydashboard.blob.core.windows.net/upload/flags/17338105998665800000193af2a-37ba-7930-8611-ad2249a619c1KE.png', now(), now(), 35.0174835423),
(110, 'Yen', 'JPY', 'https://aqarydashboard.blob.core.windows.net/upload/flags/17338105998128290000193af2a-3784-7930-80e7-5ace57de9de3JP.png', now(), now(), 42.6183434941),
(91, 'US Dollar', 'USD', 'https://aqarydashboard.blob.core.windows.net/upload/flags/17338105994662250000193af2a-362a-7930-9ff9-f0271634ec00GU.png', now(), now(), 0.2722755128),
(122, 'Rand', 'ZAR', 'https://aqarydashboard.blob.core.windows.net/upload/flags/17338106000550720000193af2a-3877-7930-ad18-b81ffee0c9e6LS.png', now(), now(), 4.9837318877),
(116, 'Won', 'KRW', 'https://aqarydashboard.blob.core.windows.net/upload/flags/17338105999247750000193af2a-37f4-7930-bb35-f7e51b02f5e8KR.png', now(), now(), 393.004791129),
(123, 'Liberian Dollar', 'LRD', 'https://aqarydashboard.blob.core.windows.net/upload/flags/17338106000729840000193af2a-3888-7930-8712-9d4d1d5874a5LR.png', now(), now(), 49.5927088559),
(94, 'CFA Franc BCEAO', 'XOF', 'https://aqarydashboard.blob.core.windows.net/upload/flags/17338105995212510000193af2a-3661-7930-9c63-1090b7911e06GW.png', now(), now(), 171.1642822502),
(97, 'Australian Dollar', 'AUD', 'https://aqarydashboard.blob.core.windows.net/upload/flags/17338105995728170000193af2a-3694-7930-b710-e97923f60625HM.png', now(), now(), 0.4354775101),
(104, 'Iranian Rial', 'IRR', 'https://aqarydashboard.blob.core.windows.net/upload/flags/17338105997085570000193af2a-371c-7930-b59f-ed1d066c85f6IR.png', now(), now(), 11439.7456733293),
(117, 'Kuwaiti Dinar', 'KWD', 'https://aqarydashboard.blob.core.windows.net/upload/flags/17338105999438740000193af2a-3807-7930-b1e5-55c8e8d33c26KW.png', now(), now(), 0.0837928051),
(103, 'Rupiah', 'IDR', 'https://aqarydashboard.blob.core.windows.net/upload/flags/17338105996899860000193af2a-3709-7930-b25b-75d3f9813be1ID.png', now(), now(), 4405.9537693834),
(83, 'Lari', 'GEL', 'https://aqarydashboard.blob.core.windows.net/upload/flags/17338105993197390000193af2a-3597-7930-b37a-6d9f14873197GE.png', now(), now(), 0.7594337197),
(99, 'Lempira', 'HNL', 'https://aqarydashboard.blob.core.windows.net/upload/flags/17338105996053730000193af2a-36b5-7930-9189-85f7dc0fa011HN.png', now(), now(), 6.9069610984),
(85, 'Ghana Cedi', 'GHS', 'https://aqarydashboard.blob.core.windows.net/upload/flags/17338105993548920000193af2a-35ba-7930-9935-1c5fa2d2dfccGH.png', now(), now(), 3.9936152726),
(86, 'Gibraltar Pound', 'GIP', 'https://aqarydashboard.blob.core.windows.net/upload/flags/17338105993722900000193af2a-35cc-7930-b222-86558fb12c7eGI.png', now(), now(), 0.2166194166),
(102, 'Iceland Krona', 'ISK', 'https://aqarydashboard.blob.core.windows.net/upload/flags/17338105996565710000193af2a-36e8-7930-8755-6e99fc32afefIS.png', now(), now(), 37.9394457526),
(100, 'Hong Kong Dollar', 'HKD', 'https://aqarydashboard.blob.core.windows.net/upload/flags/17338105996211240000193af2a-36c5-7930-b708-3c4c8b0b925cHK.png', now(), now(), 2.1165667038),
(88, 'Danish Krone', 'DKK', 'https://aqarydashboard.blob.core.windows.net/upload/flags/17338105994091910000193af2a-35f1-7930-9963-6b04981778fcGL.png', now(), now(), 1.9463672236),
(96, 'US Dollar', 'USD', 'https://aqarydashboard.blob.core.windows.net/upload/flags/17338105995557250000193af2a-3683-7930-b239-c0bd926e04e2HT.png', now(), now(), 0.2722755128),
(82, 'Dalasi', 'GMD', 'https://aqarydashboard.blob.core.windows.net/upload/flags/17338105993014330000193af2a-3585-7930-b6cf-68b6ab6118a0GM.png', now(), now(), 19.9085997047),
(89, 'East Caribbean Dollar', 'XCD', 'https://aqarydashboard.blob.core.windows.net/upload/flags/17338105994265620000193af2a-3602-7930-bc9d-59a9e2101e3eGD.png', now(), now(), 0.7351438846),
(115, 'North Korean Won', 'KPW', 'https://aqarydashboard.blob.core.windows.net/upload/flags/17338105999061900000193af2a-37e2-7930-8f81-bc76b642950dKP.png', now(), now(), 245.0489479335),
(101, 'Forint', 'HUF', 'https://aqarydashboard.blob.core.windows.net/upload/flags/17338105996378190000193af2a-36d5-7930-8a0c-94a871a7c03eHU.png', now(), now(), 107.9014715849),
(119, 'Kip', 'LAK', 'https://aqarydashboard.blob.core.windows.net/upload/flags/17338105999997920000193af2a-383f-7930-9b3d-c641b9ee5ef0LA.png', now(), now(), 5933.5063241977),
(109, 'Jamaican Dollar', 'JMD', 'https://aqarydashboard.blob.core.windows.net/upload/flags/17338105997938690000193af2a-3771-7930-9b31-bb2e7abf23fcJM.png', now(), now(), 42.4549831894),
(126, 'Euro', 'EUR', 'https://aqarydashboard.blob.core.windows.net/upload/flags/17338106001257410000193af2a-38bd-7930-8efb-cf78ba3ecf12LT.png', now(), now(), 0.2609706699),
(130, 'Malagasy Ariary', 'MGA', 'https://aqarydashboard.blob.core.windows.net/upload/flags/17338106001971070000193af2a-3905-7930-80be-b9c82c13e55fMG.png', now(), now(), 1281.7156538687),
(129, 'Denar', 'MKD', 'https://aqarydashboard.blob.core.windows.net/upload/flags/17338106001796570000193af2a-38f3-7930-884a-6b6dd9ee1d86MK.png', now(), now(), 16.0964353568),
(143, 'Moldovan Leu', 'MDL', 'https://aqarydashboard.blob.core.windows.net/upload/flags/17338106004660370000193af2a-3a12-7930-8db7-7fae08a4338eMD.png', now(), now(), 4.9953223666),
(132, 'Malaysian Ringgit', 'MYR', 'https://aqarydashboard.blob.core.windows.net/upload/flags/17338106002554230000193af2a-393f-7930-8e41-bcfa5f086b8dMY.png', now(), now(), 1.2265822922),
(134, 'CFA Franc BCEAO', 'XOF', 'https://aqarydashboard.blob.core.windows.net/upload/flags/17338106002916390000193af2a-3963-7930-bc25-51e02ad41b50ML.png', now(), now(), 171.1642822502),
(152, 'Nepalese Rupee', 'NPR', 'https://aqarydashboard.blob.core.windows.net/upload/flags/17338106006326120000193af2a-3ab8-7930-acc1-511d42cacd39NP.png', now(), now(), 36.8496672028),
(3, 'Indian Rupee', 'INR', 'https://aqarydashboard.blob.core.windows.net/upload/flags/17338105996730290000193af2a-36f9-7930-b4ab-695210548a31IN.png', now(), now(), 23.1308126033),
(136, 'US Dollar', 'USD', 'https://aqarydashboard.blob.core.windows.net/upload/flags/17338106003302730000193af2a-398a-7930-aec4-18d98083dbc6MH.png', now(), now(), 0.2722755128),
(147, 'Moroccan Dirham', 'MAD', 'https://aqarydashboard.blob.core.windows.net/upload/flags/17338106005388610000193af2a-3a5a-7930-b155-318e407226c2MA.png', now(), now(), 2.7324839701),
(142, 'US Dollar', 'USD', 'https://aqarydashboard.blob.core.windows.net/upload/flags/17338106004413770000193af2a-39f9-7930-927c-e55d4ee47134FM.png', now(), now(), 0.2722755128),
(149, 'Kyat', 'MMK', 'https://aqarydashboard.blob.core.windows.net/upload/flags/17338106005772600000193af2a-3a81-7930-891b-eaa1762fba8cMM.png', now(), now(), 571.5290820571),
(163, 'Rial Omani', 'OMR', 'https://aqarydashboard.blob.core.windows.net/upload/flags/17338106008674830000193af2a-3ba3-7930-9fec-5ac25cd55e3fOM.png', now(), now(), 0.1045919266),
(148, 'Mozambique Metical', 'MZN', 'https://aqarydashboard.blob.core.windows.net/upload/flags/17338106005572410000193af2a-3a6d-7930-a6fa-a2c83622d432MZ.png', now(), now(), 17.3161204887),
(161, 'US Dollar', 'USD', 'https://aqarydashboard.blob.core.windows.net/upload/flags/17338106008065350000193af2a-3b66-7930-ab0a-83b6fd7c1c43MP.png', now(), now(), 0.2722755128),
(154, 'CFP Franc', 'XPF', 'https://aqarydashboard.blob.core.windows.net/upload/flags/17338106006709580000193af2a-3ade-7930-bde0-f6728c4f4dccNC.png', now(), now(), 31.1191253643),
(138, 'Ouguiya', 'MRO', 'https://aqarydashboard.blob.core.windows.net/upload/flags/17338106003666170000193af2a-39ae-7930-bf0a-c5b1243dc902MR.png', now(), now(), 97.2023112472),
(164, 'US Dollar', 'USD', 'https://aqarydashboard.blob.core.windows.net/upload/flags/17338106008854770000193af2a-3bb5-7930-9dc5-962fa75e0e33PW.png', now(), now(), 0.2722755128),
(146, 'East Caribbean Dollar', 'XCD', 'https://aqarydashboard.blob.core.windows.net/upload/flags/17338106005220950000193af2a-3a4a-7930-897b-258ee5858c71MS.png', now(), now(), 0.7351438846),
(162, 'Norwegian Krone', 'NOK', 'https://aqarydashboard.blob.core.windows.net/upload/flags/17338106008396300000193af2a-3b87-7930-b75a-1cd578f9692dNO.png', now(), now(), 3.0811900706),
(131, 'Kwacha', 'MWK', 'https://aqarydashboard.blob.core.windows.net/upload/flags/17338106002164930000193af2a-3918-7930-a7b5-753646372559MW.png', now(), now(), 472.1837474936),
(145, 'Tugrik', 'MNT', 'https://aqarydashboard.blob.core.windows.net/upload/flags/17338106005044940000193af2a-3a38-7930-803d-a5a5ebbc99aaMN.png', now(), now(), 935.5211675932),
(155, 'New Zealand Dollar', 'NZD', 'https://aqarydashboard.blob.core.windows.net/upload/flags/17338106006891640000193af2a-3af1-7930-9975-f35547b2678fNZ.png', now(), now(), 0.4818405839),
(158, 'Naira', 'NGN', 'https://aqarydashboard.blob.core.windows.net/upload/flags/17338106007464560000193af2a-3b2a-7930-aca9-11b60895d691NG.png', now(), now(), 418.5463274545),
(141, 'Mexican Peso', 'MXN', 'https://aqarydashboard.blob.core.windows.net/upload/flags/17338106004247330000193af2a-39e8-7930-a3ad-f8c70de745b7MX.png', now(), now(), 5.4597458925),
(124, 'Libyan Dinar', 'LYD', 'https://aqarydashboard.blob.core.windows.net/upload/flags/17338106000907390000193af2a-389a-7930-9c3b-31bae54ec3d0LY.png', now(), now(), 1.3374556697),
(139, 'Mauritius Rupee', 'MUR', 'https://aqarydashboard.blob.core.windows.net/upload/flags/17338106003911290000193af2a-39c7-7930-a228-9a489c1f7ce6MU.png', now(), now(), 12.8435452006),
(159, 'New Zealand Dollar', 'NZD', 'https://aqarydashboard.blob.core.windows.net/upload/flags/17338106007656280000193af2a-3b3d-7930-8796-627d70dac113NU.png', now(), now(), 0.4818405839),
(128, 'Pataca', 'MOP', 'https://aqarydashboard.blob.core.windows.net/upload/flags/17338106001613010000193af2a-38e1-7930-95bc-fc8ba6b77365MO.png', now(), now(), 2.1845839544),
(150, 'Rand', 'ZAR', 'https://aqarydashboard.blob.core.windows.net/upload/flags/17338106005960160000193af2a-3a94-7930-9249-70aa32e39f83NA.png', now(), now(), 4.9837318877),
(179, 'East Caribbean Dollar', 'XCD', 'https://aqarydashboard.blob.core.windows.net/upload/flags/17338106011769720000193af2a-3cd8-7930-baef-2e49a271576aKN.png', now(), now(), 0.7351438846),
(194, 'Somali Shilling', 'SOS', 'https://aqarydashboard.blob.core.windows.net/upload/flags/17338106014577760000193af2a-3df1-7930-87a4-504f3f104c94SO.png', now(), now(), 157.8891451429),
(201, 'Swedish Krona', 'SEK', 'https://aqarydashboard.blob.core.windows.net/upload/flags/17338106016117810000193af2a-3e8b-7930-aec9-a218c7d9f4d5SE.png', now(), now(), 3.0017863399),
(172, 'Euro', 'EUR', 'https://aqarydashboard.blob.core.windows.net/upload/flags/17338106010454820000193af2a-3c55-7930-bfbb-37bc60181203PT.png', now(), now(), 0.2609706699),
(171, 'Zloty', 'PLN', 'https://aqarydashboard.blob.core.windows.net/upload/flags/17338106010271450000193af2a-3c43-7930-9cea-dd9a8b48dcf0PL.png', now(), now(), 1.1115703623),
(175, 'Euro', 'EUR', 'https://aqarydashboard.blob.core.windows.net/upload/flags/17338106011010920000193af2a-3c8d-7930-b9ea-c3ac0cf178b1RE.png', now(), now(), 0.2609706699),
(195, 'Rand', 'ZAR', 'https://aqarydashboard.blob.core.windows.net/upload/flags/17338106014764420000193af2a-3e04-7930-9c3a-c215b2e09750ZA.png', now(), now(), 4.9837318877),
(189, 'Leone', 'SLL', 'https://aqarydashboard.blob.core.windows.net/upload/flags/17338106013646390000193af2a-3d94-7930-8582-38146d9bff7eSL.png', now(), now(), 6184.3935946829),
(165, 'US Dollar', 'USD', 'https://aqarydashboard.blob.core.windows.net/upload/flags/17338106009203930000193af2a-3bd8-7930-a1c9-86d708af5996PA.png', now(), now(), 0.2722755128),
(197, 'Sri Lanka Rupee', 'LKR', 'https://aqarydashboard.blob.core.windows.net/upload/flags/17338106015328040000193af2a-3e3c-7930-918c-6c55fc75aa0aLK.png', now(), now(), 79.4753771487),
(173, 'US Dollar', 'USD', 'https://aqarydashboard.blob.core.windows.net/upload/flags/17338106010641030000193af2a-3c68-7930-a134-2f84bb47370aPR.png', now(), now(), 0.2722755128),
(187, 'CFA Franc BCEAO', 'XOF', 'https://aqarydashboard.blob.core.windows.net/upload/flags/17338106013277480000193af2a-3d6f-7930-bbc3-94c4316a2c9fSN.png', now(), now(), 171.1642822502),
(169, 'Philippine Peso', 'PHP', 'https://aqarydashboard.blob.core.windows.net/upload/flags/17338106009902740000193af2a-3c1e-7930-a254-71c9abad052dPH.png', now(), now(), 16.0113550618);
INSERT INTO "currency" ("id", "currency", "code", "flag", "created_at", "updated_at", "currency_rate") VALUES
(199, 'Norwegian Krone', 'NOK', 'https://aqarydashboard.blob.core.windows.net/upload/flags/17338106015734060000193af2a-3e65-7930-b7ae-8942ebb3a59fSJ.png', now(), now(), 3.0811900706),
(168, 'Nuevo Sol', 'PEN', 'https://aqarydashboard.blob.core.windows.net/upload/flags/17338106009725920000193af2a-3c0c-7930-a39a-fc425fffe73fPE.png', now(), now(), 1.0138806515),
(166, 'Kina', 'PGK', 'https://aqarydashboard.blob.core.windows.net/upload/flags/17338106009380680000193af2a-3bea-7930-84e1-6768cfaf99ffPG.png', now(), now(), 1.0854564432),
(186, 'Saudi Riyal', 'SAR', 'https://aqarydashboard.blob.core.windows.net/upload/flags/17338106013094940000193af2a-3d5d-7930-8167-fc15c461d1bdSA.png', now(), now(), 1.0210115944),
(190, 'Singapore Dollar', 'SGD', 'https://aqarydashboard.blob.core.windows.net/upload/flags/17338106013829390000193af2a-3da6-7930-af8a-c5697523877cSG.png', now(), now(), 0.3690041827),
(206, 'Baht', 'THB', 'https://aqarydashboard.blob.core.windows.net/upload/flags/17338106017011810000193af2a-3ee5-7930-960a-860df37c0e80TH.png', now(), now(), 9.3341773096),
(204, 'Somoni', 'TJS', 'https://aqarydashboard.blob.core.windows.net/upload/flags/17338106016650300000193af2a-3ec1-7930-a2fe-dadc755c1df9TJ.png', now(), now(), 2.9534490527),
(193, 'Solomon Islands Dollar', 'SBD', 'https://aqarydashboard.blob.core.windows.net/upload/flags/17338106014396110000193af2a-3ddf-7930-aa30-e896b3df9cb3SB.png', now(), now(), 2.2905816247),
(176, 'New Romanian Leu', 'RON', 'https://aqarydashboard.blob.core.windows.net/upload/flags/17338106011202230000193af2a-3ca0-7930-8e45-bb0f4bc3d9a1RO.png', now(), now(), 1.2983350526),
(198, 'Surinam Dollar', 'SRD', 'https://aqarydashboard.blob.core.windows.net/upload/flags/17338106015538910000193af2a-3e51-7930-abcc-cd6fa46567b1SR.png', now(), now(), 9.5508984075),
(170, 'New Zealand Dollar', 'NZD', 'https://aqarydashboard.blob.core.windows.net/upload/flags/17338106010087020000193af2a-3c30-7930-99d6-10afca8f5a68PN.png', now(), now(), 0.4818405839),
(188, 'Seychelles Rupee', 'SCR', 'https://aqarydashboard.blob.core.windows.net/upload/flags/17338106013457200000193af2a-3d81-7930-b31e-40b5f67251caSC.png', now(), now(), 4.0449174246),
(200, 'Lilangeni', 'SZL', 'https://aqarydashboard.blob.core.windows.net/upload/flags/17338106015932200000193af2a-3e79-7930-90fb-a69e1666ee06SZ.png', now(), now(), 4.9710790085),
(202, 'Swiss Franc', 'CHF', 'https://aqarydashboard.blob.core.windows.net/upload/flags/17338106016294860000193af2a-3e9d-7930-a34e-1ff98f9f0507CH.png', now(), now(), 0.2431529725),
(225, 'Dong', 'VND', 'https://aqarydashboard.blob.core.windows.net/upload/flags/17338106020663800000193af2a-4052-7930-a3fd-887eca1aa698VN.png', now(), now(), 6928.4975407535),
(217, 'Uganda Shilling', 'UGX', 'https://aqarydashboard.blob.core.windows.net/upload/flags/17338106019147440000193af2a-3fba-7930-8fb5-46c08744f566UG.png', now(), now(), 993.435743483),
(230, 'Yemeni Rial', 'YER', 'https://aqarydashboard.blob.core.windows.net/upload/flags/17338106021575920000193af2a-40ad-7930-94cd-3e89679a9d28YE.png', now(), now(), 67.7917825733),
(72, 'Ethiopian Birr', 'ETB', 'https://aqarydashboard.blob.core.windows.net/upload/flags/17338105991222930000193af2a-34d2-7930-a97e-e40089892a81ET.png', now(), now(), 34.4870379643),
(205, 'Tanzanian Shilling', 'TZS', 'https://aqarydashboard.blob.core.windows.net/upload/flags/17338106016843040000193af2a-3ed4-7930-8c86-062dfbcbc502TZ.png', now(), now(), 651.5551745589),
(207, 'US Dollar', 'USD', 'https://aqarydashboard.blob.core.windows.net/upload/flags/17338106017180500000193af2a-3ef6-7930-84da-235ee2091533TL.png', now(), now(), 0.2722755128),
(221, 'Peso Uruguayo', 'UYU', 'https://aqarydashboard.blob.core.windows.net/upload/flags/17338106019900970000193af2a-4006-7930-98a4-9fea557d7285UY.png', now(), now(), 12.1940972245),
(157, 'CFA Franc BCEAO', 'XOF', 'https://aqarydashboard.blob.core.windows.net/upload/flags/17338106007277910000193af2a-3b17-7930-9031-4aa8d34cd2a4NE.png', now(), now(), 171.1642822502),
(208, 'CFA Franc BCEAO', 'XOF', 'https://aqarydashboard.blob.core.windows.net/upload/flags/17338106017364540000193af2a-3f08-7930-bba9-45837c8af472TG.png', now(), now(), 171.1642822502),
(209, 'New Zealand Dollar', 'NZD', 'https://aqarydashboard.blob.core.windows.net/upload/flags/17338106017540370000193af2a-3f1a-7930-b8a7-ee0620aa5e1bTK.png', now(), now(), 0.4818405839),
(232, 'Zimbabwe Dollar', 'ZWL', 'https://aqarydashboard.blob.core.windows.net/upload/flags/17338106021923100000193af2a-40d0-7930-b948-810b9b1c2bd2ZW.png', now(), now(), 17329.6597152515),
(229, 'Moroccan Dirham', 'MAD', 'https://aqarydashboard.blob.core.windows.net/upload/flags/17338106021401400000193af2a-409c-7930-8f1b-e8cfdd00c2f3EH.png', now(), now(), 2.7324839701),
(222, 'Uzbekistan Sum', 'UZS', 'https://aqarydashboard.blob.core.windows.net/upload/flags/17338106020073340000193af2a-4017-7930-8ec2-8269c661af49UZ.png', now(), now(), 3505.5977274873),
(121, 'Lebanese Pound', 'LBP', 'https://aqarydashboard.blob.core.windows.net/upload/flags/17338106000380040000193af2a-3866-7930-807d-26fb3b8c9876LB.png', now(), now(), 24389.1484345041),
(214, 'Turkmenistan New Manat', 'TMT', 'https://aqarydashboard.blob.core.windows.net/upload/flags/17338106018603700000193af2a-3f84-7930-9f4b-b0616b313b6bTM.png', now(), now(), 0.9529642949),
(223, 'Vatu', 'VUV', 'https://aqarydashboard.blob.core.windows.net/upload/flags/17338106020245090000193af2a-4028-7930-8aa6-a59889848857VU.png', now(), now(), 32.8176645757),
(212, 'Tunisian Dinar', 'TND', 'https://aqarydashboard.blob.core.windows.net/upload/flags/17338106018250270000193af2a-3f61-7930-89c6-8366b9c3a2f7TN.png', now(), now(), 0.8656483683),
(180, 'East Caribbean Dollar', 'XCD', 'https://aqarydashboard.blob.core.windows.net/upload/flags/17338106011957970000193af2a-3ceb-7930-81fa-0ff1e1cdcf34LC.png', now(), now(), 0.7351438846),
(218, 'Hryvnia', 'UAH', 'https://aqarydashboard.blob.core.windows.net/upload/flags/17338106019321460000193af2a-3fcc-7930-80eb-e6a344201c7aUA.png', now(), now(), 11.4525493446),
(52, 'Australian Dollar', 'AUD', 'https://aqarydashboard.blob.core.windows.net/upload/flags/17338105987386980000193af2a-3352-7930-b460-f97d7d7a022bCC.png', now(), now(), 0.4354775101),
(114, 'Australian Dollar', 'AUD', 'https://aqarydashboard.blob.core.windows.net/upload/flags/17338105998866150000193af2a-37ce-7930-9be6-eeafc7c9af77KI.png', now(), now(), 0.4354775101),
(231, 'Zambian Kwacha', 'ZMW', 'https://aqarydashboard.blob.core.windows.net/upload/flags/17338106021743140000193af2a-40be-7930-900e-6d0956bf405fZM.png', now(), now(), 7.5552820123),
(228, 'CFP Franc', 'XPF', 'https://aqarydashboard.blob.core.windows.net/upload/flags/17338106021227880000193af2a-408a-7930-b0c6-e8c3c1497ac9WF.png', now(), now(), 31.1191253643),
(224, 'Bolivar', 'VEF', 'https://aqarydashboard.blob.core.windows.net/upload/flags/17338106020454980000193af2a-403d-7930-920d-2f1a04275ccfVE.png', now(), now(), 1401556.1690087132),
(74, 'Danish Krone', 'DKK', 'https://aqarydashboard.blob.core.windows.net/upload/flags/17338105991568210000193af2a-34f4-7930-961a-b7746ac44deeFO.png', now(), now(), 1.9463672236),
(2, 'Pakistan Rupee', 'PKR', 'https://aqarydashboard.blob.core.windows.net/upload/flags/173130811476707783801931a01-534f-7e58-b815-21d4438a31cfistockphoto-652750800-612x612.jpg', now(), now(), 75.7928794321),
(182, 'East Caribbean Dollar', 'XCD', 'https://aqarydashboard.blob.core.windows.net/upload/flags/17338106012336770000193af2a-3d11-7930-9c15-a35cbb9f3c18VC.png', now(), now(), 0.7351438846),
(7, 'Russian Ruble', 'RUB', 'https://aqarydashboard.blob.core.windows.net/upload/flags/172242358527728140001910872-29fd-7538-b883-967c7fd56510Flag_of_Russia.png', now(), now(), 28.2142052211),
(210, 'Paanga', 'TOP', 'https://aqarydashboard.blob.core.windows.net/upload/flags/17338106017731530000193af2a-3f2d-7930-8c48-cbb16d7f74ceTO.png', now(), now(), 0.6554271695),
(203, 'New Taiwan Dollar', 'TWD', 'https://aqarydashboard.blob.core.windows.net/upload/flags/17338106016469140000193af2a-3eae-7930-9ee5-811580f02494TW.png', now(), now(), 8.8872810682),
(151, 'Australian Dollar', 'AUD', 'https://aqarydashboard.blob.core.windows.net/upload/flags/17338106006144450000193af2a-3aa6-7930-b606-890192a328e4NR.png', now(), now(), 0.4354775101),
(160, 'Australian Dollar', 'AUD', 'https://aqarydashboard.blob.core.windows.net/upload/flags/17338106007845260000193af2a-3b50-7930-9fd7-eb3b008d1e6dNF.png', now(), now(), 0.4354775101),
(216, 'Australian Dollar', 'AUD', 'https://aqarydashboard.blob.core.windows.net/upload/flags/17338106018951620000193af2a-3fa7-7930-8a57-15cd87bcaa50TV.png', now(), now(), 0.4354775101),
(125, 'Swiss Franc', 'CHF', 'https://aqarydashboard.blob.core.windows.net/upload/flags/17338106001079570000193af2a-38ab-7930-b565-aefd82b63b37LI.png', now(), now(), 0.2431529725),
(156, 'Cordoba Oro', 'NIO', 'https://aqarydashboard.blob.core.windows.net/upload/flags/17338106007094030000193af2a-3b05-7930-a4b0-f764505ddd88NI.png', now(), now(), 10.0191934938),
(22, 'Azerbaijanian Manat', 'AZN', 'https://aqarydashboard.blob.core.windows.net/upload/flags/17338105981584810000193af2a-310e-7930-ac40-524928c9a7b7AZ.png', now(), now(), 0.4628683718),
(21, 'Euro', 'EUR', 'https://aqarydashboard.blob.core.windows.net/upload/flags/17338105981418250000193af2a-30fd-7930-b323-9cc63f6ff767AT.png', now(), now(), 0.2609706699),
(215, 'US Dollar', 'USD', 'https://aqarydashboard.blob.core.windows.net/upload/flags/17338106018773540000193af2a-3f95-7930-890e-0e6ed2d95565TC.png', now(), now(), 0.2722755128),
(219, 'US Dollar', 'USD', 'https://aqarydashboard.blob.core.windows.net/upload/flags/17338106019555020000193af2a-3fe3-7930-b2fd-064dd4af81c6US.png', now(), now(), 0.2722755128),
(220, 'US Dollar', 'USD', 'https://aqarydashboard.blob.core.windows.net/upload/flags/17338106019729720000193af2a-3ff4-7930-8535-2966663f4fa0UM.png', now(), now(), 0.2722755128),
(226, 'US Dollar', 'USD', 'https://aqarydashboard.blob.core.windows.net/upload/flags/17338106020838870000193af2a-4063-7930-b288-180ee9d6175cVG.png', now(), now(), 0.2722755128),
(227, 'US Dollar', 'USD', 'https://aqarydashboard.blob.core.windows.net/upload/flags/17338106021018900000193af2a-4075-7930-a668-2f7064684822VI.png', now(), now(), 0.2722755128),
(177, 'Rwanda Franc', 'RWF', 'https://aqarydashboard.blob.core.windows.net/upload/flags/17338106011392900000193af2a-3cb3-7930-9ab6-6dd3d492a635RW.png', now(), now(), 374.4655344277),
(174, 'Qatari Rial', 'QAR', 'https://aqarydashboard.blob.core.windows.net/upload/flags/17338106010822320000193af2a-3c7a-7930-9bf7-557209fab1c4QA.png', now(), now(), 0.9911374328),
(43, 'CFA Franc BEAC', 'XAF', 'https://aqarydashboard.blob.core.windows.net/upload/flags/17338105985787230000193af2a-32b2-7930-a615-40ba231b3a57CM.png', now(), now(), 171.1642912753),
(47, 'CFA Franc BEAC', 'XAF', 'https://aqarydashboard.blob.core.windows.net/upload/flags/17338105986513020000193af2a-32fb-7930-8c4f-07e07e365820CF.png', now(), now(), 171.1642912753),
(48, 'CFA Franc BEAC', 'XAF', 'https://aqarydashboard.blob.core.windows.net/upload/flags/17338105986684650000193af2a-330c-7930-a66d-619e3574963fTD.png', now(), now(), 171.1642912753),
(55, 'CFA Franc BEAC', 'XAF', 'https://aqarydashboard.blob.core.windows.net/upload/flags/17338105987913850000193af2a-3387-7930-a796-405a264c5860CG.png', now(), now(), 171.1642912753),
(69, 'CFA Franc BEAC', 'XAF', 'https://aqarydashboard.blob.core.windows.net/upload/flags/17338105990645960000193af2a-3498-7930-9e44-ae86de201b8cGQ.png', now(), now(), 171.1642912753),
(81, 'CFA Franc BEAC', 'XAF', 'https://aqarydashboard.blob.core.windows.net/upload/flags/17338105992835510000193af2a-3573-7930-98c7-bb7ca80671c1GA.png', now(), now(), 171.1642912753),
(112, 'Tenge', 'KZT', 'https://aqarydashboard.blob.core.windows.net/upload/flags/17338105998480400000193af2a-37a8-7930-9ecc-9dfe222644f0KZ.png', now(), now(), 142.8268034875),
(183, 'Tala', 'WST', 'https://aqarydashboard.blob.core.windows.net/upload/flags/17338106012533090000193af2a-3d25-7930-90be-def72ad85243WS.png', now(), now(), 0.7670902971),
(213, 'Turkish Lira', 'TRY', 'https://aqarydashboard.blob.core.windows.net/upload/flags/17338106018425970000193af2a-3f72-7930-8cdc-070f002c0954TR.png', now(), now(), 9.5736466994),
(211, 'Trinidad and Tobago Dollar', 'TTD', 'https://aqarydashboard.blob.core.windows.net/upload/flags/17338106018053710000193af2a-3f4d-7930-884a-ee7c1130a793TT.png', now(), now(), 1.8545450481),
(185, 'Dobra', 'STD', 'https://aqarydashboard.blob.core.windows.net/upload/flags/17338106012905270000193af2a-3d4a-7930-8a61-d7f71d1ae424ST.png', now(), now(), 6438.4252959409),
(133, 'Rufiyaa', 'MVR', 'https://aqarydashboard.blob.core.windows.net/upload/flags/17338106002742130000193af2a-3952-7930-84e9-84091ba9227cMV.png', now(), now(), 4.2071066201),
(178, 'Saint Helena Pound', 'SHP', 'https://aqarydashboard.blob.core.windows.net/upload/flags/17338106011590110000193af2a-3cc7-7930-ac26-d4885acd2e8dSH.png', now(), now(), 0.2166550952),
(34, 'Pula', 'BWP', 'https://aqarydashboard.blob.core.windows.net/upload/flags/17338105983941470000193af2a-31fa-7930-8632-f2cd1e69a347BW.png', now(), now(), 3.7372895774),
(167, 'Guarani', 'PYG', 'https://aqarydashboard.blob.core.windows.net/upload/flags/17338106009551790000193af2a-3bfb-7930-880a-ed2d4cc991fdPY.png', now(), now(), 2132.9277445647),
(61, 'Euro', 'EUR', 'https://aqarydashboard.blob.core.windows.net/upload/flags/17338105989166100000193af2a-3404-7930-967e-2ec4e6c31067CY.png', now(), now(), 0.2609706699),
(71, 'Euro', 'EUR', 'https://aqarydashboard.blob.core.windows.net/upload/flags/17338105991042480000193af2a-34c0-7930-bc62-2b6ec0c61fa5EE.png', now(), now(), 0.2609706699),
(76, 'Euro', 'EUR', 'https://aqarydashboard.blob.core.windows.net/upload/flags/17338105991906280000193af2a-3516-7930-84fe-7d52f868a944FI.png', now(), now(), 0.2609706699),
(77, 'Euro', 'EUR', 'https://aqarydashboard.blob.core.windows.net/upload/flags/17338105992089390000193af2a-3528-7930-943a-2114b2c8ce4cFR.png', now(), now(), 0.2609706699),
(84, 'Euro', 'EUR', 'https://aqarydashboard.blob.core.windows.net/upload/flags/17338105993374980000193af2a-35a9-7930-aa7b-859efcd1ac84DE.png', now(), now(), 0.2609706699),
(28, 'Euro', 'EUR', 'https://aqarydashboard.blob.core.windows.net/upload/flags/17338105982657810000193af2a-3179-7930-b8fd-c7b3f8215c8bBE.png', now(), now(), 0.2609706699),
(78, 'Euro', 'EUR', 'https://aqarydashboard.blob.core.windows.net/upload/flags/17338105992278150000193af2a-353b-7930-a08c-887822cfbdc9GF.png', now(), now(), 0.2609706699),
(80, 'Euro', 'EUR', 'https://aqarydashboard.blob.core.windows.net/upload/flags/17338105992658780000193af2a-3561-7930-9363-12b3c14369cbTF.png', now(), now(), 0.2609706699),
(87, 'Euro', 'EUR', 'https://aqarydashboard.blob.core.windows.net/upload/flags/17338105993911030000193af2a-35df-7930-8618-e2516e9c9288GR.png', now(), now(), 0.2609706699),
(90, 'Euro', 'EUR', 'https://aqarydashboard.blob.core.windows.net/upload/flags/17338105994474340000193af2a-3617-7930-ac68-7b7c92ac6f9bGP.png', now(), now(), 0.2609706699),
(98, 'Euro', 'EUR', 'https://aqarydashboard.blob.core.windows.net/upload/flags/17338105995892680000193af2a-36a5-7930-a86c-f4b509ff01d2VA.png', now(), now(), 0.2609706699),
(106, 'Euro', 'EUR', 'https://aqarydashboard.blob.core.windows.net/upload/flags/17338105997431660000193af2a-373f-7930-97a3-4a44529af00aIE.png', now(), now(), 0.2609706699),
(108, 'Euro', 'EUR', 'https://aqarydashboard.blob.core.windows.net/upload/flags/17338105997767620000193af2a-3760-7930-a3b7-2c865c8f4b47IT.png', now(), now(), 0.2609706699),
(120, 'Euro', 'EUR', 'https://aqarydashboard.blob.core.windows.net/upload/flags/17338106000178740000193af2a-3851-7930-b659-f58304d6b72cLV.png', now(), now(), 0.2609706699),
(127, 'Euro', 'EUR', 'https://aqarydashboard.blob.core.windows.net/upload/flags/17338106001440210000193af2a-38d0-7930-a98a-0d674ef630d4LU.png', now(), now(), 0.2609706699),
(135, 'Euro', 'EUR', 'https://aqarydashboard.blob.core.windows.net/upload/flags/17338106003103790000193af2a-3976-7930-81f8-8c628e8c398eMT.png', now(), now(), 0.2609706699),
(137, 'Euro', 'EUR', 'https://aqarydashboard.blob.core.windows.net/upload/flags/17338106003487770000193af2a-399c-7930-9530-8ea4cd3d2b32MQ.png', now(), now(), 0.2609706699),
(140, 'Euro', 'EUR', 'https://aqarydashboard.blob.core.windows.net/upload/flags/17338106004075830000193af2a-39d7-7930-99c2-141c0b3a96f0YT.png', now(), now(), 0.2609706699),
(144, 'Euro', 'EUR', 'https://aqarydashboard.blob.core.windows.net/upload/flags/17338106004847570000193af2a-3a24-7930-975b-ad31770ba424MC.png', now(), now(), 0.2609706699),
(153, 'Euro', 'EUR', 'https://aqarydashboard.blob.core.windows.net/upload/flags/17338106006525980000193af2a-3acc-7930-ae9e-eb05609505c6NL.png', now(), now(), 0.2609706699),
(181, 'Euro', 'EUR', 'https://aqarydashboard.blob.core.windows.net/upload/flags/17338106012154970000193af2a-3cff-7930-a9de-3b0f8f295e9aPM.png', now(), now(), 0.2609706699),
(184, 'Euro', 'EUR', 'https://aqarydashboard.blob.core.windows.net/upload/flags/17338106012719540000193af2a-3d37-7930-8c74-1fb782682757SM.png', now(), now(), 0.2609706699),
(191, 'Euro', 'EUR', 'https://aqarydashboard.blob.core.windows.net/upload/flags/17338106014019490000193af2a-3db9-7930-abb9-c8cb5c2fc16bSK.png', now(), now(), 0.2609706699),
(192, 'Euro', 'EUR', 'https://aqarydashboard.blob.core.windows.net/upload/flags/17338106014211430000193af2a-3dcd-7930-b24d-89e584454ebcSI.png', now(), now(), 0.2609706699),
(196, 'Euro', 'EUR', 'https://aqarydashboard.blob.core.windows.net/upload/flags/17338106015122930000193af2a-3e28-7930-aebf-f9cf11e1ec14ES.png', now(), now(), 0.2609706699),
(73, 'Falkland Islands Pound', 'FKP', 'https://aqarydashboard.blob.core.windows.net/upload/flags/17338105991396150000193af2a-34e3-7930-bcd9-0f8479d95f2eFK.png', now(), now(), 0.2166193053),
(118, 'Som', 'KGS', 'https://aqarydashboard.blob.core.windows.net/upload/flags/17338105999820530000193af2a-382e-7930-bb76-958186235165KG.png', now(), now(), 23.5942407028);
INSERT INTO "currency" ("id", "currency", "code", "flag", "created_at", "updated_at", "currency_rate") VALUES
(93, 'Guinea Franc', 'GNF', 'https://aqarydashboard.blob.core.windows.net/upload/flags/17338105995042300000193af2a-3650-7930-b5aa-c2db3520fe92GN.png', now(), now(), 2353.8559230405),
(17, 'Argentine Peso', 'ARS', 'https://aqarydashboard.blob.core.windows.net/upload/flags/17338105980717470000193af2a-30b7-7930-b226-bc2036e371c6AR.png', now(), now(), 278.400415001);

SELECT setval('currency_id_seq', 232, true); -- Adjust the sequence


INSERT INTO "documents_category" ("id", "category", "created_at", "updated_at", "status") VALUES
(1, 'accountant', now(), now(), 1),
(2, 'Fax document ', now(), now(), 1),
(3, 'General Papers ', now(), now(), 1),
(4, 'Legal Papers ', now(), now(), 1),
(5, 'Listing Document ', now(), now(), 1),
(6, ' images ', now(), now(), 1),
(7, 'Owner Papers', now(), now(), 1),
(8, 'Property Papers ', now(), now(), 1),
(9, 'whatsapp', now(), now(), 1),
(10, 'Email', now(), now(), 1),
(11, 'Video', now(), now(), 1),
(12, 'Location', now(), now(), 1);

SELECT setval('documents_category_id_seq', 12, true); -- Adjust the sequence

INSERT INTO "documents_subcategory" ("id", "sub_category", "created_at", "updated_at", "documents_category_id", "status") VALUES
(1, 'Clearance Certificate ', now(), now(), 1, 1),
(2, 'Cheque ', now(), now(), 1, 1),
(3, 'inVoice ', now(), now(), 1, 1),
(4, 'Income ', now(), now(), 1, 1),
(5, 'Email Convo', now(), now(), 1, 1),
(6, 'Email availabilities', now(), now(), 1, 1),
(7, 'Payment plans', now(), now(), 1, 1),
(8, 'incoming Fax ', now(), now(), 2, 1),
(9, 'Outgoing Fax', now(), now(), 2, 1),
(10, 'Papers ', now(), now(), 3, 1),
(11, 'Property Template ', now(), now(), 3, 1),
(12, 'New update ', now(), now(), 3, 1),
(13, 'Brochure ', now(), now(), 3, 1),
(14, 'Arabic quotation ', now(), now(), 4, 1),
(15, 'Legal Papers ', now(), now(), 4, 1),
(16, 'L.L.C Contracts Standard ', now(), now(), 4, 1),
(17, 'L.L.C 1 Person Contract', now(), now(), 4, 1),
(18, 'Confidential ', now(), now(), 4, 1),
(19, 'Cooperation Joiavature ', now(), now(), 4, 1),
(20, 'Service Provider ', now(), now(), 4, 1),
(21, 'Appoinment ', now(), now(), 4, 1),
(22, 'Brokerage Contracts ', now(), now(), 4, 1),
(23, 'Commission Contracts ', now(), now(), 4, 1),
(24, 'Exhibtion Contracts ', now(), now(), 4, 1),
(25, 'Labour Contracts ', now(), now(), 4, 1),
(26, 'Offer Letter ', now(), now(), 4, 1),
(27, 'SPA', now(), now(), 4, 1),
(28, 'MOU', now(), now(), 4, 1),
(29, 'Advertising Agent agreement ', now(), now(), 4, 1),
(30, 'Attorney Engagement Letter ', now(), now(), 4, 1),
(31, 'Consulting Agreement ', now(), now(), 4, 1),
(32, 'Financial service agreement ', now(), now(), 4, 1),
(33, 'Mutual Non Disclasire ', now(), now(), 4, 1),
(34, 'Non Disclasira agreement ', now(), now(), 4, 1),
(35, 'Notice Of transmition ', now(), now(), 4, 1),
(36, 'Supplier agreement ', now(), now(), 4, 1),
(37, 'Marketing agreement ', now(), now(), 4, 1),
(38, 'Legal services Agreement ', now(), now(), 4, 1),
(39, 'incoming Coorspondance ', now(), now(), 4, 1),
(40, 'out going Coorspondance', now(), now(), 4, 1),
(41, 'Brokerage and Marketing agreement ', now(), now(), 4, 1),
(42, 'Acknowledgments and undertakers', now(), now(), 4, 1),
(43, 'Renewal Notice ', now(), now(), 4, 1),
(44, 'Non Renewal Notice', now(), now(), 4, 1),
(45, 'Notice Of Eviction ', now(), now(), 4, 1),
(46, 'English Quotation ', now(), now(), 4, 1),
(47, 'tenancy Contract ', now(), now(), 4, 1),
(48, 'Special Power of Attorney (Companies) ', now(), now(), 4, 1),
(49, 'Brokerage agreement ( With buyer or buyer Marketing ', now(), now(), 4, 1),
(50, 'Notice Of Eviction ( For Self usage )', now(), now(), 4, 1),
(51, 'Booking agreement ', now(), now(), 4, 1),
(52, 'Letter of Intent ', now(), now(), 4, 1),
(53, 'NOC', now(), now(), 4, 1),
(54, 'Listing ', now(), now(), 5, 1),
(55, 'availabilities', now(), now(), 5, 1),
(56, 'Promotion', now(), now(), 5, 1),
(57, 'Listing Pictures', now(), now(), 6, 1),
(58, 'Original images ', now(), now(), 6, 1),
(59, 'Owner Papers ', now(), now(), 7, 1),
(60, 'Passport Copy ', now(), now(), 7, 1),
(61, 'Family Book ', now(), now(), 7, 1),
(62, 'Salary certificate ', now(), now(), 7, 1),
(63, 'Statement of account ', now(), now(), 7, 1),
(64, 'Owner Clearance Certificate ', now(), now(), 7, 1),
(65, 'Iban Letter ', now(), now(), 7, 1),
(66, 'visa copy', now(), now(), 7, 1),
(67, 'ID', now(), now(), 7, 1),
(68, 'title ', now(), now(), 8, 1),
(69, 'Site Plan', now(), now(), 8, 1),
(70, 'Title Deed ', now(), now(), 8, 1),
(71, 'search certificate ', now(), now(), 8, 1),
(72, ' Property Tenancy Contract ', now(), now(), 8, 1),
(73, 'Property Clearance certificate ', now(), now(), 8, 1),
(74, 'Building permit ', now(), now(), 8, 1),
(75, 'Building Completion certificate ', now(), now(), 8, 1),
(76, 'Property Details', now(), now(), 8, 1),
(77, 'Master Plan', now(), now(), 8, 1),
(78, 'Floor plan', now(), now(), 8, 1),
(79, 'LETTER OF INTENT', now(), now(), 8, 1),
(80, 'whatsapp conversation', now(), now(), 9, 1),
(81, 'Email availabilities', now(), now(), 10, 1),
(82, 'Email conversation', now(), now(), 10, 1),
(83, 'video ', now(), now(), 11, 1),
(84, 'Video WhatsApp ', now(), now(), 11, 1),
(85, 'Location ', now(), now(), 12, 1);

SELECT setval('documents_subcategory_id_seq', 85, true); -- Adjust the sequence

INSERT INTO "entity_type" ("id", "name") VALUES
(1, 'Project'),
(2, 'Phase'),
(3, 'Property'),
(4, 'Exhibitions'),
(5, 'Unit'),
(6, 'Company'),
(7, 'Profile'),
(8, 'Freelancer'),
(9, 'User'),
(10, 'Holiday'),
(11, 'Service'),
(12, 'Open House'),
(13, 'Schedule View'),
(14, 'Unit Versions'),
(15, 'Property Versions'),
(16, 'Publish'),
(17, 'Company Activity ');

SELECT setval('entity_type_id_seq', 17, true); -- Adjust the sequence

INSERT INTO "facilities_amenities" ("id", "icon_url", "title", "type", "created_at", "updated_at", "categories", "updated_by") VALUES
(1, 'https://aqarydashboard.blob.core.windows.net/upload/facilities/garbage_disposal.svg', 'Garbage disposal', 1, now(), now(), 6, 1),
(3, 'https://aqarydashboard.blob.core.windows.net/upload/facilities/emergency_generator.svg', 'Emergency generator', 1, now(), now(), 6, 1),
(4, 'https://aqarydashboard.blob.core.windows.net/upload/facilities/disabled_facilities.svg', 'Disabled Facilities', 1, now(), now(), 6, 1),
(5, 'https://aqarydashboard.blob.core.windows.net/upload/facilities/018db1b7-1496-71c1-aeda-a9b8d479653a.svg', 'Parking', 1, now(), now(), 6, 1),
(7, 'https://aqarydashboard.blob.core.windows.net/upload/facilities/table_tennis.svg', 'Table tennis', 1, now(), now(), 8, 1),
(78, 'https://aqarydashboard.blob.core.windows.netupload/amenities/17183464132859645720190156d-74e5-73ae-9b1f-e7a1b0c76f6cgolang1.png', 'Sauna', 2, now(), now(), 8, 1),
(50, 'https://aqarydashboard.blob.core.windows.net/upload/facilities/marina_berths.svg', 'Marina berths', 1, now(), now(), 6, 1),
(51, 'https://aqarydashboard.blob.core.windows.net/upload/facilities/sky_lounge.svg', 'Sky lounge', 1, now(), now(), 6, 1),
(52, 'https://aqarydashboard.blob.core.windows.net/upload/facilities/retail_services.svg', 'Retail Services', 1, now(), now(), 6, 1),
(53, 'https://aqarydashboard.blob.core.windows.net/upload/facilities/018db1b7-d4c9-71c1-9d54-e6473fb50d63.svg', 'Nursery', 1, now(), now(), 8, 1),
(54, 'https://aqarydashboard.blob.core.windows.net/upload/facilities/valet_services.svg', 'Valet services', 1, now(), now(), 6, 1),
(55, 'https://aqarydashboard.blob.core.windows.net/upload/facilities/visitor_parking.svg', 'Visitor parking', 1, now(), now(), 6, 1),
(56, 'https://aqarydashboard.blob.core.windows.net/upload/facilities/multipurpose_hall.svg', 'Multipurpose Hall', 1, now(), now(), 6, 1),
(57, 'https://aqarydashboard.blob.core.windows.net/upload/facilities/convenience_store.svg', 'Convenience store', 1, now(), now(), 6, 1),
(58, 'https://aqarydashboard.blob.core.windows.net/upload/facilities/football_playground.svg', 'Football playground', 1, now(), now(), 8, 1),
(59, 'https://aqarydashboard.blob.core.windows.net/upload/facilities/equestrian_centre.svg', 'Equestrian centre', 1, now(), now(), 8, 1),
(60, 'https://aqarydashboard.blob.core.windows.net/upload/facilities/squash_courts.svg', 'Squash courts', 1, now(), now(), 8, 1),
(61, 'https://aqarydashboard.blob.core.windows.net/upload/facilities/banquet_hall.svg', 'Banquet Hall', 1, now(), now(), 13, 1),
(62, 'https://aqarydashboard.blob.core.windows.net/upload/facilities/basketball_court.svg', 'Basketball court', 1, now(), now(), 13, 1),
(63, 'https://aqarydashboard.blob.core.windows.net/upload/facilities/bbq_facilities.svg', 'BBQ facilities', 1, now(), now(), 13, 1),
(64, 'https://aqarydashboard.blob.core.windows.net/upload/facilities/beach_access.svg', 'Beach Access', 1, now(), now(), 13, 1),
(65, 'https://aqarydashboard.blob.core.windows.net/upload/facilities/018db1b9-3952-71c1-b39e-36954c5076eb.svg', 'Schools', 1, now(), now(), 13, 1),
(66, 'https://aqarydashboard.blob.core.windows.net/upload/facilities/common_pantry.svg', 'Common Pantry', 1, now(), now(), 13, 1),
(67, 'https://aqarydashboard.blob.core.windows.net/upload/facilities/common_washroom.svg', 'Common Washroom', 1, now(), now(), 13, 1),
(2, 'https://aqarydashboard.blob.core.windows.net/upload/amenities/intercom.svg', 'Intercom', 1, now(), now(), 6, 1),
(35, 'https://aqarydashboard.blob.core.windows.net/upload/amenities/intercom.svg', 'Intercoms', 1, now(), now(), 14, 1),
(36, 'https://aqarydashboard.blob.core.windows.net/upload/amenities/walk-in_closet.svg', 'Walk- in closet', 1, now(), now(), 19, 1),
(37, 'https://aqarydashboard.blob.core.windows.net/upload/amenities/central_gas.svg', 'Central gas', 1, now(), now(), 19, 1),
(38, 'https://aqarydashboard.blob.core.windows.net/upload/amenities/central_heating.svg', 'Central heating', 1, now(), now(), 19, 1),
(39, 'https://aqarydashboard.blob.core.windows.net/upload/amenities/cigar_room.svg', 'Cigar room', 1, now(), now(), 19, 1),
(79, 'https://aqarydashboard.blob.core.windows.net/upload/amenities/bathroom_cabinet.svg', 'Bathroom cabinet', 2, now(), now(), 1, 1),
(80, 'https://aqarydashboard.blob.core.windows.net/upload/amenities/hair_dryer.svg', 'Hair dryer', 2, now(), now(), 1, 1),
(81, 'https://aqarydashboard.blob.core.windows.net/upload/amenities/shower_curtain.svg', 'Shower curtain or glass wall', 2, now(), now(), 1, 1),
(82, 'https://aqarydashboard.blob.core.windows.net/upload/amenities/lamps.svg', 'Lamps', 2, now(), now(), 2, 1),
(83, 'https://aqarydashboard.blob.core.windows.net/upload/amenities/slippers.svg', 'Slippers', 2, now(), now(), 1, 1),
(84, 'https://aqarydashboard.blob.core.windows.net/upload/amenities/soap_dispenser.svg', 'Soap dispenser', 2, now(), now(), 1, 1),
(85, 'https://aqarydashboard.blob.core.windows.net/upload/amenities/toilet_brush.svg', 'Toilet brush', 2, now(), now(), 1, 1),
(86, 'https://aqarydashboard.blob.core.windows.net/upload/amenities/toilet_paper.svg', 'Toilet paper', 2, now(), now(), 1, 1),
(87, 'https://aqarydashboard.blob.core.windows.net/upload/amenities/toilet_paper_holder.svg', 'Toilet paper holder', 2, now(), now(), 1, 1),
(88, 'https://aqarydashboard.blob.core.windows.net/upload/amenities/toothbrush_mug.svg', 'Toothbrush mug', 2, now(), now(), 1, 1);
INSERT INTO "facilities_amenities" ("id", "icon_url", "title", "type", "created_at", "updated_at", "categories", "updated_by") VALUES
(89, 'https://aqarydashboard.blob.core.windows.net/upload/amenities/towel_holder.svg', 'Towel holder', 2, now(), now(), 1, 1),
(90, 'https://aqarydashboard.blob.core.windows.net/upload/amenities/towels.svg', 'Towels', 2, now(), now(), 1, 1),
(91, 'https://aqarydashboard.blob.core.windows.net/upload/amenities/bathrobes.svg', 'Bathrobes', 2, now(), now(), 1, 1),
(92, 'https://aqarydashboard.blob.core.windows.net/upload/amenities/slippers.svg', 'Slippers', 2, now(), now(), 1, 1),
(93, 'https://aqarydashboard.blob.core.windows.net/upload/amenities/toiletries.svg', 'toiletries', 2, now(), now(), 1, 1),
(94, 'https://aqarydashboard.blob.core.windows.net/upload/amenities/towels.svg', 'Towels', 2, now(), now(), 1, 1),
(95, 'https://aqarydashboard.blob.core.windows.net/upload/amenities/bed_frame.svg', 'Bed frame', 2, now(), now(), 2, 1),
(96, 'https://aqarydashboard.blob.core.windows.net/upload/amenities/blankets.svg', 'Blankets', 2, now(), now(), 2, 1),
(97, 'https://aqarydashboard.blob.core.windows.net/upload/amenities/built-in_wardrobe.svg', 'Built in Wardrobes', 2, now(), now(), 2, 1),
(98, 'https://aqarydashboard.blob.core.windows.net/upload/amenities/curtains.svg', 'Curtains ', 2, now(), now(), 2, 1),
(99, 'https://aqarydashboard.blob.core.windows.net/upload/amenities/dresser.svg', 'Dresser', 2, now(), now(), 2, 1),
(100, 'https://aqarydashboard.blob.core.windows.net/upload/amenities/mattress.svg', 'Mattress', 2, now(), now(), 2, 1),
(101, 'https://aqarydashboard.blob.core.windows.net/upload/amenities/mirror.svg', 'Mirror', 2, now(), now(), 2, 1),
(102, 'https://aqarydashboard.blob.core.windows.net/upload/amenities/nightstands.svg', 'Nightstands', 2, now(), now(), 2, 1),
(103, 'https://aqarydashboard.blob.core.windows.net/upload/amenities/walk-in_closet.svg', 'Walk in Closet', 2, now(), now(), 2, 1),
(104, 'https://aqarydashboard.blob.core.windows.net/upload/amenities/balcony.svg', 'Balcony or Terrace', 2, now(), now(), 3, 1),
(105, 'https://aqarydashboard.blob.core.windows.net/upload/amenities/cigar_room.svg', 'Cigar room', 2, now(), now(), 3, 1),
(106, 'https://aqarydashboard.blob.core.windows.net/upload/amenities/conference_room.svg', 'Conference Room', 2, now(), now(), 3, 1),
(107, 'https://aqarydashboard.blob.core.windows.net/upload/amenities/dining_in_building.svg', 'Dining in building', 2, now(), now(), 3, 1),
(108, 'https://aqarydashboard.blob.core.windows.net/upload/amenities/lobby_in_the_building.svg', 'Lobby in Building', 2, now(), now(), 3, 1),
(109, 'https://aqarydashboard.blob.core.windows.net/upload/amenities/mezzanine.svg', 'Mezzanine', 2, now(), now(), 3, 1),
(110, 'https://aqarydashboard.blob.core.windows.net/upload/amenities/pets_allowed.svg', 'Pets Allowed', 2, now(), now(), 3, 1),
(111, 'https://aqarydashboard.blob.core.windows.net/upload/amenities/reception.svg', 'Reception', 2, now(), now(), 3, 1),
(112, 'https://aqarydashboard.blob.core.windows.net/upload/amenities/retail_building.svg', 'Retail in Building', 2, now(), now(), 3, 1),
(113, 'https://aqarydashboard.blob.core.windows.net/upload/amenities/secure_underground__parking.svg', 'Secure underground parking', 2, now(), now(), 3, 1),
(114, 'https://aqarydashboard.blob.core.windows.net/upload/amenities/service_elevators.svg', 'Service Elevators', 2, now(), now(), 3, 1),
(115, 'https://aqarydashboard.blob.core.windows.net/upload/amenities/all_purpose_cleaner.svg', 'All purpose cleaner', 2, now(), now(), 4, 1),
(116, 'https://aqarydashboard.blob.core.windows.net/upload/amenities/broom_and_dustpan.svg', 'Broom and dustpan', 2, now(), now(), 4, 1),
(117, 'https://aqarydashboard.blob.core.windows.net/upload/amenities/bucket.svg', 'Bucket', 2, now(), now(), 4, 1),
(118, 'https://aqarydashboard.blob.core.windows.net/upload/amenities/cleaning_services.svg', 'Cleaning Services', 2, now(), now(), 4, 1),
(119, 'https://aqarydashboard.blob.core.windows.net/upload/amenities/large_scrub_brushes.svg', 'Large scrub brushes', 2, now(), now(), 4, 1),
(120, 'https://aqarydashboard.blob.core.windows.net/upload/amenities/mop.svg', 'Mop', 2, now(), now(), 4, 1),
(121, 'https://aqarydashboard.blob.core.windows.net/upload/amenities/technology.svg', 'Technology', 2, now(), now(), 4, 1),
(122, 'https://aqarydashboard.blob.core.windows.net/upload/amenities/toilet_cleaner.svg', 'Toilet cleaner', 2, now(), now(), 4, 1),
(123, 'https://aqarydashboard.blob.core.windows.net/upload/amenities/vacuum_cleaner.svg', 'Vacuum cleaner', 2, now(), now(), 4, 1),
(124, 'https://aqarydashboard.blob.core.windows.net/upload/amenities/waste_disposal.svg', 'Waste Disposal', 2, now(), now(), 4, 1),
(125, 'https://aqarydashboard.blob.core.windows.net/upload/amenities/window_cleaner.svg', 'Window cleaner', 2, now(), now(), 4, 1),
(126, 'https://aqarydashboard.blob.core.windows.net/upload/amenities/chairs.svg', 'Chairs', 2, now(), now(), 5, 1),
(127, 'https://aqarydashboard.blob.core.windows.net/upload/amenities/table.svg', 'Table', 2, now(), now(), 5, 1),
(128, 'https://aqarydashboard.blob.core.windows.net/upload/amenities/built-in_wardrobe.svg', 'Builtin Wardrobes', 2, now(), now(), 6, 1),
(129, 'https://aqarydashboard.blob.core.windows.net/upload/amenities/central_ac.svg', 'Central AC', 2, now(), now(), 6, 1),
(130, 'https://aqarydashboard.blob.core.windows.net/upload/amenities/central_gas.svg', 'Central gas', 2, now(), now(), 6, 1),
(131, 'https://aqarydashboard.blob.core.windows.net/upload/amenities/central_heating.svg', 'Central Heating', 2, now(), now(), 6, 1),
(132, 'https://aqarydashboard.blob.core.windows.net/upload/amenities/furnished.svg', 'Furnished', 2, now(), now(), 6, 1),
(133, 'https://aqarydashboard.blob.core.windows.net/upload/amenities/parking.svg', 'Parking Spaces', 2, now(), now(), 6, 1),
(134, 'https://aqarydashboard.blob.core.windows.net/upload/amenities/study_room.svg', 'Study Room', 2, now(), now(), 6, 1),
(135, 'https://aqarydashboard.blob.core.windows.net/upload/amenities/walk-in_closet.svg', 'Walkin Closet', 2, now(), now(), 6, 1),
(136, 'https://aqarydashboard.blob.core.windows.net/upload/amenities/key_holder_-_tray.svg', 'Key holder/tray', 2, now(), now(), 7, 1),
(137, 'https://aqarydashboard.blob.core.windows.net/upload/amenities/shelf_for_shower_items_in_the_shower.svg', 'Shelf for shower items in the shower', 2, now(), now(), 1, 1),
(138, 'https://aqarydashboard.blob.core.windows.net/upload/amenities/mirror.svg', 'Mirror', 2, now(), now(), 7, 1),
(139, 'https://aqarydashboard.blob.core.windows.net/upload/amenities/shelf_for_wet_shoes.svg', 'Shelf for wet shoes', 2, now(), now(), 7, 1),
(140, 'https://aqarydashboard.blob.core.windows.net/upload/amenities/shoe_cabinet.svg', 'Shoe cabinet', 2, now(), now(), 7, 1),
(141, 'https://aqarydashboard.blob.core.windows.net/upload/amenities/wardrobe_-_coat_hook.svg', 'wardrobe/coat hook', 2, now(), now(), 7, 1),
(142, 'https://aqarydashboard.blob.core.windows.net/upload/amenities/first_aid_medical_center.svg', 'First Aid Medical Center', 2, now(), now(), 8, 1),
(143, 'https://aqarydashboard.blob.core.windows.net/upload/amenities/outside_children''s_play_area.svg', 'Outside Childrens Play Area ', 2, now(), now(), 8, 1),
(144, 'https://aqarydashboard.blob.core.windows.net/upload/amenities/private_pool.svg', 'Private  pool ', 2, now(), now(), 8, 1),
(145, 'https://aqarydashboard.blob.core.windows.net/upload/amenities/shared_children''s_pool.svg', 'Private Childrens Pool', 2, now(), now(), 8, 1),
(146, 'https://aqarydashboard.blob.core.windows.net/upload/amenities/private_gym.svg', 'Private Gym', 2, now(), now(), 8, 1),
(147, 'https://aqarydashboard.blob.core.windows.net/upload/amenities/private_jacuzzi.svg', 'Private Jacuzzi', 2, now(), now(), 8, 1),
(148, 'https://aqarydashboard.blob.core.windows.net/upload/amenities/shared_sauna.svg', 'Privet sauna', 2, now(), now(), 8, 1),
(149, 'https://aqarydashboard.blob.core.windows.net/upload/amenities/private_gym.svg', 'Shared Gym', 2, now(), now(), 8, 1),
(150, 'https://aqarydashboard.blob.core.windows.net/upload/amenities/private_jacuzzi.svg', 'Shared Jacuzzi', 2, now(), now(), 8, 1),
(151, 'https://aqarydashboard.blob.core.windows.net/upload/amenities/maintenance_staff.svg', 'Maintenance Staff', 2, now(), now(), 4, 1),
(152, 'https://aqarydashboard.blob.core.windows.net/upload/amenities/shared_children''s_pool.svg', 'Shared  Childrens Pool', 2, now(), now(), 8, 1),
(153, 'https://aqarydashboard.blob.core.windows.net/upload/amenities/private_pool.svg', 'Shared Pool', 2, now(), now(), 8, 1),
(154, 'https://aqarydashboard.blob.core.windows.net/upload/amenities/shared_sauna.svg', 'Shared sauna', 2, now(), now(), 8, 1),
(155, 'https://aqarydashboard.blob.core.windows.net/upload/amenities/microwave.svg', ' microwave ', 2, now(), now(), 9, 1),
(156, 'https://aqarydashboard.blob.core.windows.net/upload/amenities/appliances.svg', 'Appliances', 2, now(), now(), 9, 1),
(157, 'https://aqarydashboard.blob.core.windows.net/upload/amenities/built-_in_kitchen_appliances.svg', 'Built-in Kitchen Appliances', 2, now(), now(), 9, 1),
(158, 'https://aqarydashboard.blob.core.windows.net/upload/amenities/coffee_maker.svg', 'Coffee maker', 2, now(), now(), 9, 1),
(159, 'https://aqarydashboard.blob.core.windows.net/upload/amenities/cutlery.svg', 'Cutlery', 2, now(), now(), 9, 1),
(160, 'https://aqarydashboard.blob.core.windows.net/upload/amenities/cutting_board.svg', 'Cutting board', 2, now(), now(), 9, 1),
(161, 'https://aqarydashboard.blob.core.windows.net/upload/amenities/dishes.svg', 'Dishes', 2, now(), now(), 9, 1),
(162, 'https://aqarydashboard.blob.core.windows.net/upload/amenities/dishes.svg', 'Dishwasher ', 2, now(), now(), 9, 1),
(163, 'https://aqarydashboard.blob.core.windows.net/upload/amenities/glasses.svg', 'Glasses', 2, now(), now(), 9, 1),
(164, 'https://aqarydashboard.blob.core.windows.net/upload/amenities/good_cutting_knife_set.svg', 'Good cutting knife set', 2, now(), now(), 9, 1),
(165, 'https://aqarydashboard.blob.core.windows.net/upload/amenities/pots_&_pans.svg', 'Pots & pans', 2, now(), now(), 9, 1),
(166, 'https://aqarydashboard.blob.core.windows.net/upload/amenities/refrigerator.svg', 'Refrigerator', 2, now(), now(), 9, 1),
(167, 'https://aqarydashboard.blob.core.windows.net/upload/amenities/stove.svg', 'Stove', 2, now(), now(), 9, 1),
(168, 'https://aqarydashboard.blob.core.windows.net/upload/amenities/tableware.svg', 'Tableware', 2, now(), now(), 9, 1),
(169, 'https://aqarydashboard.blob.core.windows.net/upload/amenities/toaster.svg', 'Toaster', 2, now(), now(), 9, 1),
(170, 'https://aqarydashboard.blob.core.windows.net/upload/amenities/bleach_or_whitener.svg', 'Bleach or whitener', 2, now(), now(), 10, 1),
(171, 'https://aqarydashboard.blob.core.windows.net/upload/amenities/dishwasher.svg', 'Dishwasher', 2, now(), now(), 10, 1),
(172, 'https://aqarydashboard.blob.core.windows.net/upload/amenities/fabric_softener_sheets.svg', 'Fabric softener sheets', 2, now(), now(), 10, 1),
(173, 'https://aqarydashboard.blob.core.windows.net/upload/amenities/hangers.svg', 'Hangers', 2, now(), now(), 10, 1),
(174, 'https://aqarydashboard.blob.core.windows.net/upload/amenities/iron_-_handheld_steamer.svg', 'Iron/handheld steamer', 2, now(), now(), 10, 1),
(175, 'https://aqarydashboard.blob.core.windows.net/upload/amenities/ironing_board.svg', 'Ironing board', 2, now(), now(), 10, 1),
(176, 'https://aqarydashboard.blob.core.windows.net/upload/amenities/ironing_capabilities.svg', 'Ironing capabilities', 2, now(), now(), 10, 1),
(177, 'https://aqarydashboard.blob.core.windows.net/upload/amenities/laundry_basket.svg', 'Laundry basket', 2, now(), now(), 10, 1),
(178, 'https://aqarydashboard.blob.core.windows.net/upload/amenities/laundry_detergent_-_pods.svg', 'Laundry detergent/pods', 2, now(), now(), 10, 1),
(179, 'https://aqarydashboard.blob.core.windows.net/upload/amenities/laundry_essentials.svg', 'Laundry Essentials', 2, now(), now(), 10, 1),
(180, 'https://aqarydashboard.blob.core.windows.net/upload/amenities/laundry_room.svg', 'Laundry Room', 2, now(), now(), 10, 1),
(181, 'https://aqarydashboard.blob.core.windows.net/upload/amenities/luggages_storage.svg', 'Luggages storage', 2, now(), now(), 10, 1),
(182, 'https://aqarydashboard.blob.core.windows.net/upload/amenities/maid_service.svg', 'Maid Service', 2, now(), now(), 10, 1),
(183, 'https://aqarydashboard.blob.core.windows.net/upload/amenities/maid''s_room.svg', 'Maids Room', 2, now(), now(), 10, 1),
(184, 'https://aqarydashboard.blob.core.windows.net/upload/amenities/pantry.svg', 'Pantry', 2, now(), now(), 10, 1),
(185, 'https://aqarydashboard.blob.core.windows.net/upload/amenities/sewing_kit.svg', 'Sewing kit', 2, now(), now(), 10, 1),
(186, 'https://aqarydashboard.blob.core.windows.net/upload/amenities/stain_remover.svg', 'Stain remover', 2, now(), now(), 10, 1),
(187, 'https://aqarydashboard.blob.core.windows.net/upload/amenities/coffee_table.svg', 'Coffee table', 2, now(), now(), 11, 1),
(188, 'https://aqarydashboard.blob.core.windows.net/upload/amenities/end_tables.svg', 'End tables', 2, now(), now(), 11, 1);
INSERT INTO "facilities_amenities" ("id", "icon_url", "title", "type", "created_at", "updated_at", "categories", "updated_by") VALUES
(189, 'https://aqarydashboard.blob.core.windows.net/upload/amenities/lamps.svg', 'Lamps', 2, now(), now(), 11, 1),
(190, 'https://aqarydashboard.blob.core.windows.net/upload/amenities/love_seat_or_chair.svg', 'Love seat or chair', 2, now(), now(), 11, 1),
(191, 'https://aqarydashboard.blob.core.windows.net/upload/amenities/satellite-cable_tv.svg', 'Satellite/Cable TV', 2, now(), now(), 11, 1),
(192, 'https://aqarydashboard.blob.core.windows.net/upload/amenities/smart_home_functionality.svg', 'Smart home functionality', 2, now(), now(), 11, 1),
(193, 'https://aqarydashboard.blob.core.windows.net/upload/amenities/combs.svg', 'Combs', 2, now(), now(), 1, 1),
(194, 'https://aqarydashboard.blob.core.windows.net/upload/amenities/mirror.svg', 'Mirror', 2, now(), now(), 1, 1),
(195, 'https://aqarydashboard.blob.core.windows.net/upload/amenities/018db5ca-ca83-71c2-981b-7400511c5c14.svg', 'Shared Spa', 2, now(), now(), 19, 1),
(196, 'https://aqarydashboard.blob.core.windows.net/upload/amenities/sofa_-_couch.svg', 'Sofa/couch', 2, now(), now(), 11, 1),
(197, 'https://aqarydashboard.blob.core.windows.net/upload/amenities/television.svg', 'Television', 2, now(), now(), 11, 1),
(198, 'https://aqarydashboard.blob.core.windows.net/upload/amenities/tv_stand.svg', 'TV Stand', 2, now(), now(), 11, 1),
(199, 'https://aqarydashboard.blob.core.windows.net/upload/amenities/chair.svg', 'Chair', 2, now(), now(), 12, 1),
(200, 'https://aqarydashboard.blob.core.windows.net/upload/amenities/desk.svg', 'Desk', 2, now(), now(), 12, 1),
(201, 'https://aqarydashboard.blob.core.windows.net/upload/amenities/bbq_area.svg', 'BBQ Area', 2, now(), now(), 13, 1),
(202, 'https://aqarydashboard.blob.core.windows.net/upload/amenities/daycare_center.svg', 'Day Care Center', 2, now(), now(), 13, 1),
(203, 'https://aqarydashboard.blob.core.windows.net/upload/amenities/kids_play_area.svg', 'Kids Play Area', 2, now(), now(), 13, 1),
(204, 'https://aqarydashboard.blob.core.windows.net/upload/amenities/lawn_or_garden.svg', 'Lawn or Garden', 2, now(), now(), 13, 1),
(205, 'https://aqarydashboard.blob.core.windows.net/upload/amenities/private_garden.svg', 'Private Garden', 2, now(), now(), 13, 1),
(206, 'https://aqarydashboard.blob.core.windows.net/upload/amenities/broadband_internet.svg', 'Broadband Internet', 2, now(), now(), 14, 1),
(207, 'https://aqarydashboard.blob.core.windows.net/upload/amenities/intercom.svg', 'Intercom', 2, now(), now(), 14, 1),
(208, 'https://aqarydashboard.blob.core.windows.net/upload/amenities/satellite-cable_tv1.svg', 'SatelliteCable TV', 2, now(), now(), 14, 1),
(209, 'https://aqarydashboard.blob.core.windows.net/upload/amenities/smart_home_functionality.svg', 'Smart home functionality', 2, now(), now(), 14, 1),
(210, 'https://aqarydashboard.blob.core.windows.net/upload/amenities/central_ac.svg', 'Central A/C & Heating', 2, now(), now(), 19, 1),
(211, 'https://aqarydashboard.blob.core.windows.net/upload/amenities/018db5ca-7aef-71c2-9802-d624ea3b0628.svg', 'Childrens Play Area', 2, now(), now(), 19, 1),
(212, 'https://aqarydashboard.blob.core.windows.net/upload/amenities/parking.svg', 'Covered Parking', 2, now(), now(), 19, 1),
(213, 'https://aqarydashboard.blob.core.windows.net/upload/amenities/walk-in_closet.svg', 'Walk-in Closet', 2, now(), now(), 19, 1),
(214, 'https://aqarydashboard.blob.core.windows.net/upload/amenities/bbq_area.svg', 'Barbecue Area', 2, now(), now(), 19, 1),
(215, 'https://aqarydashboard.blob.core.windows.net/upload/amenities/built-in_wardrobe.svg', 'Built-in Wardrobes', 2, now(), now(), 19, 1),
(216, 'https://aqarydashboard.blob.core.windows.net/upload/amenities/018db5ca-9bb5-71c2-8e5b-8339922b2b91.svg', 'Childrens Pool', 2, now(), now(), 19, 1),
(217, 'https://aqarydashboard.blob.core.windows.net/upload/amenities/018db5ca-018a-71c2-b751-201352bd88e8.svg', 'security', 2, now(), now(), 19, 1),
(218, 'https://aqarydashboard.blob.core.windows.net/upload/amenities/maid''s_room.svg', 'Maid''s Room', 2, now(), now(), 19, 1),
(219, 'https://aqarydashboard.blob.core.windows.net/upload/amenities/bathrobes.svg', 'Bathrobes', 2, now(), now(), 1, 1),
(220, 'https://aqarydashboard.blob.core.windows.net/upload/amenities/018db5ca-7b27-71c2-847b-3b17005630d5.svg', 'Childrens Play Area', 2, now(), now(), 19, 1),
(221, 'https://aqarydashboard.blob.core.windows.net/upload/amenities/balcony.svg', 'Balcony', 2, now(), now(), 19, 1),
(222, 'https://aqarydashboard.blob.core.windows.net/upload/amenities/private_pool.svg', 'Private  pool', 2, now(), now(), 19, 1),
(223, 'https://aqarydashboard.blob.core.windows.net/upload/amenities/018db5ca-9f84-71c2-86bb-a8d3db1caa4f.svg', 'Childrens Pool', 2, now(), now(), 19, 1),
(6, 'https://aqarydashboard.blob.core.windows.net/upload/facilities/018db1b8-1eba-71c1-8d54-58963964882e.svg', 'Sauna', 1, now(), now(), 8, 1),
(8, 'https://aqarydashboard.blob.core.windows.net/upload/facilities/tennis_court.svg', 'Tennis court', 1, now(), now(), 8, 1),
(9, 'https://aqarydashboard.blob.core.windows.net/upload/facilities/medical_clinics.svg', 'Medical Clinics', 1, now(), now(), 8, 1),
(10, 'https://aqarydashboard.blob.core.windows.net/upload/facilities/polo_club.svg', 'Polo club', 1, now(), now(), 8, 1),
(11, 'https://aqarydashboard.blob.core.windows.net/upload/facilities/018db1b8-844d-71c1-89eb-fe11376df96b.svg', 'Clubhouse', 1, now(), now(), 13, 1),
(12, 'https://aqarydashboard.blob.core.windows.net/upload/facilities/golf_club.svg', 'Golf club', 1, now(), now(), 8, 1),
(13, 'https://aqarydashboard.blob.core.windows.net/upload/facilities/fitness_club.svg', 'Fitness club', 1, now(), now(), 8, 1),
(14, 'https://aqarydashboard.blob.core.windows.net/upload/facilities/steam_room.svg', 'Steam room', 1, now(), now(), 8, 1),
(15, 'https://aqarydashboard.blob.core.windows.net/upload/facilities/game_room.svg', 'Game room', 1, now(), now(), 8, 1),
(16, 'https://aqarydashboard.blob.core.windows.net/upload/facilities/business_centre.svg', 'Business centre', 1, now(), now(), 15, 1),
(17, 'https://aqarydashboard.blob.core.windows.net/upload/facilities/shopping_centre.svg', 'Shopping centre', 1, now(), now(), 15, 1),
(18, 'https://aqarydashboard.blob.core.windows.net/upload/facilities/customer_care.svg', 'Customer care', 1, now(), now(), 15, 1),
(19, 'https://aqarydashboard.blob.core.windows.net/upload/facilities/prayer_services.svg', 'Prayer services', 1, now(), now(), 15, 1),
(20, 'https://aqarydashboard.blob.core.windows.net/upload/facilities/public_transport.svg', 'Public transport', 1, now(), now(), 15, 1),
(21, 'https://aqarydashboard.blob.core.windows.net/upload/facilities/satellite_connection.svg', 'Satellite connection', 1, now(), now(), 14, 1),
(22, 'https://aqarydashboard.blob.core.windows.net/upload/facilities/internet_access.svg', 'Internet Access', 1, now(), now(), 14, 1),
(23, 'https://aqarydashboard.blob.core.windows.net/upload/facilities/smart_systems.svg', 'Smart systems', 1, now(), now(), 14, 1),
(24, 'https://aqarydashboard.blob.core.windows.net/upload/facilities/atm_facility.svg', 'ATM Facility', 1, now(), now(), 16, 1),
(25, 'https://aqarydashboard.blob.core.windows.net/upload/facilities/water_sports.svg', 'Water Sports', 1, now(), now(), 16, 1),
(26, 'https://aqarydashboard.blob.core.windows.net/upload/facilities/world_class_hotels.svg', 'World class hotels', 1, now(), now(), 16, 1),
(27, 'https://aqarydashboard.blob.core.windows.net/upload/facilities/eco_friendly.svg', 'Eco friendly', 1, now(), now(), 16, 1),
(28, 'https://aqarydashboard.blob.core.windows.net/upload/facilities/24_hour_maintenance.svg', '24 Hour Maintenance', 1, now(), now(), 17, 1),
(29, 'https://aqarydashboard.blob.core.windows.net/upload/facilities/lease_management.svg', 'Lease Management', 1, now(), now(), 17, 1),
(30, 'https://aqarydashboard.blob.core.windows.net/upload/facilities/licensed_restaurant.svg', 'Licensed Restaurant', 1, now(), now(), 17, 1),
(31, 'https://aqarydashboard.blob.core.windows.net/upload/facilities/property_management.svg', 'Property Management', 1, now(), now(), 17, 1),
(40, 'https://aqarydashboard.blob.core.windows.net/upload/facilities/018db1ba-5863-71c1-b06a-e66b2b9374cc.svg', 'coffe shop', 1, now(), now(), 19, 1),
(41, 'https://aqarydashboard.blob.core.windows.net/upload/facilities/018db1bb-c7c7-71c1-91a8-7d6521afeafe.svg', 'Banks', 1, now(), now(), 19, 1),
(42, 'https://aqarydashboard.blob.core.windows.net/upload/facilities/018db1bd-2ddf-71c1-9ea0-c034aed6c305.svg', 'Built in BBQ', 1, now(), now(), 19, 1),
(43, 'https://aqarydashboard.blob.core.windows.net/upload/facilities/018db1be-dbba-71c1-89ca-9bbebf6e7ad5.svg', 'Security Room', 1, now(), now(), 15, 1),
(44, 'https://aqarydashboard.blob.core.windows.net/upload/facilities/018db1c0-2ccd-71c1-99cb-e0a41d4d758b.svg', 'Security system', 1, now(), now(), 15, 1),
(45, 'https://aqarydashboard.blob.core.windows.net/upload/facilities/018db1c1-4071-71c1-8947-72fc495baba2.svg', 'Secure underground parking', 1, now(), now(), 19, 1),
(46, 'https://aqarydashboard.blob.core.windows.net/upload/facilities/018db1c1-ffe4-71c1-8093-20f51efe43a6.svg', 'Kitchen Appliances', 1, now(), now(), 9, 1),
(47, 'https://aqarydashboard.blob.core.windows.net/upload/facilities/018db1ce-97d2-71c1-a9ed-8c7508c3145e.svg', 'restaurant', 1, now(), now(), 15, 1),
(48, 'https://aqarydashboard.blob.core.windows.net/upload/facilities/018db5c7-5eca-71c2-976d-40e50a1756a5.svg', 'Storage', 1, now(), now(), 19, 1),
(49, 'https://aqarydashboard.blob.core.windows.net/upload/facilities/018db5c8-0a7e-71c2-800e-d747599f9af4.svg', 'covered car ports', 1, now(), now(), 19, 1),
(68, 'https://aqarydashboard.blob.core.windows.net/upload/facilities/community_center.svg', 'Community center', 1, now(), now(), 13, 1);
INSERT INTO "facilities_amenities" ("id", "icon_url", "title", "type", "created_at", "updated_at", "categories", "updated_by") VALUES
(69, 'https://aqarydashboard.blob.core.windows.net/upload/facilities/24_hour_portrage.svg', '24 Hour portrage', 1, now(), now(), 13, 1),
(70, 'https://aqarydashboard.blob.core.windows.net/upload/facilities/coffee_shop.svg', 'Coffee Shop', 1, now(), now(), 13, 1),
(71, 'https://aqarydashboard.blob.core.windows.net/upload/facilities/recreational_facilities.svg', 'Recreational facilities', 1, now(), now(), 13, 1),
(72, 'https://aqarydashboard.blob.core.windows.net/upload/facilities/landscaped_gardens.svg', 'Landscaped gardens', 1, now(), now(), 13, 1),
(73, 'https://aqarydashboard.blob.core.windows.net/upload/facilities/landscaped_internal_courtyards.svg', 'Landscaped internal courtyards', 1, now(), now(), 13, 1),
(74, 'https://aqarydashboard.blob.core.windows.net/upload/facilities/24_hour_secuirty.svg', '24 Hour secuirty', 1, now(), now(), 15, 1),
(75, 'https://aqarydashboard.blob.core.windows.net/upload/facilities/security_staff.svg', 'Security Staff', 1, now(), now(), 15, 1),
(76, 'https://aqarydashboard.blob.core.windows.net/upload/facilities/cctv_security.svg', 'CCTV Security', 1, now(), now(), 15, 1),
(77, 'https://aqarydashboard.blob.core.windows.net/upload/facilities/018db5c8-3812-71c2-8289-0a24cf99be69.svg', 'Lift', 1, now(), now(), 6, 1),
(32, 'https://aqarydashboard.blob.core.windows.net/upload/facilities/laundry_service.svg', 'Laundry service', 1, now(), now(), 10, 1),
(33, 'https://aqarydashboard.blob.core.windows.net/upload/facilities/quality_house_keeping.svg', 'Quality house Keeping', 1, now(), now(), 10, 1),
(34, 'https://aqarydashboard.blob.core.windows.net/upload/facilities/laundry_facility.svg', 'Laundry Facility', 1, now(), now(), 10, 1);

SELECT setval('facilities_amenities_id_seq', 223, true); -- Adjust the sequence

INSERT INTO "facts" ("id", "title", "icon_url") VALUES
(2, 'Balcony', 'https://aqarydashboard.blob.core.windows.net/upload/new-facts/balcony.svg'),
(3, 'Bedroom', 'https://aqarydashboard.blob.core.windows.net/upload/new-facts/bedrooms.svg'),
(4, 'Built Up Area', 'https://aqarydashboard.blob.core.windows.net/upload/new-facts/build-up-area.svg'),
(5, 'Property Name', 'https://aqarydashboard.blob.core.windows.net/upload/new-facts/building-name.svg'),
(6, 'Completion Date', 'https://aqarydashboard.blob.core.windows.net/upload/new-facts/completion-date.svg'),
(8, 'Developers Company', 'https://aqarydashboard.blob.core.windows.net/upload/new-facts/developers-company.svg'),
(9, 'No. of Elevator', 'https://aqarydashboard.blob.core.windows.net/upload/new-facts/elevators.svg'),
(10, 'Furnished', 'https://aqarydashboard.blob.core.windows.net/upload/new-facts/furnishing.svg'),
(11, 'Life Style', 'https://aqarydashboard.blob.core.windows.net/upload/new-facts/life-style.svg'),
(14, 'No of units', 'https://aqarydashboard.blob.core.windows.net/upload/new-facts/no-of-units.svg'),
(15, 'No of Floors', 'https://aqarydashboard.blob.core.windows.net/upload/new-facts/no-of-floor.svg'),
(16, 'Ownership', 'https://aqarydashboard.blob.core.windows.net/upload/new-facts/ownership.svg'),
(17, 'Parking', 'https://aqarydashboard.blob.core.windows.net/upload/new-facts/parking.svg'),
(18, 'Plot Area', 'https://aqarydashboard.blob.core.windows.net/upload/new-facts/plot-area.svg'),
(19, 'Price', 'https://aqarydashboard.blob.core.windows.net/upload/new-facts/price.svg'),
(20, 'Rent type', 'https://aqarydashboard.blob.core.windows.net/upload/new-facts/rent-type.svg'),
(22, 'Service Charge', 'https://aqarydashboard.blob.core.windows.net/upload/new-facts/service-charges.svg'),
(24, 'No Of Pools', 'https://aqarydashboard.blob.core.windows.net/upload/new-facts/swimming-pools.svg'),
(26, 'Type Name', 'https://aqarydashboard.blob.core.windows.net/upload/new-facts/type.svg'),
(29, 'Views', 'https://aqarydashboard.blob.core.windows.net/upload/new-facts/view.svg'),
(33, 'bathroom', 'https://aqarydashboard.blob.core.windows.net/upload/new-facts/bathroom.svg'),
(38, 'no of payments', 'https://aqarydashboard.blob.core.windows.net/upload/new-facts/payment.svg'),
(39, 'status', 'https://aqarydashboard.blob.core.windows.net/upload/new-facts/status.svg'),
(41, 'Min Area', 'https://aqarydashboard.blob.core.windows.net/upload/new-facts/plot-area.svg'),
(42, 'Max Area', 'https://aqarydashboard.blob.core.windows.net/upload/new-facts/plot-area.svg'),
(43, 'Completion Status', 'https://aqarydashboard.blob.core.windows.net/upload/new-facts/status.svg'),
(44, 'No Of Retail Units', 'https://aqarydashboard.blob.core.windows.net/upload/new-facts/retail-centers.svg'),
(45, 'Municipality Tax', 'https://aqarydashboard.blob.core.windows.net/upload/new-facts/vat.svg'),
(46, 'Commercial Tax', 'https://aqarydashboard.blob.core.windows.net/upload/new-facts/vat.svg'),
(47, 'Ask Price', 'https://aqarydashboard.blob.core.windows.net/upload/new-facts/vat.svg'),
(48, 'Start Date', ''),
(50, 'Handover Date', ''),
(51, 'water irrigation', ''),
(52, 'Trees', ''),
(53, 'Workers house', ''),
(54, 'is leased', ''),
(55, 'Rooms', ''),
(56, 'owner', ''),
(57, 'Sector No.', ''),
(58, 'Property No.', ''),
(59, 'start price', ''),
(60, 'No. of Properties', ''),
(61, 'Total Plot Area', ''),
(62, 'Total Built Up Area', ''),
(63, 'Completion percentage', ''),
(64, 'Completion percentage Date', ''),
(65, 'No. of Parking', ''),
(66, 'unit No.', ''),
(67, 'contract start date', ''),
(68, 'contract End date', ''),
(69, 'amount', ''),
(70, 'For investment', ''),
(71, 'unit Type', ''),
(72, 'office', ''),
(73, 'warehouse', ''),
(74, 'workshop', ''),
(75, 'property Description', ''),
(76, 'Facilities', ''),
(77, 'Amenities', ''),
(78, 'property type', '');

SELECT setval('facts_id_seq', 78, true); -- Adjust the sequence


INSERT INTO "global_property_type" ("id", "type", "code", "property_type_facts", "usage", "created_at", "updated_at", "status", "icon", "is_project") VALUES
(1, 'Residential Building', 'RB', '{"project": [{"id": 5, "icon": "https://aqarydashboard.blob.core.windows.net/upload/new-facts/building-name.svg", "title": "Property Name"}, {"id": 9, "icon": "https://aqarydashboard.blob.core.windows.net/upload/new-facts/elevators.svg", "title": "No. of Elevator"}, {"id": 10, "icon": "https://aqarydashboard.blob.core.windows.net/upload/new-facts/furnishing.svg", "title": "Furnished"}, {"id": 14, "icon": "https://aqarydashboard.blob.core.windows.net/upload/new-facts/no-of-units.svg", "title": "No of units"}, {"id": 15, "icon": "https://aqarydashboard.blob.core.windows.net/upload/new-facts/no-of-floor.svg", "title": "No of Floors"}, {"id": 22, "icon": "https://aqarydashboard.blob.core.windows.net/upload/new-facts/service-charges.svg", "title": "Service Charge"}, {"id": 24, "icon": "https://aqarydashboard.blob.core.windows.net/upload/new-facts/swimming-pools.svg", "title": "No Of Pools"}, {"id": 29, "icon": "https://aqarydashboard.blob.core.windows.net/upload/new-facts/view.svg", "title": "Views"}, {"id": 41, "icon": "https://aqarydashboard.blob.core.windows.net/upload/new-facts/plot-area.svg", "title": "Min Area"}, {"id": 42, "icon": "https://aqarydashboard.blob.core.windows.net/upload/new-facts/plot-area.svg", "title": "Max Area"}, {"id": 44, "icon": "https://aqarydashboard.blob.core.windows.net/upload/new-facts/retail-centers.svg", "title": "No Of Retail Units"}, {"id": 61, "icon": "nil", "title": "Total Plot Area"}, {"id": 62, "icon": "nil", "title": "Total Built Up Area"}, {"id": 65, "icon": "nil", "title": "No. of Parking"}, {"id": 71, "icon": "nil", "title": "unit Type"}, {"id": 75, "icon": "nil", "title": "property Description"}, {"id": 78, "icon": "nil", "title": "property type"}, {"id": 76, "icon": "nil", "title": "Facilities"}, {"id": 77, "icon": "nil", "title": "Amenities"}]}', 1, now(), now(), 1, 'https://aqarydashboard.blob.core.windows.net/upload/types/residential_building.png', 't'),
(2, 'Residential Lands', 'RL', '{"project": [{"id": 64, "icon": "nil", "title": "Completion percentage Date"}, {"id": 77, "icon": "nil", "title": "Amenities"}, {"id": 5, "icon": "https://aqarydashboard.blob.core.windows.net/upload/new-facts/building-name.svg", "title": "Property Name"}, {"id": 6, "icon": "https://aqarydashboard.blob.core.windows.net/upload/new-facts/completion-date.svg", "title": "Completion Date"}, {"id": 8, "icon": "https://aqarydashboard.blob.core.windows.net/upload/new-facts/developers-company.svg", "title": "Developers Company"}, {"id": 14, "icon": "https://aqarydashboard.blob.core.windows.net/upload/new-facts/no-of-units.svg", "title": "No of units"}, {"id": 16, "icon": "https://aqarydashboard.blob.core.windows.net/upload/new-facts/ownership.svg", "title": "Ownership"}, {"id": 22, "icon": "https://aqarydashboard.blob.core.windows.net/upload/new-facts/service-charges.svg", "title": "Service Charge"}, {"id": 26, "icon": "https://aqarydashboard.blob.core.windows.net/upload/new-facts/type.svg", "title": "Type Name"}, {"id": 29, "icon": "https://aqarydashboard.blob.core.windows.net/upload/new-facts/view.svg", "title": "Views"}, {"id": 39, "icon": "https://aqarydashboard.blob.core.windows.net/upload/new-facts/status.svg", "title": "status"}, {"id": 41, "icon": "https://aqarydashboard.blob.core.windows.net/upload/new-facts/plot-area.svg", "title": "Min Area"}, {"id": 42, "icon": "https://aqarydashboard.blob.core.windows.net/upload/new-facts/plot-area.svg", "title": "Max Area"}, {"id": 43, "icon": "https://aqarydashboard.blob.core.windows.net/upload/new-facts/status.svg", "title": "Completion Status"}, {"id": 45, "icon": "https://aqarydashboard.blob.core.windows.net/upload/new-facts/vat.svg", "title": "Municipality Tax"}, {"id": 47, "icon": "https://aqarydashboard.blob.core.windows.net/upload/new-facts/vat.svg", "title": "Ask Price"}, {"id": 48, "icon": "nil", "title": "Start Date"}, {"id": 50, "icon": "nil", "title": "Handover Date"}, {"id": 58, "icon": "nil", "title": "Property No."}, {"id": 61, "icon": "nil", "title": "Total Plot Area"}, {"id": 62, "icon": "nil", "title": "Total Built Up Area"}, {"id": 63, "icon": "nil", "title": "Completion percentage"}]}', 1, now(), now(), 1, 'https://aqarydashboard.blob.core.windows.net/upload/types/residential_land.png', 't'),
(3, 'Compound Villas', 'COV', '{"project": [{"id": 78, "icon": "nil", "title": "property type"}, {"id": 76, "icon": "nil", "title": "Facilities"}, {"id": 77, "icon": "nil", "title": "Amenities"}, {"id": 5, "icon": "https://aqarydashboard.blob.core.windows.net/upload/new-facts/building-name.svg", "title": "Property Name"}, {"id": 9, "icon": "https://aqarydashboard.blob.core.windows.net/upload/new-facts/elevators.svg", "title": "No. of Elevator"}, {"id": 10, "icon": "https://aqarydashboard.blob.core.windows.net/upload/new-facts/furnishing.svg", "title": "Furnished"}, {"id": 14, "icon": "https://aqarydashboard.blob.core.windows.net/upload/new-facts/no-of-units.svg", "title": "No of units"}, {"id": 15, "icon": "https://aqarydashboard.blob.core.windows.net/upload/new-facts/no-of-floor.svg", "title": "No of Floors"}, {"id": 22, "icon": "https://aqarydashboard.blob.core.windows.net/upload/new-facts/service-charges.svg", "title": "Service Charge"}, {"id": 24, "icon": "https://aqarydashboard.blob.core.windows.net/upload/new-facts/swimming-pools.svg", "title": "No Of Pools"}, {"id": 29, "icon": "https://aqarydashboard.blob.core.windows.net/upload/new-facts/view.svg", "title": "Views"}, {"id": 41, "icon": "https://aqarydashboard.blob.core.windows.net/upload/new-facts/plot-area.svg", "title": "Min Area"}, {"id": 42, "icon": "https://aqarydashboard.blob.core.windows.net/upload/new-facts/plot-area.svg", "title": "Max Area"}, {"id": 44, "icon": "https://aqarydashboard.blob.core.windows.net/upload/new-facts/retail-centers.svg", "title": "No Of Retail Units"}, {"id": 61, "icon": "nil", "title": "Total Plot Area"}, {"id": 62, "icon": "nil", "title": "Total Built Up Area"}, {"id": 65, "icon": "nil", "title": "No. of Parking"}, {"id": 71, "icon": "nil", "title": "unit Type"}, {"id": 75, "icon": "nil", "title": "property Description"}]}', 1, now(), now(), 1, 'https://aqarydashboard.blob.core.windows.net/upload/types/compound_villa.png', 't'),
(4, 'Commercial Lands', 'CL', '{"sale": [{"id": 78, "icon": "nil", "title": "property type"}, {"id": 5, "icon": "https://aqarydashboard.blob.core.windows.net/upload/new-facts/building-name.svg", "title": "Property Name"}, {"id": 16, "icon": "https://aqarydashboard.blob.core.windows.net/upload/new-facts/ownership.svg", "title": "Ownership"}, {"id": 18, "icon": "https://aqarydashboard.blob.core.windows.net/upload/new-facts/plot-area.svg", "title": "Plot Area"}, {"id": 19, "icon": "https://aqarydashboard.blob.core.windows.net/upload/new-facts/price.svg", "title": "Price"}, {"id": 22, "icon": "https://aqarydashboard.blob.core.windows.net/upload/new-facts/service-charges.svg", "title": "Service Charge"}, {"id": 29, "icon": "https://aqarydashboard.blob.core.windows.net/upload/new-facts/view.svg", "title": "Views"}, {"id": 45, "icon": "https://aqarydashboard.blob.core.windows.net/upload/new-facts/vat.svg", "title": "Municipality Tax"}, {"id": 46, "icon": "https://aqarydashboard.blob.core.windows.net/upload/new-facts/vat.svg", "title": "Commercial Tax"}, {"id": 56, "icon": "nil", "title": "owner"}, {"id": 57, "icon": "nil", "title": "Sector No."}, {"id": 58, "icon": "nil", "title": "Property No."}, {"id": 61, "icon": "nil", "title": "Total Plot Area"}, {"id": 62, "icon": "nil", "title": "Total Built Up Area"}]}', 2, now(), now(), 1, 'https://aqarydashboard.blob.core.windows.net/upload/types/commercial_land.png', 'f'),
(5, 'Mixed used lands', 'MUL', '{"sale": [{"id": 5, "icon": "https://aqarydashboard.blob.core.windows.net/upload/new-facts/building-name.svg", "title": "Property Name"}, {"id": 16, "icon": "https://aqarydashboard.blob.core.windows.net/upload/new-facts/ownership.svg", "title": "Ownership"}, {"id": 18, "icon": "https://aqarydashboard.blob.core.windows.net/upload/new-facts/plot-area.svg", "title": "Plot Area"}, {"id": 19, "icon": "https://aqarydashboard.blob.core.windows.net/upload/new-facts/price.svg", "title": "Price"}, {"id": 22, "icon": "https://aqarydashboard.blob.core.windows.net/upload/new-facts/service-charges.svg", "title": "Service Charge"}, {"id": 29, "icon": "https://aqarydashboard.blob.core.windows.net/upload/new-facts/view.svg", "title": "Views"}, {"id": 45, "icon": "https://aqarydashboard.blob.core.windows.net/upload/new-facts/vat.svg", "title": "Municipality Tax"}, {"id": 46, "icon": "https://aqarydashboard.blob.core.windows.net/upload/new-facts/vat.svg", "title": "Commercial Tax"}, {"id": 56, "icon": "nil", "title": "owner"}, {"id": 57, "icon": "nil", "title": "Sector No."}, {"id": 58, "icon": "nil", "title": "Property No."}, {"id": 61, "icon": "nil", "title": "Total Plot Area"}, {"id": 62, "icon": "nil", "title": "Total Built Up Area"}, {"id": 78, "icon": "nil", "title": "property type"}]}', 2, now(), now(), 1, 'https://aqarydashboard.blob.core.windows.net/upload/types/industrial_land.png', 'f'),
(6, 'Residential Lands', 'RL', '{"sale": [{"id": 78, "icon": "nil", "title": "property type"}, {"id": 5, "icon": "https://aqarydashboard.blob.core.windows.net/upload/new-facts/building-name.svg", "title": "Property Name"}, {"id": 16, "icon": "https://aqarydashboard.blob.core.windows.net/upload/new-facts/ownership.svg", "title": "Ownership"}, {"id": 18, "icon": "https://aqarydashboard.blob.core.windows.net/upload/new-facts/plot-area.svg", "title": "Plot Area"}, {"id": 19, "icon": "https://aqarydashboard.blob.core.windows.net/upload/new-facts/price.svg", "title": "Price"}, {"id": 22, "icon": "https://aqarydashboard.blob.core.windows.net/upload/new-facts/service-charges.svg", "title": "Service Charge"}, {"id": 29, "icon": "https://aqarydashboard.blob.core.windows.net/upload/new-facts/view.svg", "title": "Views"}, {"id": 45, "icon": "https://aqarydashboard.blob.core.windows.net/upload/new-facts/vat.svg", "title": "Municipality Tax"}, {"id": 56, "icon": "nil", "title": "owner"}, {"id": 57, "icon": "nil", "title": "Sector No."}, {"id": 58, "icon": "nil", "title": "Property No."}, {"id": 61, "icon": "nil", "title": "Total Plot Area"}, {"id": 62, "icon": "nil", "title": "Total Built Up Area"}]}', 1, now(), now(), 1, 'https://aqarydashboard.blob.core.windows.net/upload/types/residential_land.png', 'f'),
(7, 'Commercial Lands', 'CL', '{"project": [{"id": 5, "icon": "https://aqarydashboard.blob.core.windows.net/upload/new-facts/building-name.svg", "title": "Property Name"}, {"id": 6, "icon": "https://aqarydashboard.blob.core.windows.net/upload/new-facts/completion-date.svg", "title": "Completion Date"}, {"id": 8, "icon": "https://aqarydashboard.blob.core.windows.net/upload/new-facts/developers-company.svg", "title": "Developers Company"}, {"id": 14, "icon": "https://aqarydashboard.blob.core.windows.net/upload/new-facts/no-of-units.svg", "title": "No of units"}, {"id": 16, "icon": "https://aqarydashboard.blob.core.windows.net/upload/new-facts/ownership.svg", "title": "Ownership"}, {"id": 22, "icon": "https://aqarydashboard.blob.core.windows.net/upload/new-facts/service-charges.svg", "title": "Service Charge"}, {"id": 26, "icon": "https://aqarydashboard.blob.core.windows.net/upload/new-facts/type.svg", "title": "Type Name"}, {"id": 29, "icon": "https://aqarydashboard.blob.core.windows.net/upload/new-facts/view.svg", "title": "Views"}, {"id": 39, "icon": "https://aqarydashboard.blob.core.windows.net/upload/new-facts/status.svg", "title": "status"}, {"id": 41, "icon": "https://aqarydashboard.blob.core.windows.net/upload/new-facts/plot-area.svg", "title": "Min Area"}, {"id": 42, "icon": "https://aqarydashboard.blob.core.windows.net/upload/new-facts/plot-area.svg", "title": "Max Area"}, {"id": 43, "icon": "https://aqarydashboard.blob.core.windows.net/upload/new-facts/status.svg", "title": "Completion Status"}, {"id": 45, "icon": "https://aqarydashboard.blob.core.windows.net/upload/new-facts/vat.svg", "title": "Municipality Tax"}, {"id": 47, "icon": "https://aqarydashboard.blob.core.windows.net/upload/new-facts/vat.svg", "title": "Ask Price"}, {"id": 48, "icon": "nil", "title": "Start Date"}, {"id": 50, "icon": "nil", "title": "Handover Date"}, {"id": 58, "icon": "nil", "title": "Property No."}, {"id": 61, "icon": "nil", "title": "Total Plot Area"}, {"id": 62, "icon": "nil", "title": "Total Built Up Area"}, {"id": 63, "icon": "nil", "title": "Completion percentage"}, {"id": 64, "icon": "nil", "title": "Completion percentage Date"}, {"id": 76, "icon": "nil", "title": "Facilities"}]}', 2, now(), now(), 1, 'https://aqarydashboard.blob.core.windows.net/upload/types/commercial_land.png', 't'),
(8, 'Mixed used lands', 'MUL', '{"project": [{"id": 63, "icon": "nil", "title": "Completion percentage"}, {"id": 64, "icon": "nil", "title": "Completion percentage Date"}, {"id": 76, "icon": "nil", "title": "Facilities"}, {"id": 5, "icon": "https://aqarydashboard.blob.core.windows.net/upload/new-facts/building-name.svg", "title": "Property Name"}, {"id": 6, "icon": "https://aqarydashboard.blob.core.windows.net/upload/new-facts/completion-date.svg", "title": "Completion Date"}, {"id": 8, "icon": "https://aqarydashboard.blob.core.windows.net/upload/new-facts/developers-company.svg", "title": "Developers Company"}, {"id": 14, "icon": "https://aqarydashboard.blob.core.windows.net/upload/new-facts/no-of-units.svg", "title": "No of units"}, {"id": 16, "icon": "https://aqarydashboard.blob.core.windows.net/upload/new-facts/ownership.svg", "title": "Ownership"}, {"id": 22, "icon": "https://aqarydashboard.blob.core.windows.net/upload/new-facts/service-charges.svg", "title": "Service Charge"}, {"id": 26, "icon": "https://aqarydashboard.blob.core.windows.net/upload/new-facts/type.svg", "title": "Type Name"}, {"id": 29, "icon": "https://aqarydashboard.blob.core.windows.net/upload/new-facts/view.svg", "title": "Views"}, {"id": 39, "icon": "https://aqarydashboard.blob.core.windows.net/upload/new-facts/status.svg", "title": "status"}, {"id": 41, "icon": "https://aqarydashboard.blob.core.windows.net/upload/new-facts/plot-area.svg", "title": "Min Area"}, {"id": 42, "icon": "https://aqarydashboard.blob.core.windows.net/upload/new-facts/plot-area.svg", "title": "Max Area"}, {"id": 43, "icon": "https://aqarydashboard.blob.core.windows.net/upload/new-facts/status.svg", "title": "Completion Status"}, {"id": 45, "icon": "https://aqarydashboard.blob.core.windows.net/upload/new-facts/vat.svg", "title": "Municipality Tax"}, {"id": 47, "icon": "https://aqarydashboard.blob.core.windows.net/upload/new-facts/vat.svg", "title": "Ask Price"}, {"id": 48, "icon": "nil", "title": "Start Date"}, {"id": 50, "icon": "nil", "title": "Handover Date"}, {"id": 58, "icon": "nil", "title": "Property No."}, {"id": 61, "icon": "nil", "title": "Total Plot Area"}, {"id": 62, "icon": "nil", "title": "Total Built Up Area"}]}', 2, now(), now(), 1, 'https://aqarydashboard.blob.core.windows.net/upload/types/industrial_land.png', 't'),
(9, 'Hotel Apartment', 'HOA', '{"project": [{"id": 5, "icon": "https://aqarydashboard.blob.core.windows.net/upload/new-facts/building-name.svg", "title": "Property Name"}, {"id": 10, "icon": "https://aqarydashboard.blob.core.windows.net/upload/new-facts/furnishing.svg", "title": "Furnished"}, {"id": 14, "icon": "https://aqarydashboard.blob.core.windows.net/upload/new-facts/no-of-units.svg", "title": "No of units"}, {"id": 15, "icon": "https://aqarydashboard.blob.core.windows.net/upload/new-facts/no-of-floor.svg", "title": "No of Floors"}, {"id": 22, "icon": "https://aqarydashboard.blob.core.windows.net/upload/new-facts/service-charges.svg", "title": "Service Charge"}, {"id": 24, "icon": "https://aqarydashboard.blob.core.windows.net/upload/new-facts/swimming-pools.svg", "title": "No Of Pools"}, {"id": 29, "icon": "https://aqarydashboard.blob.core.windows.net/upload/new-facts/view.svg", "title": "Views"}, {"id": 41, "icon": "https://aqarydashboard.blob.core.windows.net/upload/new-facts/plot-area.svg", "title": "Min Area"}, {"id": 42, "icon": "https://aqarydashboard.blob.core.windows.net/upload/new-facts/plot-area.svg", "title": "Max Area"}, {"id": 44, "icon": "https://aqarydashboard.blob.core.windows.net/upload/new-facts/retail-centers.svg", "title": "No Of Retail Units"}, {"id": 61, "icon": "nil", "title": "Total Plot Area"}, {"id": 62, "icon": "nil", "title": "Total Built Up Area"}, {"id": 65, "icon": "nil", "title": "No. of Parking"}, {"id": 71, "icon": "nil", "title": "unit Type"}, {"id": 75, "icon": "nil", "title": "property Description"}, {"id": 78, "icon": "nil", "title": "property type"}, {"id": 77, "icon": "nil", "title": "Amenities"}, {"id": 76, "icon": "nil", "title": "Facilities"}]}', 2, now(), now(), 1, 'https://aqarydashboard.blob.core.windows.net/upload/types/hotel_apartment.png', 't'),
(10, 'Hotel', 'HO', '{"project": [{"id": 5, "icon": "https://aqarydashboard.blob.core.windows.net/upload/new-facts/building-name.svg", "title": "Property Name"}, {"id": 10, "icon": "https://aqarydashboard.blob.core.windows.net/upload/new-facts/furnishing.svg", "title": "Furnished"}, {"id": 14, "icon": "https://aqarydashboard.blob.core.windows.net/upload/new-facts/no-of-units.svg", "title": "No of units"}, {"id": 15, "icon": "https://aqarydashboard.blob.core.windows.net/upload/new-facts/no-of-floor.svg", "title": "No of Floors"}, {"id": 22, "icon": "https://aqarydashboard.blob.core.windows.net/upload/new-facts/service-charges.svg", "title": "Service Charge"}, {"id": 24, "icon": "https://aqarydashboard.blob.core.windows.net/upload/new-facts/swimming-pools.svg", "title": "No Of Pools"}, {"id": 29, "icon": "https://aqarydashboard.blob.core.windows.net/upload/new-facts/view.svg", "title": "Views"}, {"id": 41, "icon": "https://aqarydashboard.blob.core.windows.net/upload/new-facts/plot-area.svg", "title": "Min Area"}, {"id": 42, "icon": "https://aqarydashboard.blob.core.windows.net/upload/new-facts/plot-area.svg", "title": "Max Area"}, {"id": 44, "icon": "https://aqarydashboard.blob.core.windows.net/upload/new-facts/retail-centers.svg", "title": "No Of Retail Units"}, {"id": 61, "icon": "nil", "title": "Total Plot Area"}, {"id": 62, "icon": "nil", "title": "Total Built Up Area"}, {"id": 65, "icon": "nil", "title": "No. of Parking"}, {"id": 71, "icon": "nil", "title": "unit Type"}, {"id": 75, "icon": "nil", "title": "property Description"}, {"id": 78, "icon": "nil", "title": "property type"}, {"id": 77, "icon": "nil", "title": "Amenities"}, {"id": 76, "icon": "nil", "title": "Facilities"}]}', 2, now(), now(), 1, 'https://aqarydashboard.blob.core.windows.net/upload/types/hotel.png', 't'),
(11, 'Staff accommodation', 'STA', '{"project": [{"id": 78, "icon": "nil", "title": "property type"}, {"id": 76, "icon": "nil", "title": "Facilities"}, {"id": 77, "icon": "nil", "title": "Amenities"}, {"id": 5, "icon": "https://aqarydashboard.blob.core.windows.net/upload/new-facts/building-name.svg", "title": "Property Name"}, {"id": 10, "icon": "https://aqarydashboard.blob.core.windows.net/upload/new-facts/furnishing.svg", "title": "Furnished"}, {"id": 14, "icon": "https://aqarydashboard.blob.core.windows.net/upload/new-facts/no-of-units.svg", "title": "No of units"}, {"id": 15, "icon": "https://aqarydashboard.blob.core.windows.net/upload/new-facts/no-of-floor.svg", "title": "No of Floors"}, {"id": 22, "icon": "https://aqarydashboard.blob.core.windows.net/upload/new-facts/service-charges.svg", "title": "Service Charge"}, {"id": 24, "icon": "https://aqarydashboard.blob.core.windows.net/upload/new-facts/swimming-pools.svg", "title": "No Of Pools"}, {"id": 29, "icon": "https://aqarydashboard.blob.core.windows.net/upload/new-facts/view.svg", "title": "Views"}, {"id": 41, "icon": "https://aqarydashboard.blob.core.windows.net/upload/new-facts/plot-area.svg", "title": "Min Area"}, {"id": 42, "icon": "https://aqarydashboard.blob.core.windows.net/upload/new-facts/plot-area.svg", "title": "Max Area"}, {"id": 44, "icon": "https://aqarydashboard.blob.core.windows.net/upload/new-facts/retail-centers.svg", "title": "No Of Retail Units"}, {"id": 61, "icon": "nil", "title": "Total Plot Area"}, {"id": 62, "icon": "nil", "title": "Total Built Up Area"}, {"id": 65, "icon": "nil", "title": "No. of Parking"}, {"id": 71, "icon": "nil", "title": "unit Type"}, {"id": 75, "icon": "nil", "title": "property Description"}]}', 2, now(), now(), 1, 'https://aqarydashboard.blob.core.windows.net/upload/types/staff_accomodation.png', 't'),
(12, 'Labour Camp', 'LBC', '{"project": [{"id": 5, "icon": "https://aqarydashboard.blob.core.windows.net/upload/new-facts/building-name.svg", "title": "Property Name"}, {"id": 10, "icon": "https://aqarydashboard.blob.core.windows.net/upload/new-facts/furnishing.svg", "title": "Furnished"}, {"id": 14, "icon": "https://aqarydashboard.blob.core.windows.net/upload/new-facts/no-of-units.svg", "title": "No of units"}, {"id": 15, "icon": "https://aqarydashboard.blob.core.windows.net/upload/new-facts/no-of-floor.svg", "title": "No of Floors"}, {"id": 22, "icon": "https://aqarydashboard.blob.core.windows.net/upload/new-facts/service-charges.svg", "title": "Service Charge"}, {"id": 24, "icon": "https://aqarydashboard.blob.core.windows.net/upload/new-facts/swimming-pools.svg", "title": "No Of Pools"}, {"id": 29, "icon": "https://aqarydashboard.blob.core.windows.net/upload/new-facts/view.svg", "title": "Views"}, {"id": 41, "icon": "https://aqarydashboard.blob.core.windows.net/upload/new-facts/plot-area.svg", "title": "Min Area"}, {"id": 42, "icon": "https://aqarydashboard.blob.core.windows.net/upload/new-facts/plot-area.svg", "title": "Max Area"}, {"id": 44, "icon": "https://aqarydashboard.blob.core.windows.net/upload/new-facts/retail-centers.svg", "title": "No Of Retail Units"}, {"id": 61, "icon": "nil", "title": "Total Plot Area"}, {"id": 62, "icon": "nil", "title": "Total Built Up Area"}, {"id": 65, "icon": "nil", "title": "No. of Parking"}, {"id": 71, "icon": "nil", "title": "unit Type"}, {"id": 75, "icon": "nil", "title": "property Description"}, {"id": 78, "icon": "nil", "title": "property type"}, {"id": 77, "icon": "nil", "title": "Amenities"}, {"id": 76, "icon": "nil", "title": "Facilities"}]}', 2, now(), now(), 1, 'https://aqarydashboard.blob.core.windows.net/upload/types/labour_camp.png', 't'),
(13, 'Mixed Used Building', 'MUB', '{"project": [{"id": 5, "icon": "https://aqarydashboard.blob.core.windows.net/upload/new-facts/building-name.svg", "title": "Property Name"}, {"id": 9, "icon": "https://aqarydashboard.blob.core.windows.net/upload/new-facts/elevators.svg", "title": "No. of Elevator"}, {"id": 10, "icon": "https://aqarydashboard.blob.core.windows.net/upload/new-facts/furnishing.svg", "title": "Furnished"}, {"id": 14, "icon": "https://aqarydashboard.blob.core.windows.net/upload/new-facts/no-of-units.svg", "title": "No of units"}, {"id": 15, "icon": "https://aqarydashboard.blob.core.windows.net/upload/new-facts/no-of-floor.svg", "title": "No of Floors"}, {"id": 22, "icon": "https://aqarydashboard.blob.core.windows.net/upload/new-facts/service-charges.svg", "title": "Service Charge"}, {"id": 24, "icon": "https://aqarydashboard.blob.core.windows.net/upload/new-facts/swimming-pools.svg", "title": "No Of Pools"}, {"id": 29, "icon": "https://aqarydashboard.blob.core.windows.net/upload/new-facts/view.svg", "title": "Views"}, {"id": 41, "icon": "https://aqarydashboard.blob.core.windows.net/upload/new-facts/plot-area.svg", "title": "Min Area"}, {"id": 42, "icon": "https://aqarydashboard.blob.core.windows.net/upload/new-facts/plot-area.svg", "title": "Max Area"}, {"id": 44, "icon": "https://aqarydashboard.blob.core.windows.net/upload/new-facts/retail-centers.svg", "title": "No Of Retail Units"}, {"id": 61, "icon": "nil", "title": "Total Plot Area"}, {"id": 62, "icon": "nil", "title": "Total Built Up Area"}, {"id": 65, "icon": "nil", "title": "No. of Parking"}, {"id": 71, "icon": "nil", "title": "unit Type"}, {"id": 75, "icon": "nil", "title": "property Description"}, {"id": 76, "icon": "nil", "title": "Facilities"}, {"id": 77, "icon": "nil", "title": "Amenities"}, {"id": 78, "icon": "nil", "title": "property type"}]}', 2, now(), now(), 1, 'https://aqarydashboard.blob.core.windows.net/upload/types/mixed_used_building.png', 't'),
(14, 'Commercial Building', 'CMB', '{"project": [{"id": 78, "icon": "nil", "title": "property type"}, {"id": 76, "icon": "nil", "title": "Facilities"}, {"id": 77, "icon": "nil", "title": "Amenities"}, {"id": 5, "icon": "https://aqarydashboard.blob.core.windows.net/upload/new-facts/building-name.svg", "title": "Property Name"}, {"id": 9, "icon": "https://aqarydashboard.blob.core.windows.net/upload/new-facts/elevators.svg", "title": "No. of Elevator"}, {"id": 10, "icon": "https://aqarydashboard.blob.core.windows.net/upload/new-facts/furnishing.svg", "title": "Furnished"}, {"id": 14, "icon": "https://aqarydashboard.blob.core.windows.net/upload/new-facts/no-of-units.svg", "title": "No of units"}, {"id": 15, "icon": "https://aqarydashboard.blob.core.windows.net/upload/new-facts/no-of-floor.svg", "title": "No of Floors"}, {"id": 22, "icon": "https://aqarydashboard.blob.core.windows.net/upload/new-facts/service-charges.svg", "title": "Service Charge"}, {"id": 24, "icon": "https://aqarydashboard.blob.core.windows.net/upload/new-facts/swimming-pools.svg", "title": "No Of Pools"}, {"id": 29, "icon": "https://aqarydashboard.blob.core.windows.net/upload/new-facts/view.svg", "title": "Views"}, {"id": 41, "icon": "https://aqarydashboard.blob.core.windows.net/upload/new-facts/plot-area.svg", "title": "Min Area"}, {"id": 42, "icon": "https://aqarydashboard.blob.core.windows.net/upload/new-facts/plot-area.svg", "title": "Max Area"}, {"id": 44, "icon": "https://aqarydashboard.blob.core.windows.net/upload/new-facts/retail-centers.svg", "title": "No Of Retail Units"}, {"id": 61, "icon": "nil", "title": "Total Plot Area"}, {"id": 62, "icon": "nil", "title": "Total Built Up Area"}, {"id": 65, "icon": "nil", "title": "No. of Parking"}, {"id": 71, "icon": "nil", "title": "unit Type"}, {"id": 75, "icon": "nil", "title": "property Description"}]}', 2, now(), now(), 1, 'https://aqarydashboard.blob.core.windows.net/upload/types/commercial_building.png', 't'),
(15, 'Commercial Building', 'CMB', '{"rent": [{"id": 4, "icon": "https://aqarydashboard.blob.core.windows.net/upload/new-facts/build-up-area.svg", "title": "Built Up Area"}, {"id": 5, "icon": "https://aqarydashboard.blob.core.windows.net/upload/new-facts/building-name.svg", "title": "Property Name"}, {"id": 6, "icon": "https://aqarydashboard.blob.core.windows.net/upload/new-facts/completion-date.svg", "title": "Completion Date"}, {"id": 9, "icon": "https://aqarydashboard.blob.core.windows.net/upload/new-facts/elevators.svg", "title": "No. of Elevator"}, {"id": 10, "icon": "https://aqarydashboard.blob.core.windows.net/upload/new-facts/furnishing.svg", "title": "Furnished"}, {"id": 11, "icon": "https://aqarydashboard.blob.core.windows.net/upload/new-facts/life-style.svg", "title": "Life Style"}, {"id": 14, "icon": "https://aqarydashboard.blob.core.windows.net/upload/new-facts/no-of-units.svg", "title": "No of units"}, {"id": 15, "icon": "https://aqarydashboard.blob.core.windows.net/upload/new-facts/no-of-floor.svg", "title": "No of Floors"}, {"id": 16, "icon": "https://aqarydashboard.blob.core.windows.net/upload/new-facts/ownership.svg", "title": "Ownership"}, {"id": 17, "icon": "https://aqarydashboard.blob.core.windows.net/upload/new-facts/parking.svg", "title": "Parking"}, {"id": 18, "icon": "https://aqarydashboard.blob.core.windows.net/upload/new-facts/plot-area.svg", "title": "Plot Area"}, {"id": 19, "icon": "https://aqarydashboard.blob.core.windows.net/upload/new-facts/price.svg", "title": "Price"}, {"id": 20, "icon": "https://aqarydashboard.blob.core.windows.net/upload/new-facts/rent-type.svg", "title": "Rent type"}, {"id": 22, "icon": "https://aqarydashboard.blob.core.windows.net/upload/new-facts/service-charges.svg", "title": "Service Charge"}, {"id": 24, "icon": "https://aqarydashboard.blob.core.windows.net/upload/new-facts/swimming-pools.svg", "title": "No Of Pools"}, {"id": 26, "icon": "https://aqarydashboard.blob.core.windows.net/upload/new-facts/type.svg", "title": "Type Name"}, {"id": 29, "icon": "https://aqarydashboard.blob.core.windows.net/upload/new-facts/view.svg", "title": "Views"}, {"id": 38, "icon": "https://aqarydashboard.blob.core.windows.net/upload/new-facts/payment.svg", "title": "no of payments"}, {"id": 39, "icon": "https://aqarydashboard.blob.core.windows.net/upload/new-facts/status.svg", "title": "status"}, {"id": 41, "icon": "https://aqarydashboard.blob.core.windows.net/upload/new-facts/plot-area.svg", "title": "Min Area"}, {"id": 42, "icon": "https://aqarydashboard.blob.core.windows.net/upload/new-facts/plot-area.svg", "title": "Max Area"}, {"id": 43, "icon": "https://aqarydashboard.blob.core.windows.net/upload/new-facts/status.svg", "title": "Completion Status"}, {"id": 45, "icon": "https://aqarydashboard.blob.core.windows.net/upload/new-facts/vat.svg", "title": "Municipality Tax"}, {"id": 46, "icon": "https://aqarydashboard.blob.core.windows.net/upload/new-facts/vat.svg", "title": "Commercial Tax"}, {"id": 47, "icon": "https://aqarydashboard.blob.core.windows.net/upload/new-facts/vat.svg", "title": "Ask Price"}, {"id": 48, "icon": "nil", "title": "Start Date"}, {"id": 50, "icon": "nil", "title": "Handover Date"}, {"id": 54, "icon": "nil", "title": "is leased"}, {"id": 56, "icon": "nil", "title": "owner"}, {"id": 57, "icon": "nil", "title": "Sector No."}, {"id": 58, "icon": "nil", "title": "Property No."}, {"id": 75, "icon": "nil", "title": "property Description"}, {"id": 76, "icon": "nil", "title": "Facilities"}, {"id": 77, "icon": "nil", "title": "Amenities"}, {"id": 78, "icon": "nil", "title": "property type"}], "sale": [{"id": 5, "icon": "https://aqarydashboard.blob.core.windows.net/upload/new-facts/building-name.svg", "title": "Property Name"}, {"id": 6, "icon": "https://aqarydashboard.blob.core.windows.net/upload/new-facts/completion-date.svg", "title": "Completion Date"}, {"id": 9, "icon": "https://aqarydashboard.blob.core.windows.net/upload/new-facts/elevators.svg", "title": "No. of Elevator"}, {"id": 10, "icon": "https://aqarydashboard.blob.core.windows.net/upload/new-facts/furnishing.svg", "title": "Furnished"}, {"id": 11, "icon": "https://aqarydashboard.blob.core.windows.net/upload/new-facts/life-style.svg", "title": "Life Style"}, {"id": 14, "icon": "https://aqarydashboard.blob.core.windows.net/upload/new-facts/no-of-units.svg", "title": "No of units"}, {"id": 15, "icon": "https://aqarydashboard.blob.core.windows.net/upload/new-facts/no-of-floor.svg", "title": "No of Floors"}, {"id": 16, "icon": "https://aqarydashboard.blob.core.windows.net/upload/new-facts/ownership.svg", "title": "Ownership"}, {"id": 19, "icon": "https://aqarydashboard.blob.core.windows.net/upload/new-facts/price.svg", "title": "Price"}, {"id": 22, "icon": "https://aqarydashboard.blob.core.windows.net/upload/new-facts/service-charges.svg", "title": "Service Charge"}, {"id": 24, "icon": "https://aqarydashboard.blob.core.windows.net/upload/new-facts/swimming-pools.svg", "title": "No Of Pools"}, {"id": 29, "icon": "https://aqarydashboard.blob.core.windows.net/upload/new-facts/view.svg", "title": "Views"}, {"id": 39, "icon": "https://aqarydashboard.blob.core.windows.net/upload/new-facts/status.svg", "title": "status"}, {"id": 41, "icon": "https://aqarydashboard.blob.core.windows.net/upload/new-facts/plot-area.svg", "title": "Min Area"}, {"id": 42, "icon": "https://aqarydashboard.blob.core.windows.net/upload/new-facts/plot-area.svg", "title": "Max Area"}, {"id": 43, "icon": "https://aqarydashboard.blob.core.windows.net/upload/new-facts/status.svg", "title": "Completion Status"}, {"id": 44, "icon": "https://aqarydashboard.blob.core.windows.net/upload/new-facts/retail-centers.svg", "title": "No Of Retail Units"}, {"id": 45, "icon": "https://aqarydashboard.blob.core.windows.net/upload/new-facts/vat.svg", "title": "Municipality Tax"}, {"id": 46, "icon": "https://aqarydashboard.blob.core.windows.net/upload/new-facts/vat.svg", "title": "Commercial Tax"}, {"id": 47, "icon": "https://aqarydashboard.blob.core.windows.net/upload/new-facts/vat.svg", "title": "Ask Price"}, {"id": 48, "icon": "nil", "title": "Start Date"}, {"id": 50, "icon": "nil", "title": "Handover Date"}, {"id": 54, "icon": "nil", "title": "is leased"}, {"id": 56, "icon": "nil", "title": "owner"}, {"id": 57, "icon": "nil", "title": "Sector No."}, {"id": 58, "icon": "nil", "title": "Property No."}, {"id": 61, "icon": "nil", "title": "Total Plot Area"}, {"id": 62, "icon": "nil", "title": "Total Built Up Area"}, {"id": 63, "icon": "nil", "title": "Completion percentage"}, {"id": 64, "icon": "nil", "title": "Completion percentage Date"}, {"id": 65, "icon": "nil", "title": "No. of Parking"}, {"id": 66, "icon": "nil", "title": "unit No."}, {"id": 67, "icon": "nil", "title": "contract start date"}, {"id": 68, "icon": "nil", "title": "contract End date"}, {"id": 69, "icon": "nil", "title": "amount"}, {"id": 70, "icon": "nil", "title": "For investment"}, {"id": 71, "icon": "nil", "title": "unit Type"}, {"id": 75, "icon": "nil", "title": "property Description"}, {"id": 76, "icon": "nil", "title": "Facilities"}, {"id": 77, "icon": "nil", "title": "Amenities"}, {"id": 78, "icon": "nil", "title": "property type"}]}', 2, now(), now(), 1, 'https://aqarydashboard.blob.core.windows.net/upload/types/commercial_building.png', 'f'),
(16, 'Mixed Used Building', 'MUB', '{"rent": [{"id": 4, "icon": "https://aqarydashboard.blob.core.windows.net/upload/new-facts/build-up-area.svg", "title": "Built Up Area"}, {"id": 5, "icon": "https://aqarydashboard.blob.core.windows.net/upload/new-facts/building-name.svg", "title": "Property Name"}, {"id": 6, "icon": "https://aqarydashboard.blob.core.windows.net/upload/new-facts/completion-date.svg", "title": "Completion Date"}, {"id": 9, "icon": "https://aqarydashboard.blob.core.windows.net/upload/new-facts/elevators.svg", "title": "No. of Elevator"}, {"id": 10, "icon": "https://aqarydashboard.blob.core.windows.net/upload/new-facts/furnishing.svg", "title": "Furnished"}, {"id": 11, "icon": "https://aqarydashboard.blob.core.windows.net/upload/new-facts/life-style.svg", "title": "Life Style"}, {"id": 14, "icon": "https://aqarydashboard.blob.core.windows.net/upload/new-facts/no-of-units.svg", "title": "No of units"}, {"id": 15, "icon": "https://aqarydashboard.blob.core.windows.net/upload/new-facts/no-of-floor.svg", "title": "No of Floors"}, {"id": 16, "icon": "https://aqarydashboard.blob.core.windows.net/upload/new-facts/ownership.svg", "title": "Ownership"}, {"id": 17, "icon": "https://aqarydashboard.blob.core.windows.net/upload/new-facts/parking.svg", "title": "Parking"}, {"id": 19, "icon": "https://aqarydashboard.blob.core.windows.net/upload/new-facts/price.svg", "title": "Price"}, {"id": 20, "icon": "https://aqarydashboard.blob.core.windows.net/upload/new-facts/rent-type.svg", "title": "Rent type"}, {"id": 22, "icon": "https://aqarydashboard.blob.core.windows.net/upload/new-facts/service-charges.svg", "title": "Service Charge"}, {"id": 24, "icon": "https://aqarydashboard.blob.core.windows.net/upload/new-facts/swimming-pools.svg", "title": "No Of Pools"}, {"id": 26, "icon": "https://aqarydashboard.blob.core.windows.net/upload/new-facts/type.svg", "title": "Type Name"}, {"id": 29, "icon": "https://aqarydashboard.blob.core.windows.net/upload/new-facts/view.svg", "title": "Views"}, {"id": 38, "icon": "https://aqarydashboard.blob.core.windows.net/upload/new-facts/payment.svg", "title": "no of payments"}, {"id": 39, "icon": "https://aqarydashboard.blob.core.windows.net/upload/new-facts/status.svg", "title": "status"}, {"id": 41, "icon": "https://aqarydashboard.blob.core.windows.net/upload/new-facts/plot-area.svg", "title": "Min Area"}, {"id": 42, "icon": "https://aqarydashboard.blob.core.windows.net/upload/new-facts/plot-area.svg", "title": "Max Area"}, {"id": 43, "icon": "https://aqarydashboard.blob.core.windows.net/upload/new-facts/status.svg", "title": "Completion Status"}, {"id": 45, "icon": "https://aqarydashboard.blob.core.windows.net/upload/new-facts/vat.svg", "title": "Municipality Tax"}, {"id": 46, "icon": "https://aqarydashboard.blob.core.windows.net/upload/new-facts/vat.svg", "title": "Commercial Tax"}, {"id": 47, "icon": "https://aqarydashboard.blob.core.windows.net/upload/new-facts/vat.svg", "title": "Ask Price"}, {"id": 48, "icon": "nil", "title": "Start Date"}, {"id": 50, "icon": "nil", "title": "Handover Date"}, {"id": 54, "icon": "nil", "title": "is leased"}, {"id": 56, "icon": "nil", "title": "owner"}, {"id": 57, "icon": "nil", "title": "Sector No."}, {"id": 58, "icon": "nil", "title": "Property No."}, {"id": 75, "icon": "nil", "title": "property Description"}, {"id": 76, "icon": "nil", "title": "Facilities"}, {"id": 77, "icon": "nil", "title": "Amenities"}, {"id": 78, "icon": "nil", "title": "property type"}], "sale": [{"id": 2, "icon": "https://aqarydashboard.blob.core.windows.net/upload/new-facts/balcony.svg", "title": "Balcony"}, {"id": 5, "icon": "https://aqarydashboard.blob.core.windows.net/upload/new-facts/building-name.svg", "title": "Property Name"}, {"id": 6, "icon": "https://aqarydashboard.blob.core.windows.net/upload/new-facts/completion-date.svg", "title": "Completion Date"}, {"id": 9, "icon": "https://aqarydashboard.blob.core.windows.net/upload/new-facts/elevators.svg", "title": "No. of Elevator"}, {"id": 10, "icon": "https://aqarydashboard.blob.core.windows.net/upload/new-facts/furnishing.svg", "title": "Furnished"}, {"id": 11, "icon": "https://aqarydashboard.blob.core.windows.net/upload/new-facts/life-style.svg", "title": "Life Style"}, {"id": 14, "icon": "https://aqarydashboard.blob.core.windows.net/upload/new-facts/no-of-units.svg", "title": "No of units"}, {"id": 15, "icon": "https://aqarydashboard.blob.core.windows.net/upload/new-facts/no-of-floor.svg", "title": "No of Floors"}, {"id": 16, "icon": "https://aqarydashboard.blob.core.windows.net/upload/new-facts/ownership.svg", "title": "Ownership"}, {"id": 19, "icon": "https://aqarydashboard.blob.core.windows.net/upload/new-facts/price.svg", "title": "Price"}, {"id": 22, "icon": "https://aqarydashboard.blob.core.windows.net/upload/new-facts/service-charges.svg", "title": "Service Charge"}, {"id": 24, "icon": "https://aqarydashboard.blob.core.windows.net/upload/new-facts/swimming-pools.svg", "title": "No Of Pools"}, {"id": 29, "icon": "https://aqarydashboard.blob.core.windows.net/upload/new-facts/view.svg", "title": "Views"}, {"id": 39, "icon": "https://aqarydashboard.blob.core.windows.net/upload/new-facts/status.svg", "title": "status"}, {"id": 41, "icon": "https://aqarydashboard.blob.core.windows.net/upload/new-facts/plot-area.svg", "title": "Min Area"}, {"id": 42, "icon": "https://aqarydashboard.blob.core.windows.net/upload/new-facts/plot-area.svg", "title": "Max Area"}, {"id": 43, "icon": "https://aqarydashboard.blob.core.windows.net/upload/new-facts/status.svg", "title": "Completion Status"}, {"id": 44, "icon": "https://aqarydashboard.blob.core.windows.net/upload/new-facts/retail-centers.svg", "title": "No Of Retail Units"}, {"id": 45, "icon": "https://aqarydashboard.blob.core.windows.net/upload/new-facts/vat.svg", "title": "Municipality Tax"}, {"id": 46, "icon": "https://aqarydashboard.blob.core.windows.net/upload/new-facts/vat.svg", "title": "Commercial Tax"}, {"id": 47, "icon": "https://aqarydashboard.blob.core.windows.net/upload/new-facts/vat.svg", "title": "Ask Price"}, {"id": 48, "icon": "nil", "title": "Start Date"}, {"id": 50, "icon": "nil", "title": "Handover Date"}, {"id": 54, "icon": "nil", "title": "is leased"}, {"id": 56, "icon": "nil", "title": "owner"}, {"id": 57, "icon": "nil", "title": "Sector No."}, {"id": 58, "icon": "nil", "title": "Property No."}, {"id": 61, "icon": "nil", "title": "Total Plot Area"}, {"id": 62, "icon": "nil", "title": "Total Built Up Area"}, {"id": 63, "icon": "nil", "title": "Completion percentage"}, {"id": 64, "icon": "nil", "title": "Completion percentage Date"}, {"id": 65, "icon": "nil", "title": "No. of Parking"}, {"id": 67, "icon": "nil", "title": "contract start date"}, {"id": 68, "icon": "nil", "title": "contract End date"}, {"id": 69, "icon": "nil", "title": "amount"}, {"id": 70, "icon": "nil", "title": "For investment"}, {"id": 71, "icon": "nil", "title": "unit Type"}, {"id": 75, "icon": "nil", "title": "property Description"}, {"id": 76, "icon": "nil", "title": "Facilities"}, {"id": 77, "icon": "nil", "title": "Amenities"}, {"id": 78, "icon": "nil", "title": "property type"}]}', 2, now(), now(), 1, 'https://aqarydashboard.blob.core.windows.net/upload/types/mixed_used_building.png', 'f'),
(17, 'Labour Camp', 'LBC', '{"rent": [{"id": 2, "icon": "https://aqarydashboard.blob.core.windows.net/upload/new-facts/balcony.svg", "title": "Balcony"}, {"id": 4, "icon": "https://aqarydashboard.blob.core.windows.net/upload/new-facts/build-up-area.svg", "title": "Built Up Area"}, {"id": 5, "icon": "https://aqarydashboard.blob.core.windows.net/upload/new-facts/building-name.svg", "title": "Property Name"}, {"id": 6, "icon": "https://aqarydashboard.blob.core.windows.net/upload/new-facts/completion-date.svg", "title": "Completion Date"}, {"id": 9, "icon": "https://aqarydashboard.blob.core.windows.net/upload/new-facts/elevators.svg", "title": "No. of Elevator"}, {"id": 10, "icon": "https://aqarydashboard.blob.core.windows.net/upload/new-facts/furnishing.svg", "title": "Furnished"}, {"id": 11, "icon": "https://aqarydashboard.blob.core.windows.net/upload/new-facts/life-style.svg", "title": "Life Style"}, {"id": 14, "icon": "https://aqarydashboard.blob.core.windows.net/upload/new-facts/no-of-units.svg", "title": "No of units"}, {"id": 15, "icon": "https://aqarydashboard.blob.core.windows.net/upload/new-facts/no-of-floor.svg", "title": "No of Floors"}, {"id": 17, "icon": "https://aqarydashboard.blob.core.windows.net/upload/new-facts/parking.svg", "title": "Parking"}, {"id": 18, "icon": "https://aqarydashboard.blob.core.windows.net/upload/new-facts/plot-area.svg", "title": "Plot Area"}, {"id": 19, "icon": "https://aqarydashboard.blob.core.windows.net/upload/new-facts/price.svg", "title": "Price"}, {"id": 20, "icon": "https://aqarydashboard.blob.core.windows.net/upload/new-facts/rent-type.svg", "title": "Rent type"}, {"id": 24, "icon": "https://aqarydashboard.blob.core.windows.net/upload/new-facts/swimming-pools.svg", "title": "No Of Pools"}, {"id": 29, "icon": "https://aqarydashboard.blob.core.windows.net/upload/new-facts/view.svg", "title": "Views"}, {"id": 38, "icon": "https://aqarydashboard.blob.core.windows.net/upload/new-facts/payment.svg", "title": "no of payments"}, {"id": 39, "icon": "https://aqarydashboard.blob.core.windows.net/upload/new-facts/status.svg", "title": "status"}, {"id": 41, "icon": "https://aqarydashboard.blob.core.windows.net/upload/new-facts/plot-area.svg", "title": "Min Area"}, {"id": 42, "icon": "https://aqarydashboard.blob.core.windows.net/upload/new-facts/plot-area.svg", "title": "Max Area"}, {"id": 43, "icon": "https://aqarydashboard.blob.core.windows.net/upload/new-facts/status.svg", "title": "Completion Status"}, {"id": 44, "icon": "https://aqarydashboard.blob.core.windows.net/upload/new-facts/retail-centers.svg", "title": "No Of Retail Units"}, {"id": 45, "icon": "https://aqarydashboard.blob.core.windows.net/upload/new-facts/vat.svg", "title": "Municipality Tax"}, {"id": 46, "icon": "https://aqarydashboard.blob.core.windows.net/upload/new-facts/vat.svg", "title": "Commercial Tax"}, {"id": 47, "icon": "https://aqarydashboard.blob.core.windows.net/upload/new-facts/vat.svg", "title": "Ask Price"}, {"id": 48, "icon": "nil", "title": "Start Date"}, {"id": 50, "icon": "nil", "title": "Handover Date"}, {"id": 56, "icon": "nil", "title": "owner"}, {"id": 57, "icon": "nil", "title": "Sector No."}, {"id": 58, "icon": "nil", "title": "Property No."}, {"id": 75, "icon": "nil", "title": "property Description"}, {"id": 76, "icon": "nil", "title": "Facilities"}, {"id": 77, "icon": "nil", "title": "Amenities"}, {"id": 78, "icon": "nil", "title": "property type"}, null], "sale": [{"id": 2, "icon": "https://aqarydashboard.blob.core.windows.net/upload/new-facts/balcony.svg", "title": "Balcony"}, {"id": 5, "icon": "https://aqarydashboard.blob.core.windows.net/upload/new-facts/building-name.svg", "title": "Property Name"}, {"id": 6, "icon": "https://aqarydashboard.blob.core.windows.net/upload/new-facts/completion-date.svg", "title": "Completion Date"}, {"id": 9, "icon": "https://aqarydashboard.blob.core.windows.net/upload/new-facts/elevators.svg", "title": "No. of Elevator"}, {"id": 10, "icon": "https://aqarydashboard.blob.core.windows.net/upload/new-facts/furnishing.svg", "title": "Furnished"}, {"id": 11, "icon": "https://aqarydashboard.blob.core.windows.net/upload/new-facts/life-style.svg", "title": "Life Style"}, {"id": 14, "icon": "https://aqarydashboard.blob.core.windows.net/upload/new-facts/no-of-units.svg", "title": "No of units"}, {"id": 15, "icon": "https://aqarydashboard.blob.core.windows.net/upload/new-facts/no-of-floor.svg", "title": "No of Floors"}, {"id": 16, "icon": "https://aqarydashboard.blob.core.windows.net/upload/new-facts/ownership.svg", "title": "Ownership"}, {"id": 17, "icon": "https://aqarydashboard.blob.core.windows.net/upload/new-facts/parking.svg", "title": "Parking"}, {"id": 19, "icon": "https://aqarydashboard.blob.core.windows.net/upload/new-facts/price.svg", "title": "Price"}, {"id": 22, "icon": "https://aqarydashboard.blob.core.windows.net/upload/new-facts/service-charges.svg", "title": "Service Charge"}, {"id": 24, "icon": "https://aqarydashboard.blob.core.windows.net/upload/new-facts/swimming-pools.svg", "title": "No Of Pools"}, {"id": 29, "icon": "https://aqarydashboard.blob.core.windows.net/upload/new-facts/view.svg", "title": "Views"}, {"id": 39, "icon": "https://aqarydashboard.blob.core.windows.net/upload/new-facts/status.svg", "title": "status"}, {"id": 41, "icon": "https://aqarydashboard.blob.core.windows.net/upload/new-facts/plot-area.svg", "title": "Min Area"}, {"id": 42, "icon": "https://aqarydashboard.blob.core.windows.net/upload/new-facts/plot-area.svg", "title": "Max Area"}, {"id": 43, "icon": "https://aqarydashboard.blob.core.windows.net/upload/new-facts/status.svg", "title": "Completion Status"}, {"id": 44, "icon": "https://aqarydashboard.blob.core.windows.net/upload/new-facts/retail-centers.svg", "title": "No Of Retail Units"}, {"id": 45, "icon": "https://aqarydashboard.blob.core.windows.net/upload/new-facts/vat.svg", "title": "Municipality Tax"}, {"id": 46, "icon": "https://aqarydashboard.blob.core.windows.net/upload/new-facts/vat.svg", "title": "Commercial Tax"}, {"id": 47, "icon": "https://aqarydashboard.blob.core.windows.net/upload/new-facts/vat.svg", "title": "Ask Price"}, {"id": 48, "icon": "nil", "title": "Start Date"}, {"id": 50, "icon": "nil", "title": "Handover Date"}, {"id": 54, "icon": "nil", "title": "is leased"}, {"id": 56, "icon": "nil", "title": "owner"}, {"id": 57, "icon": "nil", "title": "Sector No."}, {"id": 58, "icon": "nil", "title": "Property No."}, {"id": 61, "icon": "nil", "title": "Total Plot Area"}, {"id": 62, "icon": "nil", "title": "Total Built Up Area"}, {"id": 63, "icon": "nil", "title": "Completion percentage"}, {"id": 64, "icon": "nil", "title": "Completion percentage Date"}, {"id": 65, "icon": "nil", "title": "No. of Parking"}, {"id": 66, "icon": "nil", "title": "unit No."}, {"id": 67, "icon": "nil", "title": "contract start date"}, {"id": 68, "icon": "nil", "title": "contract End date"}, {"id": 69, "icon": "nil", "title": "amount"}, {"id": 70, "icon": "nil", "title": "For investment"}, {"id": 71, "icon": "nil", "title": "unit Type"}, {"id": 75, "icon": "nil", "title": "property Description"}, {"id": 76, "icon": "nil", "title": "Facilities"}, {"id": 77, "icon": "nil", "title": "Amenities"}, {"id": 78, "icon": "nil", "title": "property type"}]}', 2, now(), now(), 1, 'https://aqarydashboard.blob.core.windows.net/upload/types/labour_camp.png', 'f'),
(18, 'Commercial compound Villas', 'CVC', '{"project": [{"id": 78, "icon": "nil", "title": "property type"}, {"id": 77, "icon": "nil", "title": "Amenities"}, {"id": 76, "icon": "nil", "title": "Facilities"}, {"id": 5, "icon": "https://aqarydashboard.blob.core.windows.net/upload/new-facts/building-name.svg", "title": "Property Name"}, {"id": 9, "icon": "https://aqarydashboard.blob.core.windows.net/upload/new-facts/elevators.svg", "title": "No. of Elevator"}, {"id": 10, "icon": "https://aqarydashboard.blob.core.windows.net/upload/new-facts/furnishing.svg", "title": "Furnished"}, {"id": 14, "icon": "https://aqarydashboard.blob.core.windows.net/upload/new-facts/no-of-units.svg", "title": "No of units"}, {"id": 15, "icon": "https://aqarydashboard.blob.core.windows.net/upload/new-facts/no-of-floor.svg", "title": "No of Floors"}, {"id": 22, "icon": "https://aqarydashboard.blob.core.windows.net/upload/new-facts/service-charges.svg", "title": "Service Charge"}, {"id": 24, "icon": "https://aqarydashboard.blob.core.windows.net/upload/new-facts/swimming-pools.svg", "title": "No Of Pools"}, {"id": 29, "icon": "https://aqarydashboard.blob.core.windows.net/upload/new-facts/view.svg", "title": "Views"}, {"id": 41, "icon": "https://aqarydashboard.blob.core.windows.net/upload/new-facts/plot-area.svg", "title": "Min Area"}, {"id": 42, "icon": "https://aqarydashboard.blob.core.windows.net/upload/new-facts/plot-area.svg", "title": "Max Area"}, {"id": 44, "icon": "https://aqarydashboard.blob.core.windows.net/upload/new-facts/retail-centers.svg", "title": "No Of Retail Units"}, {"id": 61, "icon": "nil", "title": "Total Plot Area"}, {"id": 62, "icon": "nil", "title": "Total Built Up Area"}, {"id": 65, "icon": "nil", "title": "No. of Parking"}, {"id": 71, "icon": "nil", "title": "unit Type"}, {"id": 75, "icon": "nil", "title": "property Description"}]}', 2, now(), now(), 1, 'https://aqarydashboard.blob.core.windows.net/upload/types/commercial_villas_compound.png', 't'),
(19, 'Commercial Villas compound', 'CVC', '{"rent": [{"id": 2, "icon": "https://aqarydashboard.blob.core.windows.net/upload/new-facts/balcony.svg", "title": "Balcony"}, {"id": 4, "icon": "https://aqarydashboard.blob.core.windows.net/upload/new-facts/build-up-area.svg", "title": "Built Up Area"}, {"id": 6, "icon": "https://aqarydashboard.blob.core.windows.net/upload/new-facts/completion-date.svg", "title": "Completion Date"}, {"id": 9, "icon": "https://aqarydashboard.blob.core.windows.net/upload/new-facts/elevators.svg", "title": "No. of Elevator"}, {"id": 10, "icon": "https://aqarydashboard.blob.core.windows.net/upload/new-facts/furnishing.svg", "title": "Furnished"}, {"id": 11, "icon": "https://aqarydashboard.blob.core.windows.net/upload/new-facts/life-style.svg", "title": "Life Style"}, {"id": 14, "icon": "https://aqarydashboard.blob.core.windows.net/upload/new-facts/no-of-units.svg", "title": "No of units"}, {"id": 17, "icon": "https://aqarydashboard.blob.core.windows.net/upload/new-facts/parking.svg", "title": "Parking"}, {"id": 18, "icon": "https://aqarydashboard.blob.core.windows.net/upload/new-facts/plot-area.svg", "title": "Plot Area"}, {"id": 19, "icon": "https://aqarydashboard.blob.core.windows.net/upload/new-facts/price.svg", "title": "Price"}, {"id": 20, "icon": "https://aqarydashboard.blob.core.windows.net/upload/new-facts/rent-type.svg", "title": "Rent type"}, {"id": 24, "icon": "https://aqarydashboard.blob.core.windows.net/upload/new-facts/swimming-pools.svg", "title": "No Of Pools"}, {"id": 29, "icon": "https://aqarydashboard.blob.core.windows.net/upload/new-facts/view.svg", "title": "Views"}, {"id": 38, "icon": "https://aqarydashboard.blob.core.windows.net/upload/new-facts/payment.svg", "title": "no of payments"}, {"id": 39, "icon": "https://aqarydashboard.blob.core.windows.net/upload/new-facts/status.svg", "title": "status"}, {"id": 41, "icon": "https://aqarydashboard.blob.core.windows.net/upload/new-facts/plot-area.svg", "title": "Min Area"}, {"id": 42, "icon": "https://aqarydashboard.blob.core.windows.net/upload/new-facts/plot-area.svg", "title": "Max Area"}, {"id": 43, "icon": "https://aqarydashboard.blob.core.windows.net/upload/new-facts/status.svg", "title": "Completion Status"}, {"id": 44, "icon": "https://aqarydashboard.blob.core.windows.net/upload/new-facts/retail-centers.svg", "title": "No Of Retail Units"}, {"id": 45, "icon": "https://aqarydashboard.blob.core.windows.net/upload/new-facts/vat.svg", "title": "Municipality Tax"}, {"id": 47, "icon": "https://aqarydashboard.blob.core.windows.net/upload/new-facts/vat.svg", "title": "Ask Price"}, {"id": 48, "icon": "nil", "title": "Start Date"}, {"id": 50, "icon": "nil", "title": "Handover Date"}, {"id": 54, "icon": "nil", "title": "is leased"}, {"id": 56, "icon": "nil", "title": "owner"}, {"id": 57, "icon": "nil", "title": "Sector No."}, {"id": 58, "icon": "nil", "title": "Property No."}, {"id": 75, "icon": "nil", "title": "property Description"}, {"id": 76, "icon": "nil", "title": "Facilities"}, {"id": 77, "icon": "nil", "title": "Amenities"}, {"id": 78, "icon": "nil", "title": "property type"}], "sale": [{"id": 5, "icon": "https://aqarydashboard.blob.core.windows.net/upload/new-facts/building-name.svg", "title": "Property Name"}, {"id": 6, "icon": "https://aqarydashboard.blob.core.windows.net/upload/new-facts/completion-date.svg", "title": "Completion Date"}, {"id": 9, "icon": "https://aqarydashboard.blob.core.windows.net/upload/new-facts/elevators.svg", "title": "No. of Elevator"}, {"id": 10, "icon": "https://aqarydashboard.blob.core.windows.net/upload/new-facts/furnishing.svg", "title": "Furnished"}, {"id": 11, "icon": "https://aqarydashboard.blob.core.windows.net/upload/new-facts/life-style.svg", "title": "Life Style"}, {"id": 14, "icon": "https://aqarydashboard.blob.core.windows.net/upload/new-facts/no-of-units.svg", "title": "No of units"}, {"id": 15, "icon": "https://aqarydashboard.blob.core.windows.net/upload/new-facts/no-of-floor.svg", "title": "No of Floors"}, {"id": 16, "icon": "https://aqarydashboard.blob.core.windows.net/upload/new-facts/ownership.svg", "title": "Ownership"}, {"id": 19, "icon": "https://aqarydashboard.blob.core.windows.net/upload/new-facts/price.svg", "title": "Price"}, {"id": 20, "icon": "https://aqarydashboard.blob.core.windows.net/upload/new-facts/rent-type.svg", "title": "Rent type"}, {"id": 22, "icon": "https://aqarydashboard.blob.core.windows.net/upload/new-facts/service-charges.svg", "title": "Service Charge"}, {"id": 24, "icon": "https://aqarydashboard.blob.core.windows.net/upload/new-facts/swimming-pools.svg", "title": "No Of Pools"}, {"id": 29, "icon": "https://aqarydashboard.blob.core.windows.net/upload/new-facts/view.svg", "title": "Views"}, {"id": 38, "icon": "https://aqarydashboard.blob.core.windows.net/upload/new-facts/payment.svg", "title": "no of payments"}, {"id": 39, "icon": "https://aqarydashboard.blob.core.windows.net/upload/new-facts/status.svg", "title": "status"}, {"id": 41, "icon": "https://aqarydashboard.blob.core.windows.net/upload/new-facts/plot-area.svg", "title": "Min Area"}, {"id": 42, "icon": "https://aqarydashboard.blob.core.windows.net/upload/new-facts/plot-area.svg", "title": "Max Area"}, {"id": 43, "icon": "https://aqarydashboard.blob.core.windows.net/upload/new-facts/status.svg", "title": "Completion Status"}, {"id": 44, "icon": "https://aqarydashboard.blob.core.windows.net/upload/new-facts/retail-centers.svg", "title": "No Of Retail Units"}, {"id": 45, "icon": "https://aqarydashboard.blob.core.windows.net/upload/new-facts/vat.svg", "title": "Municipality Tax"}, {"id": 46, "icon": "https://aqarydashboard.blob.core.windows.net/upload/new-facts/vat.svg", "title": "Commercial Tax"}, {"id": 47, "icon": "https://aqarydashboard.blob.core.windows.net/upload/new-facts/vat.svg", "title": "Ask Price"}, {"id": 48, "icon": "nil", "title": "Start Date"}, {"id": 50, "icon": "nil", "title": "Handover Date"}, {"id": 54, "icon": "nil", "title": "is leased"}, {"id": 56, "icon": "nil", "title": "owner"}, {"id": 57, "icon": "nil", "title": "Sector No."}, {"id": 58, "icon": "nil", "title": "Property No."}, {"id": 61, "icon": "nil", "title": "Total Plot Area"}, {"id": 62, "icon": "nil", "title": "Total Built Up Area"}, {"id": 63, "icon": "nil", "title": "Completion percentage"}, {"id": 64, "icon": "nil", "title": "Completion percentage Date"}, {"id": 65, "icon": "nil", "title": "No. of Parking"}, {"id": 67, "icon": "nil", "title": "contract start date"}, {"id": 68, "icon": "nil", "title": "contract End date"}, {"id": 69, "icon": "nil", "title": "amount"}, {"id": 70, "icon": "nil", "title": "For investment"}, {"id": 71, "icon": "nil", "title": "unit Type"}, {"id": 75, "icon": "nil", "title": "property Description"}, {"id": 76, "icon": "nil", "title": "Facilities"}, {"id": 77, "icon": "nil", "title": "Amenities"}, {"id": 78, "icon": "nil", "title": "property type"}, null]}', 2, now(), now(), 1, 'https://aqarydashboard.blob.core.windows.net/upload/types/commercial_villas_compound.png', 'f'),
(20, 'Staff accommodation', 'STA', '{"sale": [{"id": 2, "icon": "https://aqarydashboard.blob.core.windows.net/upload/new-facts/balcony.svg", "title": "Balcony"}, {"id": 5, "icon": "https://aqarydashboard.blob.core.windows.net/upload/new-facts/building-name.svg", "title": "Property Name"}, {"id": 6, "icon": "https://aqarydashboard.blob.core.windows.net/upload/new-facts/completion-date.svg", "title": "Completion Date"}, {"id": 9, "icon": "https://aqarydashboard.blob.core.windows.net/upload/new-facts/elevators.svg", "title": "No. of Elevator"}, {"id": 10, "icon": "https://aqarydashboard.blob.core.windows.net/upload/new-facts/furnishing.svg", "title": "Furnished"}, {"id": 11, "icon": "https://aqarydashboard.blob.core.windows.net/upload/new-facts/life-style.svg", "title": "Life Style"}, {"id": 14, "icon": "https://aqarydashboard.blob.core.windows.net/upload/new-facts/no-of-units.svg", "title": "No of units"}, {"id": 15, "icon": "https://aqarydashboard.blob.core.windows.net/upload/new-facts/no-of-floor.svg", "title": "No of Floors"}, {"id": 16, "icon": "https://aqarydashboard.blob.core.windows.net/upload/new-facts/ownership.svg", "title": "Ownership"}, {"id": 17, "icon": "https://aqarydashboard.blob.core.windows.net/upload/new-facts/parking.svg", "title": "Parking"}, {"id": 19, "icon": "https://aqarydashboard.blob.core.windows.net/upload/new-facts/price.svg", "title": "Price"}, {"id": 22, "icon": "https://aqarydashboard.blob.core.windows.net/upload/new-facts/service-charges.svg", "title": "Service Charge"}, {"id": 24, "icon": "https://aqarydashboard.blob.core.windows.net/upload/new-facts/swimming-pools.svg", "title": "No Of Pools"}, {"id": 29, "icon": "https://aqarydashboard.blob.core.windows.net/upload/new-facts/view.svg", "title": "Views"}, {"id": 39, "icon": "https://aqarydashboard.blob.core.windows.net/upload/new-facts/status.svg", "title": "status"}, {"id": 41, "icon": "https://aqarydashboard.blob.core.windows.net/upload/new-facts/plot-area.svg", "title": "Min Area"}, {"id": 42, "icon": "https://aqarydashboard.blob.core.windows.net/upload/new-facts/plot-area.svg", "title": "Max Area"}, {"id": 43, "icon": "https://aqarydashboard.blob.core.windows.net/upload/new-facts/status.svg", "title": "Completion Status"}, {"id": 44, "icon": "https://aqarydashboard.blob.core.windows.net/upload/new-facts/retail-centers.svg", "title": "No Of Retail Units"}, {"id": 45, "icon": "https://aqarydashboard.blob.core.windows.net/upload/new-facts/vat.svg", "title": "Municipality Tax"}, {"id": 46, "icon": "https://aqarydashboard.blob.core.windows.net/upload/new-facts/vat.svg", "title": "Commercial Tax"}, {"id": 47, "icon": "https://aqarydashboard.blob.core.windows.net/upload/new-facts/vat.svg", "title": "Ask Price"}, {"id": 48, "icon": "nil", "title": "Start Date"}, {"id": 50, "icon": "nil", "title": "Handover Date"}, {"id": 54, "icon": "nil", "title": "is leased"}, {"id": 56, "icon": "nil", "title": "owner"}, {"id": 57, "icon": "nil", "title": "Sector No."}, {"id": 58, "icon": "nil", "title": "Property No."}, {"id": 61, "icon": "nil", "title": "Total Plot Area"}, {"id": 62, "icon": "nil", "title": "Total Built Up Area"}, {"id": 63, "icon": "nil", "title": "Completion percentage"}, {"id": 64, "icon": "nil", "title": "Completion percentage Date"}, {"id": 65, "icon": "nil", "title": "No. of Parking"}, {"id": 66, "icon": "nil", "title": "unit No."}, {"id": 67, "icon": "nil", "title": "contract start date"}, {"id": 68, "icon": "nil", "title": "contract End date"}, {"id": 69, "icon": "nil", "title": "amount"}, {"id": 70, "icon": "nil", "title": "For investment"}, {"id": 71, "icon": "nil", "title": "unit Type"}, {"id": 75, "icon": "nil", "title": "property Description"}, {"id": 76, "icon": "nil", "title": "Facilities"}, {"id": 77, "icon": "nil", "title": "Amenities"}, {"id": 78, "icon": "nil", "title": "property type"}]}', 2, now(), now(), 1, 'https://aqarydashboard.blob.core.windows.net/upload/types/staff_accomodation.png', 'f'),
(21, 'Hotel', 'HO', '{"rent": [{"id": 4, "icon": "https://aqarydashboard.blob.core.windows.net/upload/new-facts/build-up-area.svg", "title": "Built Up Area"}, {"id": 5, "icon": "https://aqarydashboard.blob.core.windows.net/upload/new-facts/building-name.svg", "title": "Property Name"}, {"id": 6, "icon": "https://aqarydashboard.blob.core.windows.net/upload/new-facts/completion-date.svg", "title": "Completion Date"}, {"id": 9, "icon": "https://aqarydashboard.blob.core.windows.net/upload/new-facts/elevators.svg", "title": "No. of Elevator"}, {"id": 10, "icon": "https://aqarydashboard.blob.core.windows.net/upload/new-facts/furnishing.svg", "title": "Furnished"}, {"id": 11, "icon": "https://aqarydashboard.blob.core.windows.net/upload/new-facts/life-style.svg", "title": "Life Style"}, {"id": 14, "icon": "https://aqarydashboard.blob.core.windows.net/upload/new-facts/no-of-units.svg", "title": "No of units"}, {"id": 15, "icon": "https://aqarydashboard.blob.core.windows.net/upload/new-facts/no-of-floor.svg", "title": "No of Floors"}, {"id": 17, "icon": "https://aqarydashboard.blob.core.windows.net/upload/new-facts/parking.svg", "title": "Parking"}, {"id": 18, "icon": "https://aqarydashboard.blob.core.windows.net/upload/new-facts/plot-area.svg", "title": "Plot Area"}, {"id": 19, "icon": "https://aqarydashboard.blob.core.windows.net/upload/new-facts/price.svg", "title": "Price"}, {"id": 20, "icon": "https://aqarydashboard.blob.core.windows.net/upload/new-facts/rent-type.svg", "title": "Rent type"}, {"id": 24, "icon": "https://aqarydashboard.blob.core.windows.net/upload/new-facts/swimming-pools.svg", "title": "No Of Pools"}, {"id": 29, "icon": "https://aqarydashboard.blob.core.windows.net/upload/new-facts/view.svg", "title": "Views"}, {"id": 38, "icon": "https://aqarydashboard.blob.core.windows.net/upload/new-facts/payment.svg", "title": "no of payments"}, {"id": 39, "icon": "https://aqarydashboard.blob.core.windows.net/upload/new-facts/status.svg", "title": "status"}, {"id": 41, "icon": "https://aqarydashboard.blob.core.windows.net/upload/new-facts/plot-area.svg", "title": "Min Area"}, {"id": 42, "icon": "https://aqarydashboard.blob.core.windows.net/upload/new-facts/plot-area.svg", "title": "Max Area"}, {"id": 43, "icon": "https://aqarydashboard.blob.core.windows.net/upload/new-facts/status.svg", "title": "Completion Status"}, {"id": 44, "icon": "https://aqarydashboard.blob.core.windows.net/upload/new-facts/retail-centers.svg", "title": "No Of Retail Units"}, {"id": 45, "icon": "https://aqarydashboard.blob.core.windows.net/upload/new-facts/vat.svg", "title": "Municipality Tax"}, {"id": 46, "icon": "https://aqarydashboard.blob.core.windows.net/upload/new-facts/vat.svg", "title": "Commercial Tax"}, {"id": 47, "icon": "https://aqarydashboard.blob.core.windows.net/upload/new-facts/vat.svg", "title": "Ask Price"}, {"id": 50, "icon": "nil", "title": "Handover Date"}, {"id": 54, "icon": "nil", "title": "is leased"}, {"id": 56, "icon": "nil", "title": "owner"}, {"id": 57, "icon": "nil", "title": "Sector No."}, {"id": 58, "icon": "nil", "title": "Property No."}, {"id": 75, "icon": "nil", "title": "property Description"}, {"id": 76, "icon": "nil", "title": "Facilities"}, {"id": 77, "icon": "nil", "title": "Amenities"}, {"id": 78, "icon": "nil", "title": "property type"}, null], "sale": [{"id": 5, "icon": "https://aqarydashboard.blob.core.windows.net/upload/new-facts/building-name.svg", "title": "Property Name"}, {"id": 6, "icon": "https://aqarydashboard.blob.core.windows.net/upload/new-facts/completion-date.svg", "title": "Completion Date"}, {"id": 9, "icon": "https://aqarydashboard.blob.core.windows.net/upload/new-facts/elevators.svg", "title": "No. of Elevator"}, {"id": 10, "icon": "https://aqarydashboard.blob.core.windows.net/upload/new-facts/furnishing.svg", "title": "Furnished"}, {"id": 11, "icon": "https://aqarydashboard.blob.core.windows.net/upload/new-facts/life-style.svg", "title": "Life Style"}, {"id": 14, "icon": "https://aqarydashboard.blob.core.windows.net/upload/new-facts/no-of-units.svg", "title": "No of units"}, {"id": 15, "icon": "https://aqarydashboard.blob.core.windows.net/upload/new-facts/no-of-floor.svg", "title": "No of Floors"}, {"id": 16, "icon": "https://aqarydashboard.blob.core.windows.net/upload/new-facts/ownership.svg", "title": "Ownership"}, {"id": 19, "icon": "https://aqarydashboard.blob.core.windows.net/upload/new-facts/price.svg", "title": "Price"}, {"id": 22, "icon": "https://aqarydashboard.blob.core.windows.net/upload/new-facts/service-charges.svg", "title": "Service Charge"}, {"id": 24, "icon": "https://aqarydashboard.blob.core.windows.net/upload/new-facts/swimming-pools.svg", "title": "No Of Pools"}, {"id": 29, "icon": "https://aqarydashboard.blob.core.windows.net/upload/new-facts/view.svg", "title": "Views"}, {"id": 39, "icon": "https://aqarydashboard.blob.core.windows.net/upload/new-facts/status.svg", "title": "status"}, {"id": 41, "icon": "https://aqarydashboard.blob.core.windows.net/upload/new-facts/plot-area.svg", "title": "Min Area"}, {"id": 42, "icon": "https://aqarydashboard.blob.core.windows.net/upload/new-facts/plot-area.svg", "title": "Max Area"}, {"id": 43, "icon": "https://aqarydashboard.blob.core.windows.net/upload/new-facts/status.svg", "title": "Completion Status"}, {"id": 44, "icon": "https://aqarydashboard.blob.core.windows.net/upload/new-facts/retail-centers.svg", "title": "No Of Retail Units"}, {"id": 45, "icon": "https://aqarydashboard.blob.core.windows.net/upload/new-facts/vat.svg", "title": "Municipality Tax"}, {"id": 46, "icon": "https://aqarydashboard.blob.core.windows.net/upload/new-facts/vat.svg", "title": "Commercial Tax"}, {"id": 47, "icon": "https://aqarydashboard.blob.core.windows.net/upload/new-facts/vat.svg", "title": "Ask Price"}, {"id": 48, "icon": "nil", "title": "Start Date"}, {"id": 50, "icon": "nil", "title": "Handover Date"}, {"id": 54, "icon": "nil", "title": "is leased"}, {"id": 56, "icon": "nil", "title": "owner"}, {"id": 57, "icon": "nil", "title": "Sector No."}, {"id": 58, "icon": "nil", "title": "Property No."}, {"id": 61, "icon": "nil", "title": "Total Plot Area"}, {"id": 62, "icon": "nil", "title": "Total Built Up Area"}, {"id": 63, "icon": "nil", "title": "Completion percentage"}, {"id": 64, "icon": "nil", "title": "Completion percentage Date"}, {"id": 65, "icon": "nil", "title": "No. of Parking"}, {"id": 66, "icon": "nil", "title": "unit No."}, {"id": 67, "icon": "nil", "title": "contract start date"}, {"id": 68, "icon": "nil", "title": "contract End date"}, {"id": 69, "icon": "nil", "title": "amount"}, {"id": 70, "icon": "nil", "title": "For investment"}, {"id": 71, "icon": "nil", "title": "unit Type"}, {"id": 75, "icon": "nil", "title": "property Description"}, {"id": 76, "icon": "nil", "title": "Facilities"}, {"id": 77, "icon": "nil", "title": "Amenities"}, {"id": 78, "icon": "nil", "title": "property type"}]}', 2, now(), now(), 1, 'https://aqarydashboard.blob.core.windows.net/upload/types/hotel.png', 'f'),
(22, 'Compound Villas', 'COV', '{"rent": [{"id": 4, "icon": "https://aqarydashboard.blob.core.windows.net/upload/new-facts/build-up-area.svg", "title": "Built Up Area"}, {"id": 6, "icon": "https://aqarydashboard.blob.core.windows.net/upload/new-facts/completion-date.svg", "title": "Completion Date"}, {"id": 9, "icon": "https://aqarydashboard.blob.core.windows.net/upload/new-facts/elevators.svg", "title": "No. of Elevator"}, {"id": 10, "icon": "https://aqarydashboard.blob.core.windows.net/upload/new-facts/furnishing.svg", "title": "Furnished"}, {"id": 11, "icon": "https://aqarydashboard.blob.core.windows.net/upload/new-facts/life-style.svg", "title": "Life Style"}, {"id": 14, "icon": "https://aqarydashboard.blob.core.windows.net/upload/new-facts/no-of-units.svg", "title": "No of units"}, {"id": 15, "icon": "https://aqarydashboard.blob.core.windows.net/upload/new-facts/no-of-floor.svg", "title": "No of Floors"}, {"id": 17, "icon": "https://aqarydashboard.blob.core.windows.net/upload/new-facts/parking.svg", "title": "Parking"}, {"id": 18, "icon": "https://aqarydashboard.blob.core.windows.net/upload/new-facts/plot-area.svg", "title": "Plot Area"}, {"id": 19, "icon": "https://aqarydashboard.blob.core.windows.net/upload/new-facts/price.svg", "title": "Price"}, {"id": 20, "icon": "https://aqarydashboard.blob.core.windows.net/upload/new-facts/rent-type.svg", "title": "Rent type"}, {"id": 24, "icon": "https://aqarydashboard.blob.core.windows.net/upload/new-facts/swimming-pools.svg", "title": "No Of Pools"}, {"id": 29, "icon": "https://aqarydashboard.blob.core.windows.net/upload/new-facts/view.svg", "title": "Views"}, {"id": 38, "icon": "https://aqarydashboard.blob.core.windows.net/upload/new-facts/payment.svg", "title": "no of payments"}, {"id": 39, "icon": "https://aqarydashboard.blob.core.windows.net/upload/new-facts/status.svg", "title": "status"}, {"id": 41, "icon": "https://aqarydashboard.blob.core.windows.net/upload/new-facts/plot-area.svg", "title": "Min Area"}, {"id": 42, "icon": "https://aqarydashboard.blob.core.windows.net/upload/new-facts/plot-area.svg", "title": "Max Area"}, {"id": 45, "icon": "https://aqarydashboard.blob.core.windows.net/upload/new-facts/vat.svg", "title": "Municipality Tax"}, {"id": 47, "icon": "https://aqarydashboard.blob.core.windows.net/upload/new-facts/vat.svg", "title": "Ask Price"}, {"id": 48, "icon": "nil", "title": "Start Date"}, {"id": 50, "icon": "nil", "title": "Handover Date"}, {"id": 56, "icon": "nil", "title": "owner"}, {"id": 57, "icon": "nil", "title": "Sector No."}, {"id": 58, "icon": "nil", "title": "Property No."}, {"id": 75, "icon": "nil", "title": "property Description"}, {"id": 76, "icon": "nil", "title": "Facilities"}, {"id": 77, "icon": "nil", "title": "Amenities"}, {"id": 78, "icon": "nil", "title": "property type"}, null], "sale": [{"id": 4, "icon": "https://aqarydashboard.blob.core.windows.net/upload/new-facts/build-up-area.svg", "title": "Built Up Area"}, {"id": 5, "icon": "https://aqarydashboard.blob.core.windows.net/upload/new-facts/building-name.svg", "title": "Property Name"}, {"id": 6, "icon": "https://aqarydashboard.blob.core.windows.net/upload/new-facts/completion-date.svg", "title": "Completion Date"}, {"id": 9, "icon": "https://aqarydashboard.blob.core.windows.net/upload/new-facts/elevators.svg", "title": "No. of Elevator"}, {"id": 10, "icon": "https://aqarydashboard.blob.core.windows.net/upload/new-facts/furnishing.svg", "title": "Furnished"}, {"id": 11, "icon": "https://aqarydashboard.blob.core.windows.net/upload/new-facts/life-style.svg", "title": "Life Style"}, {"id": 14, "icon": "https://aqarydashboard.blob.core.windows.net/upload/new-facts/no-of-units.svg", "title": "No of units"}, {"id": 15, "icon": "https://aqarydashboard.blob.core.windows.net/upload/new-facts/no-of-floor.svg", "title": "No of Floors"}, {"id": 16, "icon": "https://aqarydashboard.blob.core.windows.net/upload/new-facts/ownership.svg", "title": "Ownership"}, {"id": 17, "icon": "https://aqarydashboard.blob.core.windows.net/upload/new-facts/parking.svg", "title": "Parking"}, {"id": 18, "icon": "https://aqarydashboard.blob.core.windows.net/upload/new-facts/plot-area.svg", "title": "Plot Area"}, {"id": 19, "icon": "https://aqarydashboard.blob.core.windows.net/upload/new-facts/price.svg", "title": "Price"}, {"id": 22, "icon": "https://aqarydashboard.blob.core.windows.net/upload/new-facts/service-charges.svg", "title": "Service Charge"}, {"id": 24, "icon": "https://aqarydashboard.blob.core.windows.net/upload/new-facts/swimming-pools.svg", "title": "No Of Pools"}, {"id": 29, "icon": "https://aqarydashboard.blob.core.windows.net/upload/new-facts/view.svg", "title": "Views"}, {"id": 39, "icon": "https://aqarydashboard.blob.core.windows.net/upload/new-facts/status.svg", "title": "status"}, {"id": 41, "icon": "https://aqarydashboard.blob.core.windows.net/upload/new-facts/plot-area.svg", "title": "Min Area"}, {"id": 42, "icon": "https://aqarydashboard.blob.core.windows.net/upload/new-facts/plot-area.svg", "title": "Max Area"}, {"id": 43, "icon": "https://aqarydashboard.blob.core.windows.net/upload/new-facts/status.svg", "title": "Completion Status"}, {"id": 44, "icon": "https://aqarydashboard.blob.core.windows.net/upload/new-facts/retail-centers.svg", "title": "No Of Retail Units"}, {"id": 45, "icon": "https://aqarydashboard.blob.core.windows.net/upload/new-facts/vat.svg", "title": "Municipality Tax"}, {"id": 47, "icon": "https://aqarydashboard.blob.core.windows.net/upload/new-facts/vat.svg", "title": "Ask Price"}, {"id": 48, "icon": "nil", "title": "Start Date"}, {"id": 50, "icon": "nil", "title": "Handover Date"}, {"id": 54, "icon": "nil", "title": "is leased"}, {"id": 56, "icon": "nil", "title": "owner"}, {"id": 57, "icon": "nil", "title": "Sector No."}, {"id": 58, "icon": "nil", "title": "Property No."}, {"id": 63, "icon": "nil", "title": "Completion percentage"}, {"id": 64, "icon": "nil", "title": "Completion percentage Date"}, {"id": 67, "icon": "nil", "title": "contract start date"}, {"id": 68, "icon": "nil", "title": "contract End date"}, {"id": 69, "icon": "nil", "title": "amount"}, {"id": 70, "icon": "nil", "title": "For investment"}, {"id": 71, "icon": "nil", "title": "unit Type"}, {"id": 75, "icon": "nil", "title": "property Description"}, {"id": 76, "icon": "nil", "title": "Facilities"}, {"id": 77, "icon": "nil", "title": "Amenities"}, {"id": 78, "icon": "nil", "title": "property type"}]}', 1, now(), now(), 1, 'https://aqarydashboard.blob.core.windows.net/upload/types/compound_villa.png', 'f'),
(23, 'Business Center', 'BIC', '{"rent": [{"id": 4, "icon": "https://aqarydashboard.blob.core.windows.net/upload/new-facts/build-up-area.svg", "title": "Built Up Area"}, {"id": 5, "icon": "https://aqarydashboard.blob.core.windows.net/upload/new-facts/building-name.svg", "title": "Property Name"}, {"id": 6, "icon": "https://aqarydashboard.blob.core.windows.net/upload/new-facts/completion-date.svg", "title": "Completion Date"}, {"id": 9, "icon": "https://aqarydashboard.blob.core.windows.net/upload/new-facts/elevators.svg", "title": "No. of Elevator"}, {"id": 10, "icon": "https://aqarydashboard.blob.core.windows.net/upload/new-facts/furnishing.svg", "title": "Furnished"}, {"id": 11, "icon": "https://aqarydashboard.blob.core.windows.net/upload/new-facts/life-style.svg", "title": "Life Style"}, {"id": 14, "icon": "https://aqarydashboard.blob.core.windows.net/upload/new-facts/no-of-units.svg", "title": "No of units"}, {"id": 15, "icon": "https://aqarydashboard.blob.core.windows.net/upload/new-facts/no-of-floor.svg", "title": "No of Floors"}, {"id": 17, "icon": "https://aqarydashboard.blob.core.windows.net/upload/new-facts/parking.svg", "title": "Parking"}, {"id": 18, "icon": "https://aqarydashboard.blob.core.windows.net/upload/new-facts/plot-area.svg", "title": "Plot Area"}, {"id": 19, "icon": "https://aqarydashboard.blob.core.windows.net/upload/new-facts/price.svg", "title": "Price"}, {"id": 20, "icon": "https://aqarydashboard.blob.core.windows.net/upload/new-facts/rent-type.svg", "title": "Rent type"}, {"id": 24, "icon": "https://aqarydashboard.blob.core.windows.net/upload/new-facts/swimming-pools.svg", "title": "No Of Pools"}, {"id": 29, "icon": "https://aqarydashboard.blob.core.windows.net/upload/new-facts/view.svg", "title": "Views"}, {"id": 38, "icon": "https://aqarydashboard.blob.core.windows.net/upload/new-facts/payment.svg", "title": "no of payments"}, {"id": 39, "icon": "https://aqarydashboard.blob.core.windows.net/upload/new-facts/status.svg", "title": "status"}, {"id": 41, "icon": "https://aqarydashboard.blob.core.windows.net/upload/new-facts/plot-area.svg", "title": "Min Area"}, {"id": 42, "icon": "https://aqarydashboard.blob.core.windows.net/upload/new-facts/plot-area.svg", "title": "Max Area"}, {"id": 43, "icon": "https://aqarydashboard.blob.core.windows.net/upload/new-facts/status.svg", "title": "Completion Status"}, {"id": 44, "icon": "https://aqarydashboard.blob.core.windows.net/upload/new-facts/retail-centers.svg", "title": "No Of Retail Units"}, {"id": 45, "icon": "https://aqarydashboard.blob.core.windows.net/upload/new-facts/vat.svg", "title": "Municipality Tax"}, {"id": 46, "icon": "https://aqarydashboard.blob.core.windows.net/upload/new-facts/vat.svg", "title": "Commercial Tax"}, {"id": 47, "icon": "https://aqarydashboard.blob.core.windows.net/upload/new-facts/vat.svg", "title": "Ask Price"}, {"id": 50, "icon": "nil", "title": "Handover Date"}, {"id": 54, "icon": "nil", "title": "is leased"}, {"id": 56, "icon": "nil", "title": "owner"}, {"id": 57, "icon": "nil", "title": "Sector No."}, {"id": 58, "icon": "nil", "title": "Property No."}, {"id": 75, "icon": "nil", "title": "property Description"}, {"id": 76, "icon": "nil", "title": "Facilities"}, {"id": 77, "icon": "nil", "title": "Amenities"}, {"id": 78, "icon": "nil", "title": "property type"}, null], "sale": [{"id": 5, "icon": "https://aqarydashboard.blob.core.windows.net/upload/new-facts/building-name.svg", "title": "Property Name"}, {"id": 9, "icon": "https://aqarydashboard.blob.core.windows.net/upload/new-facts/elevators.svg", "title": "No. of Elevator"}, {"id": 10, "icon": "https://aqarydashboard.blob.core.windows.net/upload/new-facts/furnishing.svg", "title": "Furnished"}, {"id": 11, "icon": "https://aqarydashboard.blob.core.windows.net/upload/new-facts/life-style.svg", "title": "Life Style"}, {"id": 14, "icon": "https://aqarydashboard.blob.core.windows.net/upload/new-facts/no-of-units.svg", "title": "No of units"}, {"id": 15, "icon": "https://aqarydashboard.blob.core.windows.net/upload/new-facts/no-of-floor.svg", "title": "No of Floors"}, {"id": 16, "icon": "https://aqarydashboard.blob.core.windows.net/upload/new-facts/ownership.svg", "title": "Ownership"}, {"id": 19, "icon": "https://aqarydashboard.blob.core.windows.net/upload/new-facts/price.svg", "title": "Price"}, {"id": 22, "icon": "https://aqarydashboard.blob.core.windows.net/upload/new-facts/service-charges.svg", "title": "Service Charge"}, {"id": 24, "icon": "https://aqarydashboard.blob.core.windows.net/upload/new-facts/swimming-pools.svg", "title": "No Of Pools"}, {"id": 29, "icon": "https://aqarydashboard.blob.core.windows.net/upload/new-facts/view.svg", "title": "Views"}, {"id": 39, "icon": "https://aqarydashboard.blob.core.windows.net/upload/new-facts/status.svg", "title": "status"}, {"id": 41, "icon": "https://aqarydashboard.blob.core.windows.net/upload/new-facts/plot-area.svg", "title": "Min Area"}, {"id": 42, "icon": "https://aqarydashboard.blob.core.windows.net/upload/new-facts/plot-area.svg", "title": "Max Area"}, {"id": 43, "icon": "https://aqarydashboard.blob.core.windows.net/upload/new-facts/status.svg", "title": "Completion Status"}, {"id": 44, "icon": "https://aqarydashboard.blob.core.windows.net/upload/new-facts/retail-centers.svg", "title": "No Of Retail Units"}, {"id": 45, "icon": "https://aqarydashboard.blob.core.windows.net/upload/new-facts/vat.svg", "title": "Municipality Tax"}, {"id": 46, "icon": "https://aqarydashboard.blob.core.windows.net/upload/new-facts/vat.svg", "title": "Commercial Tax"}, {"id": 47, "icon": "https://aqarydashboard.blob.core.windows.net/upload/new-facts/vat.svg", "title": "Ask Price"}, {"id": 48, "icon": "nil", "title": "Start Date"}, {"id": 50, "icon": "nil", "title": "Handover Date"}, {"id": 54, "icon": "nil", "title": "is leased"}, {"id": 56, "icon": "nil", "title": "owner"}, {"id": 57, "icon": "nil", "title": "Sector No."}, {"id": 58, "icon": "nil", "title": "Property No."}, {"id": 61, "icon": "nil", "title": "Total Plot Area"}, {"id": 62, "icon": "nil", "title": "Total Built Up Area"}, {"id": 63, "icon": "nil", "title": "Completion percentage"}, {"id": 64, "icon": "nil", "title": "Completion percentage Date"}, {"id": 65, "icon": "nil", "title": "No. of Parking"}, {"id": 66, "icon": "nil", "title": "unit No."}, {"id": 67, "icon": "nil", "title": "contract start date"}, {"id": 68, "icon": "nil", "title": "contract End date"}, {"id": 69, "icon": "nil", "title": "amount"}, {"id": 70, "icon": "nil", "title": "For investment"}, {"id": 71, "icon": "nil", "title": "unit Type"}, {"id": 75, "icon": "nil", "title": "property Description"}, {"id": 76, "icon": "nil", "title": "Facilities"}, {"id": 77, "icon": "nil", "title": "Amenities"}, {"id": 78, "icon": "nil", "title": "property type"}]}', 2, now(), now(), 1, 'https://aqarydashboard.blob.core.windows.net/upload/types/business_center.png', 'f'),
(24, 'Residential Building', 'RB', '{"rent": [{"id": 5, "icon": "https://aqarydashboard.blob.core.windows.net/upload/new-facts/building-name.svg", "title": "Property Name"}, {"id": 6, "icon": "https://aqarydashboard.blob.core.windows.net/upload/new-facts/completion-date.svg", "title": "Completion Date"}, {"id": 9, "icon": "https://aqarydashboard.blob.core.windows.net/upload/new-facts/elevators.svg", "title": "No. of Elevator"}, {"id": 10, "icon": "https://aqarydashboard.blob.core.windows.net/upload/new-facts/furnishing.svg", "title": "Furnished"}, {"id": 11, "icon": "https://aqarydashboard.blob.core.windows.net/upload/new-facts/life-style.svg", "title": "Life Style"}, {"id": 14, "icon": "https://aqarydashboard.blob.core.windows.net/upload/new-facts/no-of-units.svg", "title": "No of units"}, {"id": 15, "icon": "https://aqarydashboard.blob.core.windows.net/upload/new-facts/no-of-floor.svg", "title": "No of Floors"}, {"id": 17, "icon": "https://aqarydashboard.blob.core.windows.net/upload/new-facts/parking.svg", "title": "Parking"}, {"id": 19, "icon": "https://aqarydashboard.blob.core.windows.net/upload/new-facts/price.svg", "title": "Price"}, {"id": 20, "icon": "https://aqarydashboard.blob.core.windows.net/upload/new-facts/rent-type.svg", "title": "Rent type"}, {"id": 22, "icon": "https://aqarydashboard.blob.core.windows.net/upload/new-facts/service-charges.svg", "title": "Service Charge"}, {"id": 24, "icon": "https://aqarydashboard.blob.core.windows.net/upload/new-facts/swimming-pools.svg", "title": "No Of Pools"}, {"id": 29, "icon": "https://aqarydashboard.blob.core.windows.net/upload/new-facts/view.svg", "title": "Views"}, {"id": 38, "icon": "https://aqarydashboard.blob.core.windows.net/upload/new-facts/payment.svg", "title": "no of payments"}, {"id": 39, "icon": "https://aqarydashboard.blob.core.windows.net/upload/new-facts/status.svg", "title": "status"}, {"id": 41, "icon": "https://aqarydashboard.blob.core.windows.net/upload/new-facts/plot-area.svg", "title": "Min Area"}, {"id": 42, "icon": "https://aqarydashboard.blob.core.windows.net/upload/new-facts/plot-area.svg", "title": "Max Area"}, {"id": 45, "icon": "https://aqarydashboard.blob.core.windows.net/upload/new-facts/vat.svg", "title": "Municipality Tax"}, {"id": 47, "icon": "https://aqarydashboard.blob.core.windows.net/upload/new-facts/vat.svg", "title": "Ask Price"}, {"id": 48, "icon": "nil", "title": "Start Date"}, {"id": 50, "icon": "nil", "title": "Handover Date"}, {"id": 56, "icon": "nil", "title": "owner"}, {"id": 57, "icon": "nil", "title": "Sector No."}, {"id": 58, "icon": "nil", "title": "Property No."}, {"id": 61, "icon": "nil", "title": "Total Plot Area"}, {"id": 62, "icon": "nil", "title": "Total Built Up Area"}, {"id": 70, "icon": "nil", "title": "For investment"}, {"id": 71, "icon": "nil", "title": "unit Type"}, {"id": 75, "icon": "nil", "title": "property Description"}, {"id": 76, "icon": "nil", "title": "Facilities"}, {"id": 77, "icon": "nil", "title": "Amenities"}, {"id": 78, "icon": "nil", "title": "property type"}, null], "sale": [{"id": 2, "icon": "https://aqarydashboard.blob.core.windows.net/upload/new-facts/balcony.svg", "title": "Balcony"}, {"id": 5, "icon": "https://aqarydashboard.blob.core.windows.net/upload/new-facts/building-name.svg", "title": "Property Name"}, {"id": 6, "icon": "https://aqarydashboard.blob.core.windows.net/upload/new-facts/completion-date.svg", "title": "Completion Date"}, {"id": 9, "icon": "https://aqarydashboard.blob.core.windows.net/upload/new-facts/elevators.svg", "title": "No. of Elevator"}, {"id": 10, "icon": "https://aqarydashboard.blob.core.windows.net/upload/new-facts/furnishing.svg", "title": "Furnished"}, {"id": 11, "icon": "https://aqarydashboard.blob.core.windows.net/upload/new-facts/life-style.svg", "title": "Life Style"}, {"id": 14, "icon": "https://aqarydashboard.blob.core.windows.net/upload/new-facts/no-of-units.svg", "title": "No of units"}, {"id": 15, "icon": "https://aqarydashboard.blob.core.windows.net/upload/new-facts/no-of-floor.svg", "title": "No of Floors"}, {"id": 16, "icon": "https://aqarydashboard.blob.core.windows.net/upload/new-facts/ownership.svg", "title": "Ownership"}, {"id": 17, "icon": "https://aqarydashboard.blob.core.windows.net/upload/new-facts/parking.svg", "title": "Parking"}, {"id": 19, "icon": "https://aqarydashboard.blob.core.windows.net/upload/new-facts/price.svg", "title": "Price"}, {"id": 22, "icon": "https://aqarydashboard.blob.core.windows.net/upload/new-facts/service-charges.svg", "title": "Service Charge"}, {"id": 24, "icon": "https://aqarydashboard.blob.core.windows.net/upload/new-facts/swimming-pools.svg", "title": "No Of Pools"}, {"id": 29, "icon": "https://aqarydashboard.blob.core.windows.net/upload/new-facts/view.svg", "title": "Views"}, {"id": 39, "icon": "https://aqarydashboard.blob.core.windows.net/upload/new-facts/status.svg", "title": "status"}, {"id": 41, "icon": "https://aqarydashboard.blob.core.windows.net/upload/new-facts/plot-area.svg", "title": "Min Area"}, {"id": 42, "icon": "https://aqarydashboard.blob.core.windows.net/upload/new-facts/plot-area.svg", "title": "Max Area"}, {"id": 43, "icon": "https://aqarydashboard.blob.core.windows.net/upload/new-facts/status.svg", "title": "Completion Status"}, {"id": 44, "icon": "https://aqarydashboard.blob.core.windows.net/upload/new-facts/retail-centers.svg", "title": "No Of Retail Units"}, {"id": 45, "icon": "https://aqarydashboard.blob.core.windows.net/upload/new-facts/vat.svg", "title": "Municipality Tax"}, {"id": 47, "icon": "https://aqarydashboard.blob.core.windows.net/upload/new-facts/vat.svg", "title": "Ask Price"}, {"id": 48, "icon": "nil", "title": "Start Date"}, {"id": 50, "icon": "nil", "title": "Handover Date"}, {"id": 54, "icon": "nil", "title": "is leased"}, {"id": 56, "icon": "nil", "title": "owner"}, {"id": 57, "icon": "nil", "title": "Sector No."}, {"id": 58, "icon": "nil", "title": "Property No."}, {"id": 61, "icon": "nil", "title": "Total Plot Area"}, {"id": 62, "icon": "nil", "title": "Total Built Up Area"}, {"id": 63, "icon": "nil", "title": "Completion percentage"}, {"id": 64, "icon": "nil", "title": "Completion percentage Date"}, {"id": 65, "icon": "nil", "title": "No. of Parking"}, {"id": 67, "icon": "nil", "title": "contract start date"}, {"id": 68, "icon": "nil", "title": "contract End date"}, {"id": 69, "icon": "nil", "title": "amount"}, {"id": 70, "icon": "nil", "title": "For investment"}, {"id": 71, "icon": "nil", "title": "unit Type"}, {"id": 75, "icon": "nil", "title": "property Description"}, {"id": 76, "icon": "nil", "title": "Facilities"}, {"id": 77, "icon": "nil", "title": "Amenities"}, {"id": 78, "icon": "nil", "title": "property type"}]}', 1, now(), now(), 1, 'https://aqarydashboard.blob.core.windows.net/upload/types/residential_building.png', 'f'),
(25, 'Land', 'LD', '{"rent": [{"id": 5, "icon": "https://aqarydashboard.blob.core.windows.net/upload/new-facts/building-name.svg", "title": "Property Name"}, {"id": 19, "icon": "https://aqarydashboard.blob.core.windows.net/upload/new-facts/price.svg", "title": "Price"}, {"id": 20, "icon": "https://aqarydashboard.blob.core.windows.net/upload/new-facts/rent-type.svg", "title": "Rent type"}, {"id": 24, "icon": "https://aqarydashboard.blob.core.windows.net/upload/new-facts/swimming-pools.svg", "title": "No Of Pools"}, {"id": 29, "icon": "https://aqarydashboard.blob.core.windows.net/upload/new-facts/view.svg", "title": "Views"}, {"id": 38, "icon": "https://aqarydashboard.blob.core.windows.net/upload/new-facts/payment.svg", "title": "no of payments"}, {"id": 45, "icon": "https://aqarydashboard.blob.core.windows.net/upload/new-facts/vat.svg", "title": "Municipality Tax"}, {"id": 46, "icon": "https://aqarydashboard.blob.core.windows.net/upload/new-facts/vat.svg", "title": "Commercial Tax"}, {"id": 51, "icon": "nil", "title": "water irrigation"}, {"id": 52, "icon": "nil", "title": "Trees"}, {"id": 56, "icon": "nil", "title": "owner"}, {"id": 57, "icon": "nil", "title": "Sector No."}, {"id": 58, "icon": "nil", "title": "Property No."}, {"id": 61, "icon": "nil", "title": "Total Plot Area"}, {"id": 62, "icon": "nil", "title": "Total Built Up Area"}, {"id": 70, "icon": "nil", "title": "For investment"}, {"id": 75, "icon": "nil", "title": "property Description"}, {"id": 76, "icon": "nil", "title": "Facilities"}, {"id": 77, "icon": "nil", "title": "Amenities"}, {"id": 78, "icon": "nil", "title": "property type"}, null], "sale": [{"id": 5, "icon": "https://aqarydashboard.blob.core.windows.net/upload/new-facts/building-name.svg", "title": "Property Name"}, {"id": 16, "icon": "https://aqarydashboard.blob.core.windows.net/upload/new-facts/ownership.svg", "title": "Ownership"}, {"id": 19, "icon": "https://aqarydashboard.blob.core.windows.net/upload/new-facts/price.svg", "title": "Price"}, {"id": 22, "icon": "https://aqarydashboard.blob.core.windows.net/upload/new-facts/service-charges.svg", "title": "Service Charge"}, {"id": 29, "icon": "https://aqarydashboard.blob.core.windows.net/upload/new-facts/view.svg", "title": "Views"}, {"id": 45, "icon": "https://aqarydashboard.blob.core.windows.net/upload/new-facts/vat.svg", "title": "Municipality Tax"}, {"id": 46, "icon": "https://aqarydashboard.blob.core.windows.net/upload/new-facts/vat.svg", "title": "Commercial Tax"}, {"id": 47, "icon": "https://aqarydashboard.blob.core.windows.net/upload/new-facts/vat.svg", "title": "Ask Price"}, {"id": 51, "icon": "nil", "title": "water irrigation"}, {"id": 52, "icon": "nil", "title": "Trees"}, {"id": 53, "icon": "nil", "title": "Workers house"}, {"id": 54, "icon": "nil", "title": "is leased"}, {"id": 55, "icon": "nil", "title": "Rooms"}, {"id": 56, "icon": "nil", "title": "owner"}, {"id": 57, "icon": "nil", "title": "Sector No."}, {"id": 58, "icon": "nil", "title": "Property No."}, {"id": 61, "icon": "nil", "title": "Total Plot Area"}, {"id": 67, "icon": "nil", "title": "contract start date"}, {"id": 68, "icon": "nil", "title": "contract End date"}, {"id": 69, "icon": "nil", "title": "amount"}, {"id": 70, "icon": "nil", "title": "For investment"}, {"id": 75, "icon": "nil", "title": "property Description"}, {"id": 76, "icon": "nil", "title": "Facilities"}, {"id": 77, "icon": "nil", "title": "Amenities"}, {"id": 78, "icon": "nil", "title": "property type"}]}', 3, now(), now(), 1, 'https://aqarydashboard.blob.core.windows.net/upload/types/commercial_land.png', 'f'),
(26, 'Farm', 'FRM', '{"rent": [{"id": 3, "icon": "https://aqarydashboard.blob.core.windows.net/upload/new-facts/bedrooms.svg", "title": "Bedroom"}, {"id": 5, "icon": "https://aqarydashboard.blob.core.windows.net/upload/new-facts/building-name.svg", "title": "Property Name"}, {"id": 10, "icon": "https://aqarydashboard.blob.core.windows.net/upload/new-facts/furnishing.svg", "title": "Furnished"}, {"id": 14, "icon": "https://aqarydashboard.blob.core.windows.net/upload/new-facts/no-of-units.svg", "title": "No of units"}, {"id": 15, "icon": "https://aqarydashboard.blob.core.windows.net/upload/new-facts/no-of-floor.svg", "title": "No of Floors"}, {"id": 19, "icon": "https://aqarydashboard.blob.core.windows.net/upload/new-facts/price.svg", "title": "Price"}, {"id": 20, "icon": "https://aqarydashboard.blob.core.windows.net/upload/new-facts/rent-type.svg", "title": "Rent type"}, {"id": 29, "icon": "https://aqarydashboard.blob.core.windows.net/upload/new-facts/view.svg", "title": "Views"}, {"id": 33, "icon": "https://aqarydashboard.blob.core.windows.net/upload/new-facts/bathroom.svg", "title": "bathroom"}, {"id": 45, "icon": "https://aqarydashboard.blob.core.windows.net/upload/new-facts/vat.svg", "title": "Municipality Tax"}, {"id": 46, "icon": "https://aqarydashboard.blob.core.windows.net/upload/new-facts/vat.svg", "title": "Commercial Tax"}, {"id": 51, "icon": "nil", "title": "water irrigation"}, {"id": 52, "icon": "nil", "title": "Trees"}, {"id": 53, "icon": "nil", "title": "Workers house"}, {"id": 55, "icon": "nil", "title": "Rooms"}, {"id": 56, "icon": "nil", "title": "owner"}, {"id": 57, "icon": "nil", "title": "Sector No."}, {"id": 58, "icon": "nil", "title": "Property No."}, {"id": 61, "icon": "nil", "title": "Total Plot Area"}, {"id": 62, "icon": "nil", "title": "Total Built Up Area"}, {"id": 65, "icon": "nil", "title": "No. of Parking"}, {"id": 70, "icon": "nil", "title": "For investment"}, {"id": 75, "icon": "nil", "title": "property Description"}, {"id": 76, "icon": "nil", "title": "Facilities"}, {"id": 77, "icon": "nil", "title": "Amenities"}, {"id": 78, "icon": "nil", "title": "property type"}, null], "sale": [{"id": 3, "icon": "https://aqarydashboard.blob.core.windows.net/upload/new-facts/bedrooms.svg", "title": "Bedroom"}, {"id": 5, "icon": "https://aqarydashboard.blob.core.windows.net/upload/new-facts/building-name.svg", "title": "Property Name"}, {"id": 10, "icon": "https://aqarydashboard.blob.core.windows.net/upload/new-facts/furnishing.svg", "title": "Furnished"}, {"id": 14, "icon": "https://aqarydashboard.blob.core.windows.net/upload/new-facts/no-of-units.svg", "title": "No of units"}, {"id": 15, "icon": "https://aqarydashboard.blob.core.windows.net/upload/new-facts/no-of-floor.svg", "title": "No of Floors"}, {"id": 16, "icon": "https://aqarydashboard.blob.core.windows.net/upload/new-facts/ownership.svg", "title": "Ownership"}, {"id": 19, "icon": "https://aqarydashboard.blob.core.windows.net/upload/new-facts/price.svg", "title": "Price"}, {"id": 22, "icon": "https://aqarydashboard.blob.core.windows.net/upload/new-facts/service-charges.svg", "title": "Service Charge"}, {"id": 24, "icon": "https://aqarydashboard.blob.core.windows.net/upload/new-facts/swimming-pools.svg", "title": "No Of Pools"}, {"id": 29, "icon": "https://aqarydashboard.blob.core.windows.net/upload/new-facts/view.svg", "title": "Views"}, {"id": 33, "icon": "https://aqarydashboard.blob.core.windows.net/upload/new-facts/bathroom.svg", "title": "bathroom"}, {"id": 41, "icon": "https://aqarydashboard.blob.core.windows.net/upload/new-facts/plot-area.svg", "title": "Min Area"}, {"id": 42, "icon": "https://aqarydashboard.blob.core.windows.net/upload/new-facts/plot-area.svg", "title": "Max Area"}, {"id": 45, "icon": "https://aqarydashboard.blob.core.windows.net/upload/new-facts/vat.svg", "title": "Municipality Tax"}, {"id": 46, "icon": "https://aqarydashboard.blob.core.windows.net/upload/new-facts/vat.svg", "title": "Commercial Tax"}, {"id": 51, "icon": "nil", "title": "water irrigation"}, {"id": 52, "icon": "nil", "title": "Trees"}, {"id": 53, "icon": "nil", "title": "Workers house"}, {"id": 54, "icon": "nil", "title": "is leased"}, {"id": 55, "icon": "nil", "title": "Rooms"}, {"id": 56, "icon": "nil", "title": "owner"}, {"id": 57, "icon": "nil", "title": "Sector No."}, {"id": 58, "icon": "nil", "title": "Property No."}, {"id": 59, "icon": "nil", "title": "start price"}, {"id": 61, "icon": "nil", "title": "Total Plot Area"}, {"id": 62, "icon": "nil", "title": "Total Built Up Area"}, {"id": 65, "icon": "nil", "title": "No. of Parking"}, {"id": 67, "icon": "nil", "title": "contract start date"}, {"id": 68, "icon": "nil", "title": "contract End date"}, {"id": 69, "icon": "nil", "title": "amount"}, {"id": 75, "icon": "nil", "title": "property Description"}, {"id": 76, "icon": "nil", "title": "Facilities"}, {"id": 77, "icon": "nil", "title": "Amenities"}, {"id": 78, "icon": "nil", "title": "property type"}]}', 3, now(), now(), 1, 'https://aqarydashboard.blob.core.windows.net/upload/types/farm.png', 'f'),
(27, 'Factory', 'FCT', '{"sale": [{"id": 3, "icon": "https://aqarydashboard.blob.core.windows.net/upload/new-facts/bedrooms.svg", "title": "Bedroom"}, {"id": 5, "icon": "https://aqarydashboard.blob.core.windows.net/upload/new-facts/building-name.svg", "title": "Property Name"}, {"id": 9, "icon": "https://aqarydashboard.blob.core.windows.net/upload/new-facts/elevators.svg", "title": "No. of Elevator"}, {"id": 10, "icon": "https://aqarydashboard.blob.core.windows.net/upload/new-facts/furnishing.svg", "title": "Furnished"}, {"id": 16, "icon": "https://aqarydashboard.blob.core.windows.net/upload/new-facts/ownership.svg", "title": "Ownership"}, {"id": 17, "icon": "https://aqarydashboard.blob.core.windows.net/upload/new-facts/parking.svg", "title": "Parking"}, {"id": 19, "icon": "https://aqarydashboard.blob.core.windows.net/upload/new-facts/price.svg", "title": "Price"}, {"id": 22, "icon": "https://aqarydashboard.blob.core.windows.net/upload/new-facts/service-charges.svg", "title": "Service Charge"}, {"id": 24, "icon": "https://aqarydashboard.blob.core.windows.net/upload/new-facts/swimming-pools.svg", "title": "No Of Pools"}, {"id": 29, "icon": "https://aqarydashboard.blob.core.windows.net/upload/new-facts/view.svg", "title": "Views"}, {"id": 33, "icon": "https://aqarydashboard.blob.core.windows.net/upload/new-facts/bathroom.svg", "title": "bathroom"}, {"id": 44, "icon": "https://aqarydashboard.blob.core.windows.net/upload/new-facts/retail-centers.svg", "title": "No Of Retail Units"}, {"id": 45, "icon": "https://aqarydashboard.blob.core.windows.net/upload/new-facts/vat.svg", "title": "Municipality Tax"}, {"id": 46, "icon": "https://aqarydashboard.blob.core.windows.net/upload/new-facts/vat.svg", "title": "Commercial Tax"}, {"id": 53, "icon": "nil", "title": "Workers house"}, {"id": 54, "icon": "nil", "title": "is leased"}, {"id": 55, "icon": "nil", "title": "Rooms"}, {"id": 56, "icon": "nil", "title": "owner"}, {"id": 57, "icon": "nil", "title": "Sector No."}, {"id": 58, "icon": "nil", "title": "Property No."}, {"id": 61, "icon": "nil", "title": "Total Plot Area"}, {"id": 62, "icon": "nil", "title": "Total Built Up Area"}, {"id": 65, "icon": "nil", "title": "No. of Parking"}, {"id": 67, "icon": "nil", "title": "contract start date"}, {"id": 68, "icon": "nil", "title": "contract End date"}, {"id": 69, "icon": "nil", "title": "amount"}, {"id": 70, "icon": "nil", "title": "For investment"}, {"id": 72, "icon": "nil", "title": "office"}, {"id": 73, "icon": "nil", "title": "warehouse"}, {"id": 74, "icon": "nil", "title": "workshop"}, {"id": 75, "icon": "nil", "title": "property Description"}, {"id": 76, "icon": "nil", "title": "Facilities"}, {"id": 77, "icon": "nil", "title": "Amenities"}, {"id": 78, "icon": "nil", "title": "property type"}]}', 4, now(), now(), 1, 'https://aqarydashboard.blob.core.windows.net/upload/types/factory.png', 'f'),
(28, 'Industrial Land', 'INL', '{"sale": [{"id": 3, "icon": "https://aqarydashboard.blob.core.windows.net/upload/new-facts/bedrooms.svg", "title": "Bedroom"}, {"id": 5, "icon": "https://aqarydashboard.blob.core.windows.net/upload/new-facts/building-name.svg", "title": "Property Name"}, {"id": 9, "icon": "https://aqarydashboard.blob.core.windows.net/upload/new-facts/elevators.svg", "title": "No. of Elevator"}, {"id": 10, "icon": "https://aqarydashboard.blob.core.windows.net/upload/new-facts/furnishing.svg", "title": "Furnished"}, {"id": 16, "icon": "https://aqarydashboard.blob.core.windows.net/upload/new-facts/ownership.svg", "title": "Ownership"}, {"id": 17, "icon": "https://aqarydashboard.blob.core.windows.net/upload/new-facts/parking.svg", "title": "Parking"}, {"id": 19, "icon": "https://aqarydashboard.blob.core.windows.net/upload/new-facts/price.svg", "title": "Price"}, {"id": 22, "icon": "https://aqarydashboard.blob.core.windows.net/upload/new-facts/service-charges.svg", "title": "Service Charge"}, {"id": 24, "icon": "https://aqarydashboard.blob.core.windows.net/upload/new-facts/swimming-pools.svg", "title": "No Of Pools"}, {"id": 29, "icon": "https://aqarydashboard.blob.core.windows.net/upload/new-facts/view.svg", "title": "Views"}, {"id": 33, "icon": "https://aqarydashboard.blob.core.windows.net/upload/new-facts/bathroom.svg", "title": "bathroom"}, {"id": 44, "icon": "https://aqarydashboard.blob.core.windows.net/upload/new-facts/retail-centers.svg", "title": "No Of Retail Units"}, {"id": 45, "icon": "https://aqarydashboard.blob.core.windows.net/upload/new-facts/vat.svg", "title": "Municipality Tax"}, {"id": 46, "icon": "https://aqarydashboard.blob.core.windows.net/upload/new-facts/vat.svg", "title": "Commercial Tax"}, {"id": 53, "icon": "nil", "title": "Workers house"}, {"id": 54, "icon": "nil", "title": "is leased"}, {"id": 55, "icon": "nil", "title": "Rooms"}, {"id": 56, "icon": "nil", "title": "owner"}, {"id": 57, "icon": "nil", "title": "Sector No."}, {"id": 58, "icon": "nil", "title": "Property No."}, {"id": 61, "icon": "nil", "title": "Total Plot Area"}, {"id": 62, "icon": "nil", "title": "Total Built Up Area"}, {"id": 65, "icon": "nil", "title": "No. of Parking"}, {"id": 67, "icon": "nil", "title": "contract start date"}, {"id": 68, "icon": "nil", "title": "contract End date"}, {"id": 69, "icon": "nil", "title": "amount"}, {"id": 72, "icon": "nil", "title": "office"}, {"id": 73, "icon": "nil", "title": "warehouse"}, {"id": 74, "icon": "nil", "title": "workshop"}, {"id": 75, "icon": "nil", "title": "property Description"}, {"id": 76, "icon": "nil", "title": "Facilities"}, {"id": 77, "icon": "nil", "title": "Amenities"}, {"id": 78, "icon": "nil", "title": "property type"}]}', 4, now(), now(), 1, 'https://aqarydashboard.blob.core.windows.net/upload/types/industrial_land.png', 'f'),
(29, 'Villa','VH','{"rent": [{"id": 3, "icon": "https://aqarydashboard.blob.core.windows.net/upload/new-facts/bedrooms.svg", "slug": "Bedroom", "title": "Bedroom"}, {"id": 33, "icon": "https://aqarydashboard.blob.core.windows.net/upload/new-facts/bathroom.svg", "slug": "bathroom", "title": "bathroom"}, {"id": 18, "icon": "https://aqarydashboard.blob.core.windows.net/upload/new-facts/plot-area.svg", "slug": "Plot Area", "title": "Plot Area"}, {"id": 4, "icon": "https://aqarydashboard.blob.core.windows.net/upload/new-facts/build-up-area.svg", "slug": "Built Up Area", "title": "Built Up Area"}, {"id": 29, "icon": "https://aqarydashboard.blob.core.windows.net/upload/new-facts/view.svg", "slug": "Views", "title": "Views"}, {"id": 10, "icon": "https://aqarydashboard.blob.core.windows.net/upload/new-facts/furnishing.svg", "slug": "Furnished", "title": "Furnished"}, {"id": 15, "icon": "https://aqarydashboard.blob.core.windows.net/upload/new-facts/no-of-floor.svg", "slug": "No of Floors", "title": "No of Floors"}, {"id": 14, "icon": "https://aqarydashboard.blob.core.windows.net/upload/new-facts/no-of-units.svg", "slug": "No of units", "title": "No of units"}, {"id": 41, "icon": "https://aqarydashboard.blob.core.windows.net/upload/new-facts/plot-area.svg", "slug": "Min Area", "title": "Min Area"}, {"id": 42, "icon": "https://aqarydashboard.blob.core.windows.net/upload/new-facts/plot-area.svg", "slug": "Max Area", "title": "Max Area"}, {"id": 17, "icon": "https://aqarydashboard.blob.core.windows.net/upload/new-facts/parking.svg", "slug": "Parking", "title": "Parking"}, {"id": 47, "icon": "https://aqarydashboard.blob.core.windows.net/upload/new-facts/vat.svg", "slug": "Ask Price", "title": "Ask Price"}, {"id": 24, "icon": "https://aqarydashboard.blob.core.windows.net/upload/new-facts/swimming-pools.svg", "slug": "No Of Pools", "title": "No Of Pools"}, {"id": 44, "icon": "https://aqarydashboard.blob.core.windows.net/upload/new-facts/retail-centers.svg", "slug": "No Of Retail Units", "title": "No Of Retail Units"}, {"id": 9, "icon": "https://aqarydashboard.blob.core.windows.net/upload/new-facts/elevators.svg", "slug": "No. of Elevator", "title": "No. of Elevator"}, {"id": 59, "slug": "start price", "title": "start price"}, {"id": 11, "icon": "https://aqarydashboard.blob.core.windows.net/upload/new-facts/life-style.svg", "slug": "Life Style", "title": "Life Style"}, {"id": 46, "icon": "https://aqarydashboard.blob.core.windows.net/upload/new-facts/vat.svg", "slug": "Commercial Tax", "title": "Commercial Tax"}, {"id": 45, "icon": "https://aqarydashboard.blob.core.windows.net/upload/new-facts/vat.svg", "slug": "Municipality Tax", "title": "Municipality Tax"}, {"id": 57, "slug": "Sector No.", "title": "Sector No."}, {"id": 78, "slug": "Plot No", "title": "Plot No"}, {"id": 58, "slug": "Property No.", "title": "Property No."}, {"id": 19, "icon": "https://aqarydashboard.blob.core.windows.net/upload/new-facts/price.svg", "slug": "Price", "title": "Price"}, {"id": 20, "icon": "https://aqarydashboard.blob.core.windows.net/upload/new-facts/rent-type.svg", "slug": "Rent type", "title": "Rent type"}, {"id": 38, "icon": "https://aqarydashboard.blob.core.windows.net/upload/new-facts/payment.svg", "slug": "no of payments", "title": "no of payments"}, {"id": 26, "icon": "https://aqarydashboard.blob.core.windows.net/upload/new-facts/type.svg", "slug": "Type Name", "title": "Type Name"}, {"id": 70, "slug": "For investment", "title": "For investment"}, {"id": 67, "slug": "contract start date", "title": "contract start date"}, {"id": 68, "slug": "contract End date", "title": "contract End date"}, {"id": 22, "icon": "https://aqarydashboard.blob.core.windows.net/upload/new-facts/service-charges.svg", "slug": "Service Charge", "title": "Service Charge"}, {"id": 69, "slug": "amount", "title": "amount"}, {"id": 56, "slug": "owner", "title": "owner"}, {"id": 66, "slug": "unit No.", "title": "unit No."}, {"id": 39, "icon": "https://aqarydashboard.blob.core.windows.net/upload/new-facts/status.svg", "slug": "status", "title": "status"}], "sale": [{"id": 2, "icon": "https://aqarydashboard.blob.core.windows.net/upload/new-facts/balcony.svg", "slug": "Balcony", "title": "Balcony"}, {"id": 3, "icon": "https://aqarydashboard.blob.core.windows.net/upload/new-facts/bedrooms.svg", "slug": "Bedroom", "title": "Bedroom"}, {"id": 9, "icon": "https://aqarydashboard.blob.core.windows.net/upload/new-facts/elevators.svg", "slug": "No. of Elevator", "title": "No. of Elevator"}, {"id": 10, "icon": "https://aqarydashboard.blob.core.windows.net/upload/new-facts/furnishing.svg", "slug": "Furnished", "title": "Furnished"}, {"id": 11, "icon": "https://aqarydashboard.blob.core.windows.net/upload/new-facts/life-style.svg", "slug": "Life Style", "title": "Life Style"}, {"id": 16, "icon": "https://aqarydashboard.blob.core.windows.net/upload/new-facts/ownership.svg", "slug": "Ownership", "title": "Ownership"}, {"id": 61, "slug": "Total Plot Area", "title": "Total Plot Area"}, {"id": 62, "slug": "Total Built Up Area", "title": "Total Built Up Area"}, {"id": 29, "icon": "https://aqarydashboard.blob.core.windows.net/upload/new-facts/view.svg", "slug": "Views", "title": "Views"}, {"id": 19, "icon": "https://aqarydashboard.blob.core.windows.net/upload/new-facts/price.svg", "slug": "Price", "title": "Price"}, {"id": 47, "icon": "https://aqarydashboard.blob.core.windows.net/upload/new-facts/vat.svg", "slug": "Ask Price", "title": "Ask Price"}, {"id": 5, "icon": "https://aqarydashboard.blob.core.windows.net/upload/new-facts/building-name.svg", "slug": "Property Name", "title": "Property Name"}, {"id": 26, "icon": "https://aqarydashboard.blob.core.windows.net/upload/new-facts/type.svg", "slug": "Type Name", "title": "Type Name"}, {"id": 57, "slug": "Sector No.", "title": "Sector No."}, {"id": 58, "slug": "Property No.", "title": "Property No."}, {"id": 22, "icon": "https://aqarydashboard.blob.core.windows.net/upload/new-facts/service-charges.svg", "slug": "Service Charge", "title": "Service Charge"}, {"id": 24, "icon": "https://aqarydashboard.blob.core.windows.net/upload/new-facts/swimming-pools.svg", "slug": "No Of Pools", "title": "No Of Pools"}, {"id": 33, "icon": "https://aqarydashboard.blob.core.windows.net/upload/new-facts/bathroom.svg", "slug": "bathroom", "title": "bathroom"}, {"id": 43, "icon": "https://aqarydashboard.blob.core.windows.net/upload/new-facts/status.svg", "slug": "Completion Status", "title": "Completion Status"}, {"id": 63, "slug": "Completion percentage", "title": "Completion percentage"}, {"id": 64, "slug": "Completion percentage Date", "title": "Completion percentage Date"}, {"id": 54, "slug": "is leased", "title": "is leased"}, {"id": 48, "slug": "Start Date", "title": "Start Date"}, {"id": 6, "icon": "https://aqarydashboard.blob.core.windows.net/upload/new-facts/completion-date.svg", "slug": "Completion Date", "title": "Completion Date"}, {"id": 50, "slug": "Handover Date", "title": "Handover Date"}, {"id": 15, "icon": "https://aqarydashboard.blob.core.windows.net/upload/new-facts/no-of-floor.svg", "slug": "No of Floors", "title": "No of Floors"}, {"id": 45, "icon": "https://aqarydashboard.blob.core.windows.net/upload/new-facts/vat.svg", "slug": "Municipality Tax", "title": "Municipality Tax"}, {"id": 76, "slug": "Facilities", "title": "Facilities"}, {"id": 77, "slug": "Amenities", "title": "Amenities"}, {"id": 69, "slug": "amount", "title": "amount"}, {"id": 67, "slug": "contract start date", "title": "contract start date"}, {"id": 68, "slug": "contract End date", "title": "contract End date"}, {"id": 39, "icon": "https://aqarydashboard.blob.core.windows.net/upload/new-facts/status.svg", "slug": "status", "title": "status"}, {"id": 46, "icon": "https://aqarydashboard.blob.core.windows.net/upload/new-facts/vat.svg", "slug": "Commercial Tax", "title": "Commercial Tax"}, {"id": 56, "slug": "owner", "title": "owner"}, {"id": 75, "slug": "property Description", "title": "property Description"}, {"id": 71, "slug": "unit Type", "title": "unit Type"}, {"id": 78, "slug": "Plot No", "title": "Plot No"}]}',	1,	now(),	now(),	1,	'https://aqarydashboard.blob.core.windows.net/upload/PROPERTY_TYPE_SETTINGS_ICON/1737699628069815000019496f8-1425-70a0-9494-8ebcd3220233variant34.svg',	'f');

SELECT setval('global_property_type_id_seq', 29, true); -- Adjust the sequence

INSERT INTO "unit_type" ("id", "type", "code", "facts", "usage", "created_at", "updated_at", "status", "icon") VALUES
(1, 'office', 'OF', '{"rent": [{"id": 4, "icon": "https://aqarydashboard.blob.core.windows.net/upload/new-facts/build-up-area.svg", "title": "Built Up Area"}, {"id": 10, "icon": "https://aqarydashboard.blob.core.windows.net/upload/new-facts/furnishing.svg", "title": "Furnished"}, {"id": 11, "icon": "https://aqarydashboard.blob.core.windows.net/upload/new-facts/life-style.svg", "title": "Life Style"}, {"id": 17, "icon": "https://aqarydashboard.blob.core.windows.net/upload/new-facts/parking.svg", "title": "Parking"}, {"id": 19, "icon": "https://aqarydashboard.blob.core.windows.net/upload/new-facts/price.svg", "title": "Price"}, {"id": 20, "icon": "https://aqarydashboard.blob.core.windows.net/upload/new-facts/rent-type.svg", "title": "Rent type"}, {"id": 26, "icon": "https://aqarydashboard.blob.core.windows.net/upload/new-facts/type.svg", "title": "Type Name"}, {"id": 29, "icon": "https://aqarydashboard.blob.core.windows.net/upload/new-facts/view.svg", "title": "Views"}, {"id": 33, "icon": "https://aqarydashboard.blob.core.windows.net/upload/new-facts/bathroom.svg", "title": "bathroom"}, {"id": 38, "icon": "https://aqarydashboard.blob.core.windows.net/upload/new-facts/payment.svg", "title": "no of payments"}, {"id": 45, "icon": "https://aqarydashboard.blob.core.windows.net/upload/new-facts/vat.svg", "title": "Municipality Tax"}, {"id": 46, "icon": "https://aqarydashboard.blob.core.windows.net/upload/new-facts/vat.svg", "title": "Commercial Tax"}, {"id": 47, "icon": "https://aqarydashboard.blob.core.windows.net/upload/new-facts/vat.svg", "title": "Ask Price"}, {"id": 56, "icon": "nil", "title": "owner"}, {"id": 66, "icon": "nil", "title": "unit No."}, {"id": 70, "icon": "nil", "title": "For investment"}], "sale": [{"id": 4, "icon": "https://aqarydashboard.blob.core.windows.net/upload/new-facts/build-up-area.svg", "title": "Built Up Area"}, {"id": 6, "icon": "https://aqarydashboard.blob.core.windows.net/upload/new-facts/completion-date.svg", "title": "Completion Date"}, {"id": 10, "icon": "https://aqarydashboard.blob.core.windows.net/upload/new-facts/furnishing.svg", "title": "Furnished"}, {"id": 11, "icon": "https://aqarydashboard.blob.core.windows.net/upload/new-facts/life-style.svg", "title": "Life Style"}, {"id": 16, "icon": "https://aqarydashboard.blob.core.windows.net/upload/new-facts/ownership.svg", "title": "Ownership"}, {"id": 17, "icon": "https://aqarydashboard.blob.core.windows.net/upload/new-facts/parking.svg", "title": "Parking"}, {"id": 19, "icon": "https://aqarydashboard.blob.core.windows.net/upload/new-facts/price.svg", "title": "Price"}, {"id": 22, "icon": "https://aqarydashboard.blob.core.windows.net/upload/new-facts/service-charges.svg", "title": "Service Charge"}, {"id": 26, "icon": "https://aqarydashboard.blob.core.windows.net/upload/new-facts/type.svg", "title": "Type Name"}, {"id": 29, "icon": "https://aqarydashboard.blob.core.windows.net/upload/new-facts/view.svg", "title": "Views"}, {"id": 33, "icon": "https://aqarydashboard.blob.core.windows.net/upload/new-facts/bathroom.svg", "title": "bathroom"}, {"id": 45, "icon": "https://aqarydashboard.blob.core.windows.net/upload/new-facts/vat.svg", "title": "Municipality Tax"}, {"id": 46, "icon": "https://aqarydashboard.blob.core.windows.net/upload/new-facts/vat.svg", "title": "Commercial Tax"}, {"id": 47, "icon": "https://aqarydashboard.blob.core.windows.net/upload/new-facts/vat.svg", "title": "Ask Price"}, {"id": 54, "icon": "nil", "title": "is leased"}, {"id": 56, "icon": "nil", "title": "owner"}, {"id": 66, "icon": "nil", "title": "unit No."}, {"id": 67, "icon": "nil", "title": "contract start date"}, {"id": 68, "icon": "nil", "title": "contract End date"}, {"id": 69, "icon": "nil", "title": "amount"}, {"id": 70, "icon": "nil", "title": "For investment"}]}', 2, now(), now(), 1, 'https://aqarydashboard.blob.core.windows.net/upload/types/office.png'),
(2, 'Hotel Apartment', 'HA', '{"rent": [{"id": 1, "icon": "dfsdfasd", "slug": "bedroom", "title": "Bedroom"}, {"id": 2, "icon": "dfsdfasd", "slug": "bathroom", "title": "Bathroom"}], "sale": [{"id": 1, "icon": "dfsdfasd", "slug": "bedroom", "title": "Bedroom"}, {"id": 2, "icon": "dfsdfasd", "slug": "bathroom", "title": "Bathroom"}], "swap": [{"id": 1, "icon": "dfsdfasd", "slug": "bathroom", "title": "Bathroom"}, {"id": 2, "icon": "dfsdfasd", "slug": "bathroom", "title": "Bathroom"}]}', 1, now(), now(), 1, 'urlhere1'),
(3, 'Shop', 'SHO', '{"rent": [{"id": 4, "icon": "https://aqarydashboard.blob.core.windows.net/upload/new-facts/build-up-area.svg", "title": "Built Up Area"}, {"id": 10, "icon": "https://aqarydashboard.blob.core.windows.net/upload/new-facts/furnishing.svg", "title": "Furnished"}, {"id": 11, "icon": "https://aqarydashboard.blob.core.windows.net/upload/new-facts/life-style.svg", "title": "Life Style"}, {"id": 17, "icon": "https://aqarydashboard.blob.core.windows.net/upload/new-facts/parking.svg", "title": "Parking"}, {"id": 20, "icon": "https://aqarydashboard.blob.core.windows.net/upload/new-facts/rent-type.svg", "title": "Rent type"}, {"id": 26, "icon": "https://aqarydashboard.blob.core.windows.net/upload/new-facts/type.svg", "title": "Type Name"}, {"id": 29, "icon": "https://aqarydashboard.blob.core.windows.net/upload/new-facts/view.svg", "title": "Views"}, {"id": 38, "icon": "https://aqarydashboard.blob.core.windows.net/upload/new-facts/payment.svg", "title": "no of payments"}, {"id": 45, "icon": "https://aqarydashboard.blob.core.windows.net/upload/new-facts/vat.svg", "title": "Municipality Tax"}, {"id": 46, "icon": "https://aqarydashboard.blob.core.windows.net/upload/new-facts/vat.svg", "title": "Commercial Tax"}, {"id": 56, "icon": "nil", "title": "owner"}, {"id": 66, "icon": "nil", "title": "unit No."}, {"id": 70, "icon": "nil", "title": "For investment"}], "sale": [{"id": 4, "icon": "https://aqarydashboard.blob.core.windows.net/upload/new-facts/build-up-area.svg", "title": "Built Up Area"}, {"id": 6, "icon": "https://aqarydashboard.blob.core.windows.net/upload/new-facts/completion-date.svg", "title": "Completion Date"}, {"id": 10, "icon": "https://aqarydashboard.blob.core.windows.net/upload/new-facts/furnishing.svg", "title": "Furnished"}, {"id": 11, "icon": "https://aqarydashboard.blob.core.windows.net/upload/new-facts/life-style.svg", "title": "Life Style"}, {"id": 16, "icon": "https://aqarydashboard.blob.core.windows.net/upload/new-facts/ownership.svg", "title": "Ownership"}, {"id": 17, "icon": "https://aqarydashboard.blob.core.windows.net/upload/new-facts/parking.svg", "title": "Parking"}, {"id": 19, "icon": "https://aqarydashboard.blob.core.windows.net/upload/new-facts/price.svg", "title": "Price"}, {"id": 22, "icon": "https://aqarydashboard.blob.core.windows.net/upload/new-facts/service-charges.svg", "title": "Service Charge"}, {"id": 29, "icon": "https://aqarydashboard.blob.core.windows.net/upload/new-facts/view.svg", "title": "Views"}, {"id": 33, "icon": "https://aqarydashboard.blob.core.windows.net/upload/new-facts/bathroom.svg", "title": "bathroom"}, {"id": 45, "icon": "https://aqarydashboard.blob.core.windows.net/upload/new-facts/vat.svg", "title": "Municipality Tax"}, {"id": 54, "icon": "nil", "title": "is leased"}, {"id": 56, "icon": "nil", "title": "owner"}, {"id": 66, "icon": "nil", "title": "unit No."}, {"id": 67, "icon": "nil", "title": "contract start date"}, {"id": 68, "icon": "nil", "title": "contract End date"}, {"id": 69, "icon": "nil", "title": "amount"}, {"id": 70, "icon": "nil", "title": "For investment"}]}', 2, now(), now(), 1, 'https://aqarydashboard.blob.core.windows.net/upload/types/shop.png'),
(4, 'Hotel Aparment', 'HO', '{"rent": [{"id": 2, "icon": "https://aqarydashboard.blob.core.windows.net/upload/new-facts/balcony.svg", "title": "Balcony"}, {"id": 3, "icon": "https://aqarydashboard.blob.core.windows.net/upload/new-facts/bedrooms.svg", "title": "Bedroom"}, {"id": 4, "icon": "https://aqarydashboard.blob.core.windows.net/upload/new-facts/build-up-area.svg", "title": "Built Up Area"}, {"id": 10, "icon": "https://aqarydashboard.blob.core.windows.net/upload/new-facts/furnishing.svg", "title": "Furnished"}, {"id": 11, "icon": "https://aqarydashboard.blob.core.windows.net/upload/new-facts/life-style.svg", "title": "Life Style"}, {"id": 16, "icon": "https://aqarydashboard.blob.core.windows.net/upload/new-facts/ownership.svg", "title": "Ownership"}, {"id": 17, "icon": "https://aqarydashboard.blob.core.windows.net/upload/new-facts/parking.svg", "title": "Parking"}, {"id": 19, "icon": "https://aqarydashboard.blob.core.windows.net/upload/new-facts/price.svg", "title": "Price"}, {"id": 20, "icon": "https://aqarydashboard.blob.core.windows.net/upload/new-facts/rent-type.svg", "title": "Rent type"}, {"id": 29, "icon": "https://aqarydashboard.blob.core.windows.net/upload/new-facts/view.svg", "title": "Views"}, {"id": 33, "icon": "https://aqarydashboard.blob.core.windows.net/upload/new-facts/bathroom.svg", "title": "bathroom"}, {"id": 38, "icon": "https://aqarydashboard.blob.core.windows.net/upload/new-facts/payment.svg", "title": "no of payments"}, {"id": 45, "icon": "https://aqarydashboard.blob.core.windows.net/upload/new-facts/vat.svg", "title": "Municipality Tax"}, {"id": 46, "icon": "https://aqarydashboard.blob.core.windows.net/upload/new-facts/vat.svg", "title": "Commercial Tax"}, {"id": 47, "icon": "https://aqarydashboard.blob.core.windows.net/upload/new-facts/vat.svg", "title": "Ask Price"}, {"id": 56, "icon": "nil", "title": "owner"}, {"id": 66, "icon": "nil", "title": "unit No."}, {"id": 70, "icon": "nil", "title": "For investment"}], "sale": [{"id": 2, "icon": "https://aqarydashboard.blob.core.windows.net/upload/new-facts/balcony.svg", "title": "Balcony"}, {"id": 3, "icon": "https://aqarydashboard.blob.core.windows.net/upload/new-facts/bedrooms.svg", "title": "Bedroom"}, {"id": 4, "icon": "https://aqarydashboard.blob.core.windows.net/upload/new-facts/build-up-area.svg", "title": "Built Up Area"}, {"id": 6, "icon": "https://aqarydashboard.blob.core.windows.net/upload/new-facts/completion-date.svg", "title": "Completion Date"}, {"id": 10, "icon": "https://aqarydashboard.blob.core.windows.net/upload/new-facts/furnishing.svg", "title": "Furnished"}, {"id": 11, "icon": "https://aqarydashboard.blob.core.windows.net/upload/new-facts/life-style.svg", "title": "Life Style"}, {"id": 16, "icon": "https://aqarydashboard.blob.core.windows.net/upload/new-facts/ownership.svg", "title": "Ownership"}, {"id": 17, "icon": "https://aqarydashboard.blob.core.windows.net/upload/new-facts/parking.svg", "title": "Parking"}, {"id": 19, "icon": "https://aqarydashboard.blob.core.windows.net/upload/new-facts/price.svg", "title": "Price"}, {"id": 22, "icon": "https://aqarydashboard.blob.core.windows.net/upload/new-facts/service-charges.svg", "title": "Service Charge"}, {"id": 29, "icon": "https://aqarydashboard.blob.core.windows.net/upload/new-facts/view.svg", "title": "Views"}, {"id": 33, "icon": "https://aqarydashboard.blob.core.windows.net/upload/new-facts/bathroom.svg", "title": "bathroom"}, {"id": 45, "icon": "https://aqarydashboard.blob.core.windows.net/upload/new-facts/vat.svg", "title": "Municipality Tax"}, {"id": 47, "icon": "https://aqarydashboard.blob.core.windows.net/upload/new-facts/vat.svg", "title": "Ask Price"}, {"id": 54, "icon": "nil", "title": "is leased"}, {"id": 56, "icon": "nil", "title": "owner"}, {"id": 66, "icon": "nil", "title": "unit No."}, {"id": 67, "icon": "nil", "title": "contract start date"}, {"id": 68, "icon": "nil", "title": "contract End date"}, {"id": 69, "icon": "nil", "title": "amount"}, {"id": 70, "icon": "nil", "title": "For investment"}]}', 2, now(), now(), 1, 'https://aqarydashboard.blob.core.windows.net/upload/types/hotel_apartment.png'),
(5, 'Commercial Villa', 'COV', '{"rent": [{"id": 2, "icon": "https://aqarydashboard.blob.core.windows.net/upload/new-facts/balcony.svg", "title": "Balcony"}, {"id": 3, "icon": "https://aqarydashboard.blob.core.windows.net/upload/new-facts/bedrooms.svg", "title": "Bedroom"}, {"id": 4, "icon": "https://aqarydashboard.blob.core.windows.net/upload/new-facts/build-up-area.svg", "title": "Built Up Area"}, {"id": 6, "icon": "https://aqarydashboard.blob.core.windows.net/upload/new-facts/completion-date.svg", "title": "Completion Date"}, {"id": 10, "icon": "https://aqarydashboard.blob.core.windows.net/upload/new-facts/furnishing.svg", "title": "Furnished"}, {"id": 11, "icon": "https://aqarydashboard.blob.core.windows.net/upload/new-facts/life-style.svg", "title": "Life Style"}, {"id": 17, "icon": "https://aqarydashboard.blob.core.windows.net/upload/new-facts/parking.svg", "title": "Parking"}, {"id": 18, "icon": "https://aqarydashboard.blob.core.windows.net/upload/new-facts/plot-area.svg", "title": "Plot Area"}, {"id": 19, "icon": "https://aqarydashboard.blob.core.windows.net/upload/new-facts/price.svg", "title": "Price"}, {"id": 20, "icon": "https://aqarydashboard.blob.core.windows.net/upload/new-facts/rent-type.svg", "title": "Rent type"}, {"id": 26, "icon": "https://aqarydashboard.blob.core.windows.net/upload/new-facts/type.svg", "title": "Type Name"}, {"id": 29, "icon": "https://aqarydashboard.blob.core.windows.net/upload/new-facts/view.svg", "title": "Views"}, {"id": 33, "icon": "https://aqarydashboard.blob.core.windows.net/upload/new-facts/bathroom.svg", "title": "bathroom"}, {"id": 38, "icon": "https://aqarydashboard.blob.core.windows.net/upload/new-facts/payment.svg", "title": "no of payments"}, {"id": 45, "icon": "https://aqarydashboard.blob.core.windows.net/upload/new-facts/vat.svg", "title": "Municipality Tax"}, {"id": 47, "icon": "https://aqarydashboard.blob.core.windows.net/upload/new-facts/vat.svg", "title": "Ask Price"}, {"id": 56, "icon": "nil", "title": "owner"}, {"id": 66, "icon": "nil", "title": "unit No."}, {"id": 70, "icon": "nil", "title": "For investment"}], "sale": [{"id": 2, "icon": "https://aqarydashboard.blob.core.windows.net/upload/new-facts/balcony.svg", "title": "Balcony"}, {"id": 3, "icon": "https://aqarydashboard.blob.core.windows.net/upload/new-facts/bedrooms.svg", "title": "Bedroom"}, {"id": 4, "icon": "https://aqarydashboard.blob.core.windows.net/upload/new-facts/build-up-area.svg", "title": "Built Up Area"}, {"id": 6, "icon": "https://aqarydashboard.blob.core.windows.net/upload/new-facts/completion-date.svg", "title": "Completion Date"}, {"id": 10, "icon": "https://aqarydashboard.blob.core.windows.net/upload/new-facts/furnishing.svg", "title": "Furnished"}, {"id": 11, "icon": "https://aqarydashboard.blob.core.windows.net/upload/new-facts/life-style.svg", "title": "Life Style"}, {"id": 16, "icon": "https://aqarydashboard.blob.core.windows.net/upload/new-facts/ownership.svg", "title": "Ownership"}, {"id": 17, "icon": "https://aqarydashboard.blob.core.windows.net/upload/new-facts/parking.svg", "title": "Parking"}, {"id": 18, "icon": "https://aqarydashboard.blob.core.windows.net/upload/new-facts/plot-area.svg", "title": "Plot Area"}, {"id": 19, "icon": "https://aqarydashboard.blob.core.windows.net/upload/new-facts/price.svg", "title": "Price"}, {"id": 22, "icon": "https://aqarydashboard.blob.core.windows.net/upload/new-facts/service-charges.svg", "title": "Service Charge"}, {"id": 26, "icon": "https://aqarydashboard.blob.core.windows.net/upload/new-facts/type.svg", "title": "Type Name"}, {"id": 29, "icon": "https://aqarydashboard.blob.core.windows.net/upload/new-facts/view.svg", "title": "Views"}, {"id": 33, "icon": "https://aqarydashboard.blob.core.windows.net/upload/new-facts/bathroom.svg", "title": "bathroom"}, {"id": 39, "icon": "https://aqarydashboard.blob.core.windows.net/upload/new-facts/status.svg", "title": "status"}, {"id": 45, "icon": "https://aqarydashboard.blob.core.windows.net/upload/new-facts/vat.svg", "title": "Municipality Tax"}, {"id": 46, "icon": "https://aqarydashboard.blob.core.windows.net/upload/new-facts/vat.svg", "title": "Commercial Tax"}, {"id": 47, "icon": "https://aqarydashboard.blob.core.windows.net/upload/new-facts/vat.svg", "title": "Ask Price"}, {"id": 54, "icon": "nil", "title": "is leased"}, {"id": 56, "icon": "nil", "title": "owner"}, {"id": 66, "icon": "nil", "title": "unit No."}, {"id": 67, "icon": "nil", "title": "contract start date"}, {"id": 68, "icon": "nil", "title": "contract End date"}, {"id": 69, "icon": "nil", "title": "amount"}, {"id": 70, "icon": "nil", "title": "For investment"}, null]}', 2, now(), now(), 1, 'https://aqarydashboard.blob.core.windows.net/upload/types/commercial_villa.png'),
(6, 'Retail', 'RT', '{"rent": [{"id": 4, "icon": "https://aqarydashboard.blob.core.windows.net/upload/new-facts/build-up-area.svg", "title": "Built Up Area"}, {"id": 10, "icon": "https://aqarydashboard.blob.core.windows.net/upload/new-facts/furnishing.svg", "title": "Furnished"}, {"id": 11, "icon": "https://aqarydashboard.blob.core.windows.net/upload/new-facts/life-style.svg", "title": "Life Style"}, {"id": 17, "icon": "https://aqarydashboard.blob.core.windows.net/upload/new-facts/parking.svg", "title": "Parking"}, {"id": 19, "icon": "https://aqarydashboard.blob.core.windows.net/upload/new-facts/price.svg", "title": "Price"}, {"id": 20, "icon": "https://aqarydashboard.blob.core.windows.net/upload/new-facts/rent-type.svg", "title": "Rent type"}, {"id": 26, "icon": "https://aqarydashboard.blob.core.windows.net/upload/new-facts/type.svg", "title": "Type Name"}, {"id": 33, "icon": "https://aqarydashboard.blob.core.windows.net/upload/new-facts/bathroom.svg", "title": "bathroom"}, {"id": 38, "icon": "https://aqarydashboard.blob.core.windows.net/upload/new-facts/payment.svg", "title": "no of payments"}, {"id": 45, "icon": "https://aqarydashboard.blob.core.windows.net/upload/new-facts/vat.svg", "title": "Municipality Tax"}, {"id": 46, "icon": "https://aqarydashboard.blob.core.windows.net/upload/new-facts/vat.svg", "title": "Commercial Tax"}, {"id": 56, "icon": "nil", "title": "owner"}, {"id": 66, "icon": "nil", "title": "unit No."}, {"id": 70, "icon": "nil", "title": "For investment"}], "sale": [{"id": 4, "icon": "https://aqarydashboard.blob.core.windows.net/upload/new-facts/build-up-area.svg", "title": "Built Up Area"}, {"id": 6, "icon": "https://aqarydashboard.blob.core.windows.net/upload/new-facts/completion-date.svg", "title": "Completion Date"}, {"id": 10, "icon": "https://aqarydashboard.blob.core.windows.net/upload/new-facts/furnishing.svg", "title": "Furnished"}, {"id": 11, "icon": "https://aqarydashboard.blob.core.windows.net/upload/new-facts/life-style.svg", "title": "Life Style"}, {"id": 16, "icon": "https://aqarydashboard.blob.core.windows.net/upload/new-facts/ownership.svg", "title": "Ownership"}, {"id": 17, "icon": "https://aqarydashboard.blob.core.windows.net/upload/new-facts/parking.svg", "title": "Parking"}, {"id": 19, "icon": "https://aqarydashboard.blob.core.windows.net/upload/new-facts/price.svg", "title": "Price"}, {"id": 22, "icon": "https://aqarydashboard.blob.core.windows.net/upload/new-facts/service-charges.svg", "title": "Service Charge"}, {"id": 29, "icon": "https://aqarydashboard.blob.core.windows.net/upload/new-facts/view.svg", "title": "Views"}, {"id": 33, "icon": "https://aqarydashboard.blob.core.windows.net/upload/new-facts/bathroom.svg", "title": "bathroom"}, {"id": 45, "icon": "https://aqarydashboard.blob.core.windows.net/upload/new-facts/vat.svg", "title": "Municipality Tax"}, {"id": 46, "icon": "https://aqarydashboard.blob.core.windows.net/upload/new-facts/vat.svg", "title": "Commercial Tax"}, {"id": 54, "icon": "nil", "title": "is leased"}, {"id": 66, "icon": "nil", "title": "unit No."}, {"id": 67, "icon": "nil", "title": "contract start date"}, {"id": 68, "icon": "nil", "title": "contract End date"}, {"id": 69, "icon": "nil", "title": "amount"}, {"id": 70, "icon": "nil", "title": "For investment"}]}', 2, now(), now(), 1, 'https://aqarydashboard.blob.core.windows.net/upload/types/retail.png'),
(7, 'Residential Floor', 'RF', '{"rent": [{"id": 4, "icon": "https://aqarydashboard.blob.core.windows.net/upload/new-facts/build-up-area.svg", "title": "Built Up Area"}, {"id": 10, "icon": "https://aqarydashboard.blob.core.windows.net/upload/new-facts/furnishing.svg", "title": "Furnished"}, {"id": 11, "icon": "https://aqarydashboard.blob.core.windows.net/upload/new-facts/life-style.svg", "title": "Life Style"}, {"id": 17, "icon": "https://aqarydashboard.blob.core.windows.net/upload/new-facts/parking.svg", "title": "Parking"}, {"id": 19, "icon": "https://aqarydashboard.blob.core.windows.net/upload/new-facts/price.svg", "title": "Price"}, {"id": 20, "icon": "https://aqarydashboard.blob.core.windows.net/upload/new-facts/rent-type.svg", "title": "Rent type"}, {"id": 29, "icon": "https://aqarydashboard.blob.core.windows.net/upload/new-facts/view.svg", "title": "Views"}, {"id": 33, "icon": "https://aqarydashboard.blob.core.windows.net/upload/new-facts/bathroom.svg", "title": "bathroom"}, {"id": 38, "icon": "https://aqarydashboard.blob.core.windows.net/upload/new-facts/payment.svg", "title": "no of payments"}, {"id": 45, "icon": "https://aqarydashboard.blob.core.windows.net/upload/new-facts/vat.svg", "title": "Municipality Tax"}, {"id": 47, "icon": "https://aqarydashboard.blob.core.windows.net/upload/new-facts/vat.svg", "title": "Ask Price"}, {"id": 66, "icon": "nil", "title": "unit No."}, {"id": 70, "icon": "nil", "title": "For investment"}], "sale": [{"id": 4, "icon": "https://aqarydashboard.blob.core.windows.net/upload/new-facts/build-up-area.svg", "title": "Built Up Area"}, {"id": 6, "icon": "https://aqarydashboard.blob.core.windows.net/upload/new-facts/completion-date.svg", "title": "Completion Date"}, {"id": 10, "icon": "https://aqarydashboard.blob.core.windows.net/upload/new-facts/furnishing.svg", "title": "Furnished"}, {"id": 11, "icon": "https://aqarydashboard.blob.core.windows.net/upload/new-facts/life-style.svg", "title": "Life Style"}, {"id": 16, "icon": "https://aqarydashboard.blob.core.windows.net/upload/new-facts/ownership.svg", "title": "Ownership"}, {"id": 17, "icon": "https://aqarydashboard.blob.core.windows.net/upload/new-facts/parking.svg", "title": "Parking"}, {"id": 19, "icon": "https://aqarydashboard.blob.core.windows.net/upload/new-facts/price.svg", "title": "Price"}, {"id": 20, "icon": "https://aqarydashboard.blob.core.windows.net/upload/new-facts/rent-type.svg", "title": "Rent type"}, {"id": 22, "icon": "https://aqarydashboard.blob.core.windows.net/upload/new-facts/service-charges.svg", "title": "Service Charge"}, {"id": 26, "icon": "https://aqarydashboard.blob.core.windows.net/upload/new-facts/type.svg", "title": "Type Name"}, {"id": 29, "icon": "https://aqarydashboard.blob.core.windows.net/upload/new-facts/view.svg", "title": "Views"}, {"id": 33, "icon": "https://aqarydashboard.blob.core.windows.net/upload/new-facts/bathroom.svg", "title": "bathroom"}, {"id": 45, "icon": "https://aqarydashboard.blob.core.windows.net/upload/new-facts/vat.svg", "title": "Municipality Tax"}, {"id": 47, "icon": "https://aqarydashboard.blob.core.windows.net/upload/new-facts/vat.svg", "title": "Ask Price"}, {"id": 48, "icon": "nil", "title": "Start Date"}, {"id": 50, "icon": "nil", "title": "Handover Date"}, {"id": 54, "icon": "nil", "title": "is leased"}, {"id": 66, "icon": "nil", "title": "unit No."}, {"id": 67, "icon": "nil", "title": "contract start date"}, {"id": 68, "icon": "nil", "title": "contract End date"}, {"id": 69, "icon": "nil", "title": "amount"}, {"id": 70, "icon": "nil", "title": "For investment"}]}', 1, now(), now(), 1, 'https://aqarydashboard.blob.core.windows.net/upload/types/residential_floor.png'),
(8, 'Commercial Floor ', 'CF', '{"rent": [{"id": 4, "icon": "https://aqarydashboard.blob.core.windows.net/upload/new-facts/build-up-area.svg", "title": "Built Up Area"}, {"id": 10, "icon": "https://aqarydashboard.blob.core.windows.net/upload/new-facts/furnishing.svg", "title": "Furnished"}, {"id": 11, "icon": "https://aqarydashboard.blob.core.windows.net/upload/new-facts/life-style.svg", "title": "Life Style"}, {"id": 17, "icon": "https://aqarydashboard.blob.core.windows.net/upload/new-facts/parking.svg", "title": "Parking"}, {"id": 19, "icon": "https://aqarydashboard.blob.core.windows.net/upload/new-facts/price.svg", "title": "Price"}, {"id": 20, "icon": "https://aqarydashboard.blob.core.windows.net/upload/new-facts/rent-type.svg", "title": "Rent type"}, {"id": 26, "icon": "https://aqarydashboard.blob.core.windows.net/upload/new-facts/type.svg", "title": "Type Name"}, {"id": 33, "icon": "https://aqarydashboard.blob.core.windows.net/upload/new-facts/bathroom.svg", "title": "bathroom"}, {"id": 38, "icon": "https://aqarydashboard.blob.core.windows.net/upload/new-facts/payment.svg", "title": "no of payments"}, {"id": 45, "icon": "https://aqarydashboard.blob.core.windows.net/upload/new-facts/vat.svg", "title": "Municipality Tax"}, {"id": 46, "icon": "https://aqarydashboard.blob.core.windows.net/upload/new-facts/vat.svg", "title": "Commercial Tax"}, {"id": 56, "icon": "nil", "title": "owner"}, {"id": 66, "icon": "nil", "title": "unit No."}, {"id": 70, "icon": "nil", "title": "For investment"}], "sale": [{"id": 4, "icon": "https://aqarydashboard.blob.core.windows.net/upload/new-facts/build-up-area.svg", "title": "Built Up Area"}, {"id": 6, "icon": "https://aqarydashboard.blob.core.windows.net/upload/new-facts/completion-date.svg", "title": "Completion Date"}, {"id": 10, "icon": "https://aqarydashboard.blob.core.windows.net/upload/new-facts/furnishing.svg", "title": "Furnished"}, {"id": 11, "icon": "https://aqarydashboard.blob.core.windows.net/upload/new-facts/life-style.svg", "title": "Life Style"}, {"id": 16, "icon": "https://aqarydashboard.blob.core.windows.net/upload/new-facts/ownership.svg", "title": "Ownership"}, {"id": 17, "icon": "https://aqarydashboard.blob.core.windows.net/upload/new-facts/parking.svg", "title": "Parking"}, {"id": 19, "icon": "https://aqarydashboard.blob.core.windows.net/upload/new-facts/price.svg", "title": "Price"}, {"id": 22, "icon": "https://aqarydashboard.blob.core.windows.net/upload/new-facts/service-charges.svg", "title": "Service Charge"}, {"id": 26, "icon": "https://aqarydashboard.blob.core.windows.net/upload/new-facts/type.svg", "title": "Type Name"}, {"id": 29, "icon": "https://aqarydashboard.blob.core.windows.net/upload/new-facts/view.svg", "title": "Views"}, {"id": 33, "icon": "https://aqarydashboard.blob.core.windows.net/upload/new-facts/bathroom.svg", "title": "bathroom"}, {"id": 45, "icon": "https://aqarydashboard.blob.core.windows.net/upload/new-facts/vat.svg", "title": "Municipality Tax"}, {"id": 46, "icon": "https://aqarydashboard.blob.core.windows.net/upload/new-facts/vat.svg", "title": "Commercial Tax"}, {"id": 47, "icon": "https://aqarydashboard.blob.core.windows.net/upload/new-facts/vat.svg", "title": "Ask Price"}, {"id": 50, "icon": "nil", "title": "Handover Date"}, {"id": 54, "icon": "nil", "title": "is leased"}, {"id": 56, "icon": "nil", "title": "owner"}, {"id": 66, "icon": "nil", "title": "unit No."}, {"id": 67, "icon": "nil", "title": "contract start date"}, {"id": 68, "icon": "nil", "title": "contract End date"}, {"id": 69, "icon": "nil", "title": "amount"}, {"id": 70, "icon": "nil", "title": "For investment"}]}', 2, now(), now(), 1, 'https://aqarydashboard.blob.core.windows.net/upload/types/commercial_floor.png'),
(9, 'Showroom', 'SHR', '{"rent": [{"id": 4, "icon": "https://aqarydashboard.blob.core.windows.net/upload/new-facts/build-up-area.svg", "title": "Built Up Area"}, {"id": 10, "icon": "https://aqarydashboard.blob.core.windows.net/upload/new-facts/furnishing.svg", "title": "Furnished"}, {"id": 11, "icon": "https://aqarydashboard.blob.core.windows.net/upload/new-facts/life-style.svg", "title": "Life Style"}, {"id": 17, "icon": "https://aqarydashboard.blob.core.windows.net/upload/new-facts/parking.svg", "title": "Parking"}, {"id": 20, "icon": "https://aqarydashboard.blob.core.windows.net/upload/new-facts/rent-type.svg", "title": "Rent type"}, {"id": 26, "icon": "https://aqarydashboard.blob.core.windows.net/upload/new-facts/type.svg", "title": "Type Name"}, {"id": 29, "icon": "https://aqarydashboard.blob.core.windows.net/upload/new-facts/view.svg", "title": "Views"}, {"id": 38, "icon": "https://aqarydashboard.blob.core.windows.net/upload/new-facts/payment.svg", "title": "no of payments"}, {"id": 45, "icon": "https://aqarydashboard.blob.core.windows.net/upload/new-facts/vat.svg", "title": "Municipality Tax"}, {"id": 46, "icon": "https://aqarydashboard.blob.core.windows.net/upload/new-facts/vat.svg", "title": "Commercial Tax"}, {"id": 56, "icon": "nil", "title": "owner"}, {"id": 66, "icon": "nil", "title": "unit No."}, {"id": 70, "icon": "nil", "title": "For investment"}], "sale": [{"id": 4, "icon": "https://aqarydashboard.blob.core.windows.net/upload/new-facts/build-up-area.svg", "title": "Built Up Area"}, {"id": 6, "icon": "https://aqarydashboard.blob.core.windows.net/upload/new-facts/completion-date.svg", "title": "Completion Date"}, {"id": 10, "icon": "https://aqarydashboard.blob.core.windows.net/upload/new-facts/furnishing.svg", "title": "Furnished"}, {"id": 11, "icon": "https://aqarydashboard.blob.core.windows.net/upload/new-facts/life-style.svg", "title": "Life Style"}, {"id": 16, "icon": "https://aqarydashboard.blob.core.windows.net/upload/new-facts/ownership.svg", "title": "Ownership"}, {"id": 17, "icon": "https://aqarydashboard.blob.core.windows.net/upload/new-facts/parking.svg", "title": "Parking"}, {"id": 19, "icon": "https://aqarydashboard.blob.core.windows.net/upload/new-facts/price.svg", "title": "Price"}, {"id": 22, "icon": "https://aqarydashboard.blob.core.windows.net/upload/new-facts/service-charges.svg", "title": "Service Charge"}, {"id": 29, "icon": "https://aqarydashboard.blob.core.windows.net/upload/new-facts/view.svg", "title": "Views"}, {"id": 33, "icon": "https://aqarydashboard.blob.core.windows.net/upload/new-facts/bathroom.svg", "title": "bathroom"}, {"id": 39, "icon": "https://aqarydashboard.blob.core.windows.net/upload/new-facts/status.svg", "title": "status"}, {"id": 45, "icon": "https://aqarydashboard.blob.core.windows.net/upload/new-facts/vat.svg", "title": "Municipality Tax"}, {"id": 46, "icon": "https://aqarydashboard.blob.core.windows.net/upload/new-facts/vat.svg", "title": "Commercial Tax"}, {"id": 54, "icon": "nil", "title": "is leased"}, {"id": 56, "icon": "nil", "title": "owner"}, {"id": 66, "icon": "nil", "title": "unit No."}, {"id": 67, "icon": "nil", "title": "contract start date"}, {"id": 68, "icon": "nil", "title": "contract End date"}, {"id": 69, "icon": "nil", "title": "amount"}, {"id": 70, "icon": "nil", "title": "For investment"}]}', 2, now(), now(), 1, 'https://aqarydashboard.blob.core.windows.net/upload/types/showroom.png'),
(10, 'Warehouse', 'WH', '{"sale": [{"id": 4, "icon": "https://aqarydashboard.blob.core.windows.net/upload/new-facts/build-up-area.svg", "title": "Built Up Area"}, {"id": 6, "icon": "https://aqarydashboard.blob.core.windows.net/upload/new-facts/completion-date.svg", "title": "Completion Date"}, {"id": 10, "icon": "https://aqarydashboard.blob.core.windows.net/upload/new-facts/furnishing.svg", "title": "Furnished"}, {"id": 11, "icon": "https://aqarydashboard.blob.core.windows.net/upload/new-facts/life-style.svg", "title": "Life Style"}, {"id": 16, "icon": "https://aqarydashboard.blob.core.windows.net/upload/new-facts/ownership.svg", "title": "Ownership"}, {"id": 17, "icon": "https://aqarydashboard.blob.core.windows.net/upload/new-facts/parking.svg", "title": "Parking"}, {"id": 19, "icon": "https://aqarydashboard.blob.core.windows.net/upload/new-facts/price.svg", "title": "Price"}, {"id": 22, "icon": "https://aqarydashboard.blob.core.windows.net/upload/new-facts/service-charges.svg", "title": "Service Charge"}, {"id": 29, "icon": "https://aqarydashboard.blob.core.windows.net/upload/new-facts/view.svg", "title": "Views"}, {"id": 33, "icon": "https://aqarydashboard.blob.core.windows.net/upload/new-facts/bathroom.svg", "title": "bathroom"}, {"id": 45, "icon": "https://aqarydashboard.blob.core.windows.net/upload/new-facts/vat.svg", "title": "Municipality Tax"}, {"id": 54, "icon": "nil", "title": "is leased"}, {"id": 56, "icon": "nil", "title": "owner"}, {"id": 66, "icon": "nil", "title": "unit No."}, {"id": 67, "icon": "nil", "title": "contract start date"}, {"id": 68, "icon": "nil", "title": "contract End date"}, {"id": 69, "icon": "nil", "title": "amount"}, {"id": 70, "icon": "nil", "title": "For investment"}]}', 2, now(), now(), 1, 'https://aqarydashboard.blob.core.windows.net/upload/types/ware_house.png'),
(11, 'Mixed used land', 'MUL', '{"sale": [{"id": 4, "icon": "https://aqarydashboard.blob.core.windows.net/upload/new-facts/build-up-area.svg", "title": "Built Up Area"}, {"id": 6, "icon": "https://aqarydashboard.blob.core.windows.net/upload/new-facts/completion-date.svg", "title": "Completion Date"}, {"id": 16, "icon": "https://aqarydashboard.blob.core.windows.net/upload/new-facts/ownership.svg", "title": "Ownership"}, {"id": 17, "icon": "https://aqarydashboard.blob.core.windows.net/upload/new-facts/parking.svg", "title": "Parking"}, {"id": 18, "icon": "https://aqarydashboard.blob.core.windows.net/upload/new-facts/plot-area.svg", "title": "Plot Area"}, {"id": 19, "icon": "https://aqarydashboard.blob.core.windows.net/upload/new-facts/price.svg", "title": "Price"}, {"id": 22, "icon": "https://aqarydashboard.blob.core.windows.net/upload/new-facts/service-charges.svg", "title": "Service Charge"}, {"id": 26, "icon": "https://aqarydashboard.blob.core.windows.net/upload/new-facts/type.svg", "title": "Type Name"}, {"id": 29, "icon": "https://aqarydashboard.blob.core.windows.net/upload/new-facts/view.svg", "title": "Views"}, {"id": 45, "icon": "https://aqarydashboard.blob.core.windows.net/upload/new-facts/vat.svg", "title": "Municipality Tax"}, {"id": 46, "icon": "https://aqarydashboard.blob.core.windows.net/upload/new-facts/vat.svg", "title": "Commercial Tax"}, {"id": 47, "icon": "https://aqarydashboard.blob.core.windows.net/upload/new-facts/vat.svg", "title": "Ask Price"}, {"id": 56, "icon": "nil", "title": "owner"}, {"id": 66, "icon": "nil", "title": "unit No."}]}', 2, now(), now(), 1, 'https://aqarydashboard.blob.core.windows.net/upload/types/industrial_land.png'),
(12, 'Commercial Land', 'CL', '{"sale": [{"id": 4, "icon": "https://aqarydashboard.blob.core.windows.net/upload/new-facts/build-up-area.svg", "title": "Built Up Area"}, {"id": 16, "icon": "https://aqarydashboard.blob.core.windows.net/upload/new-facts/ownership.svg", "title": "Ownership"}, {"id": 18, "icon": "https://aqarydashboard.blob.core.windows.net/upload/new-facts/plot-area.svg", "title": "Plot Area"}, {"id": 19, "icon": "https://aqarydashboard.blob.core.windows.net/upload/new-facts/price.svg", "title": "Price"}, {"id": 22, "icon": "https://aqarydashboard.blob.core.windows.net/upload/new-facts/service-charges.svg", "title": "Service Charge"}, {"id": 26, "icon": "https://aqarydashboard.blob.core.windows.net/upload/new-facts/type.svg", "title": "Type Name"}, {"id": 29, "icon": "https://aqarydashboard.blob.core.windows.net/upload/new-facts/view.svg", "title": "Views"}, {"id": 45, "icon": "https://aqarydashboard.blob.core.windows.net/upload/new-facts/vat.svg", "title": "Municipality Tax"}, {"id": 46, "icon": "https://aqarydashboard.blob.core.windows.net/upload/new-facts/vat.svg", "title": "Commercial Tax"}, {"id": 47, "icon": "https://aqarydashboard.blob.core.windows.net/upload/new-facts/vat.svg", "title": "Ask Price"}, {"id": 56, "icon": "nil", "title": "owner"}, {"id": 66, "icon": "nil", "title": "unit No."}]}', 2, now(), now(), 1, 'https://aqarydashboard.blob.core.windows.net/upload/types/commercial_land.png'),
(13, 'Residential Land', 'RL', '{"sale": [{"id": 6, "icon": "https://aqarydashboard.blob.core.windows.net/upload/new-facts/completion-date.svg", "title": "Completion Date"}, {"id": 16, "icon": "https://aqarydashboard.blob.core.windows.net/upload/new-facts/ownership.svg", "title": "Ownership"}, {"id": 17, "icon": "https://aqarydashboard.blob.core.windows.net/upload/new-facts/parking.svg", "title": "Parking"}, {"id": 18, "icon": "https://aqarydashboard.blob.core.windows.net/upload/new-facts/plot-area.svg", "title": "Plot Area"}, {"id": 19, "icon": "https://aqarydashboard.blob.core.windows.net/upload/new-facts/price.svg", "title": "Price"}, {"id": 22, "icon": "https://aqarydashboard.blob.core.windows.net/upload/new-facts/service-charges.svg", "title": "Service Charge"}, {"id": 26, "icon": "https://aqarydashboard.blob.core.windows.net/upload/new-facts/type.svg", "title": "Type Name"}, {"id": 29, "icon": "https://aqarydashboard.blob.core.windows.net/upload/new-facts/view.svg", "title": "Views"}, {"id": 45, "icon": "https://aqarydashboard.blob.core.windows.net/upload/new-facts/vat.svg", "title": "Municipality Tax"}, {"id": 47, "icon": "https://aqarydashboard.blob.core.windows.net/upload/new-facts/vat.svg", "title": "Ask Price"}, {"id": 56, "icon": "nil", "title": "owner"}, {"id": 66, "icon": "nil", "title": "unit No."}]}', 1, now(), now(), 1, 'https://aqarydashboard.blob.core.windows.net/upload/types/residential_land.png'),
(14, 'Apartment', 'AP', '{"rent": [{"id": 2, "icon": "https://aqarydashboard.blob.core.windows.net/upload/new-facts/balcony.svg", "title": "Balcony"}, {"id": 3, "icon": "https://aqarydashboard.blob.core.windows.net/upload/new-facts/bedrooms.svg", "title": "Bedroom"}, {"id": 4, "icon": "https://aqarydashboard.blob.core.windows.net/upload/new-facts/build-up-area.svg", "title": "Built Up Area"}, {"id": 10, "icon": "https://aqarydashboard.blob.core.windows.net/upload/new-facts/furnishing.svg", "title": "Furnished"}, {"id": 11, "icon": "https://aqarydashboard.blob.core.windows.net/upload/new-facts/life-style.svg", "title": "Life Style"}, {"id": 17, "icon": "https://aqarydashboard.blob.core.windows.net/upload/new-facts/parking.svg", "title": "Parking"}, {"id": 19, "icon": "https://aqarydashboard.blob.core.windows.net/upload/new-facts/price.svg", "title": "Price"}, {"id": 20, "icon": "https://aqarydashboard.blob.core.windows.net/upload/new-facts/rent-type.svg", "title": "Rent type"}, {"id": 26, "icon": "https://aqarydashboard.blob.core.windows.net/upload/new-facts/type.svg", "title": "Type Name"}, {"id": 29, "icon": "https://aqarydashboard.blob.core.windows.net/upload/new-facts/view.svg", "title": "Views"}, {"id": 33, "icon": "https://aqarydashboard.blob.core.windows.net/upload/new-facts/bathroom.svg", "title": "bathroom"}, {"id": 38, "icon": "https://aqarydashboard.blob.core.windows.net/upload/new-facts/payment.svg", "title": "no of payments"}, {"id": 45, "icon": "https://aqarydashboard.blob.core.windows.net/upload/new-facts/vat.svg", "title": "Municipality Tax"}, {"id": 47, "icon": "https://aqarydashboard.blob.core.windows.net/upload/new-facts/vat.svg", "title": "Ask Price"}, {"id": 54, "icon": "nil", "title": "is leased"}, {"id": 66, "icon": "nil", "title": "unit No."}, {"id": 70, "icon": "nil", "title": "For investment"}], "sale": [{"id": 2, "icon": "https://aqarydashboard.blob.core.windows.net/upload/new-facts/balcony.svg", "title": "Balcony"}, {"id": 3, "icon": "https://aqarydashboard.blob.core.windows.net/upload/new-facts/bedrooms.svg", "title": "Bedroom"}, {"id": 4, "icon": "https://aqarydashboard.blob.core.windows.net/upload/new-facts/build-up-area.svg", "title": "Built Up Area"}, {"id": 6, "icon": "https://aqarydashboard.blob.core.windows.net/upload/new-facts/completion-date.svg", "title": "Completion Date"}, {"id": 10, "icon": "https://aqarydashboard.blob.core.windows.net/upload/new-facts/furnishing.svg", "title": "Furnished"}, {"id": 11, "icon": "https://aqarydashboard.blob.core.windows.net/upload/new-facts/life-style.svg", "title": "Life Style"}, {"id": 16, "icon": "https://aqarydashboard.blob.core.windows.net/upload/new-facts/ownership.svg", "title": "Ownership"}, {"id": 17, "icon": "https://aqarydashboard.blob.core.windows.net/upload/new-facts/parking.svg", "title": "Parking"}, {"id": 19, "icon": "https://aqarydashboard.blob.core.windows.net/upload/new-facts/price.svg", "title": "Price"}, {"id": 22, "icon": "https://aqarydashboard.blob.core.windows.net/upload/new-facts/service-charges.svg", "title": "Service Charge"}, {"id": 26, "icon": "https://aqarydashboard.blob.core.windows.net/upload/new-facts/type.svg", "title": "Type Name"}, {"id": 29, "icon": "https://aqarydashboard.blob.core.windows.net/upload/new-facts/view.svg", "title": "Views"}, {"id": 33, "icon": "https://aqarydashboard.blob.core.windows.net/upload/new-facts/bathroom.svg", "title": "bathroom"}, {"id": 54, "icon": "nil", "title": "is leased"}, {"id": 56, "icon": "nil", "title": "owner"}, {"id": 66, "icon": "nil", "title": "unit No."}, {"id": 67, "icon": "nil", "title": "contract start date"}, {"id": 68, "icon": "nil", "title": "contract End date"}, {"id": 69, "icon": "nil", "title": "amount"}, {"id": 70, "icon": "nil", "title": "For investment"}]}', 1, now(), now(), 1, 'https://aqarydashboard.blob.core.windows.net/upload/types/apartments.png'),
(15, 'Villa', 'VI', '{"rent": [{"id": 2, "icon": "https://aqarydashboard.blob.core.windows.net/upload/new-facts/balcony.svg", "title": "Balcony"}, {"id": 3, "icon": "https://aqarydashboard.blob.core.windows.net/upload/new-facts/bedrooms.svg", "title": "Bedroom"}, {"id": 4, "icon": "https://aqarydashboard.blob.core.windows.net/upload/new-facts/build-up-area.svg", "title": "Built Up Area"}, {"id": 10, "icon": "https://aqarydashboard.blob.core.windows.net/upload/new-facts/furnishing.svg", "title": "Furnished"}, {"id": 11, "icon": "https://aqarydashboard.blob.core.windows.net/upload/new-facts/life-style.svg", "title": "Life Style"}, {"id": 17, "icon": "https://aqarydashboard.blob.core.windows.net/upload/new-facts/parking.svg", "title": "Parking"}, {"id": 18, "icon": "https://aqarydashboard.blob.core.windows.net/upload/new-facts/plot-area.svg", "title": "Plot Area"}, {"id": 19, "icon": "https://aqarydashboard.blob.core.windows.net/upload/new-facts/price.svg", "title": "Price"}, {"id": 20, "icon": "https://aqarydashboard.blob.core.windows.net/upload/new-facts/rent-type.svg", "title": "Rent type"}, {"id": 26, "icon": "https://aqarydashboard.blob.core.windows.net/upload/new-facts/type.svg", "title": "Type Name"}, {"id": 29, "icon": "https://aqarydashboard.blob.core.windows.net/upload/new-facts/view.svg", "title": "Views"}, {"id": 33, "icon": "https://aqarydashboard.blob.core.windows.net/upload/new-facts/bathroom.svg", "title": "bathroom"}, {"id": 38, "icon": "https://aqarydashboard.blob.core.windows.net/upload/new-facts/payment.svg", "title": "no of payments"}, {"id": 45, "icon": "https://aqarydashboard.blob.core.windows.net/upload/new-facts/vat.svg", "title": "Municipality Tax"}, {"id": 47, "icon": "https://aqarydashboard.blob.core.windows.net/upload/new-facts/vat.svg", "title": "Ask Price"}, {"id": 66, "icon": "nil", "title": "unit No."}, {"id": 70, "icon": "nil", "title": "For investment"}], "sale": [{"id": 2, "icon": "https://aqarydashboard.blob.core.windows.net/upload/new-facts/balcony.svg", "title": "Balcony"}, {"id": 3, "icon": "https://aqarydashboard.blob.core.windows.net/upload/new-facts/bedrooms.svg", "title": "Bedroom"}, {"id": 4, "icon": "https://aqarydashboard.blob.core.windows.net/upload/new-facts/build-up-area.svg", "title": "Built Up Area"}, {"id": 6, "icon": "https://aqarydashboard.blob.core.windows.net/upload/new-facts/completion-date.svg", "title": "Completion Date"}, {"id": 10, "icon": "https://aqarydashboard.blob.core.windows.net/upload/new-facts/furnishing.svg", "title": "Furnished"}, {"id": 11, "icon": "https://aqarydashboard.blob.core.windows.net/upload/new-facts/life-style.svg", "title": "Life Style"}, {"id": 16, "icon": "https://aqarydashboard.blob.core.windows.net/upload/new-facts/ownership.svg", "title": "Ownership"}, {"id": 17, "icon": "https://aqarydashboard.blob.core.windows.net/upload/new-facts/parking.svg", "title": "Parking"}, {"id": 18, "icon": "https://aqarydashboard.blob.core.windows.net/upload/new-facts/plot-area.svg", "title": "Plot Area"}, {"id": 19, "icon": "https://aqarydashboard.blob.core.windows.net/upload/new-facts/price.svg", "title": "Price"}, {"id": 22, "icon": "https://aqarydashboard.blob.core.windows.net/upload/new-facts/service-charges.svg", "title": "Service Charge"}, {"id": 26, "icon": "https://aqarydashboard.blob.core.windows.net/upload/new-facts/type.svg", "title": "Type Name"}, {"id": 29, "icon": "https://aqarydashboard.blob.core.windows.net/upload/new-facts/view.svg", "title": "Views"}, {"id": 33, "icon": "https://aqarydashboard.blob.core.windows.net/upload/new-facts/bathroom.svg", "title": "bathroom"}, {"id": 39, "icon": "https://aqarydashboard.blob.core.windows.net/upload/new-facts/status.svg", "title": "status"}, {"id": 45, "icon": "https://aqarydashboard.blob.core.windows.net/upload/new-facts/vat.svg", "title": "Municipality Tax"}, {"id": 54, "icon": "nil", "title": "is leased"}, {"id": 56, "icon": "nil", "title": "owner"}, {"id": 66, "icon": "nil", "title": "unit No."}, {"id": 67, "icon": "nil", "title": "contract start date"}, {"id": 68, "icon": "nil", "title": "contract End date"}, {"id": 69, "icon": "nil", "title": "amount"}, {"id": 70, "icon": "nil", "title": "For investment"}]}', 1, now(), now(), 1, 'https://aqarydashboard.blob.core.windows.net/upload/types/villas.png'),
(16, 'PentHouse', 'PH', '{"rent": [{"id": 2, "icon": "https://aqarydashboard.blob.core.windows.net/upload/new-facts/balcony.svg", "title": "Balcony"}, {"id": 3, "icon": "https://aqarydashboard.blob.core.windows.net/upload/new-facts/bedrooms.svg", "title": "Bedroom"}, {"id": 4, "icon": "https://aqarydashboard.blob.core.windows.net/upload/new-facts/build-up-area.svg", "title": "Built Up Area"}, {"id": 10, "icon": "https://aqarydashboard.blob.core.windows.net/upload/new-facts/furnishing.svg", "title": "Furnished"}, {"id": 11, "icon": "https://aqarydashboard.blob.core.windows.net/upload/new-facts/life-style.svg", "title": "Life Style"}, {"id": 17, "icon": "https://aqarydashboard.blob.core.windows.net/upload/new-facts/parking.svg", "title": "Parking"}, {"id": 19, "icon": "https://aqarydashboard.blob.core.windows.net/upload/new-facts/price.svg", "title": "Price"}, {"id": 20, "icon": "https://aqarydashboard.blob.core.windows.net/upload/new-facts/rent-type.svg", "title": "Rent type"}, {"id": 26, "icon": "https://aqarydashboard.blob.core.windows.net/upload/new-facts/type.svg", "title": "Type Name"}, {"id": 29, "icon": "https://aqarydashboard.blob.core.windows.net/upload/new-facts/view.svg", "title": "Views"}, {"id": 33, "icon": "https://aqarydashboard.blob.core.windows.net/upload/new-facts/bathroom.svg", "title": "bathroom"}, {"id": 38, "icon": "https://aqarydashboard.blob.core.windows.net/upload/new-facts/payment.svg", "title": "no of payments"}, {"id": 45, "icon": "https://aqarydashboard.blob.core.windows.net/upload/new-facts/vat.svg", "title": "Municipality Tax"}, {"id": 47, "icon": "https://aqarydashboard.blob.core.windows.net/upload/new-facts/vat.svg", "title": "Ask Price"}, {"id": 54, "icon": "nil", "title": "is leased"}, {"id": 66, "icon": "nil", "title": "unit No."}, {"id": 70, "icon": "nil", "title": "For investment"}], "sale": [{"id": 2, "icon": "https://aqarydashboard.blob.core.windows.net/upload/new-facts/balcony.svg", "title": "Balcony"}, {"id": 3, "icon": "https://aqarydashboard.blob.core.windows.net/upload/new-facts/bedrooms.svg", "title": "Bedroom"}, {"id": 4, "icon": "https://aqarydashboard.blob.core.windows.net/upload/new-facts/build-up-area.svg", "title": "Built Up Area"}, {"id": 6, "icon": "https://aqarydashboard.blob.core.windows.net/upload/new-facts/completion-date.svg", "title": "Completion Date"}, {"id": 10, "icon": "https://aqarydashboard.blob.core.windows.net/upload/new-facts/furnishing.svg", "title": "Furnished"}, {"id": 11, "icon": "https://aqarydashboard.blob.core.windows.net/upload/new-facts/life-style.svg", "title": "Life Style"}, {"id": 16, "icon": "https://aqarydashboard.blob.core.windows.net/upload/new-facts/ownership.svg", "title": "Ownership"}, {"id": 17, "icon": "https://aqarydashboard.blob.core.windows.net/upload/new-facts/parking.svg", "title": "Parking"}, {"id": 19, "icon": "https://aqarydashboard.blob.core.windows.net/upload/new-facts/price.svg", "title": "Price"}, {"id": 22, "icon": "https://aqarydashboard.blob.core.windows.net/upload/new-facts/service-charges.svg", "title": "Service Charge"}, {"id": 29, "icon": "https://aqarydashboard.blob.core.windows.net/upload/new-facts/view.svg", "title": "Views"}, {"id": 33, "icon": "https://aqarydashboard.blob.core.windows.net/upload/new-facts/bathroom.svg", "title": "bathroom"}, {"id": 43, "icon": "https://aqarydashboard.blob.core.windows.net/upload/new-facts/status.svg", "title": "Completion Status"}, {"id": 45, "icon": "https://aqarydashboard.blob.core.windows.net/upload/new-facts/vat.svg", "title": "Municipality Tax"}, {"id": 47, "icon": "https://aqarydashboard.blob.core.windows.net/upload/new-facts/vat.svg", "title": "Ask Price"}, {"id": 48, "icon": "nil", "title": "Start Date"}, {"id": 50, "icon": "nil", "title": "Handover Date"}, {"id": 56, "icon": "nil", "title": "owner"}]}', 1, now(), now(), 1, 'https://aqarydashboard.blob.core.windows.net/upload/types/penthouse.png'),
(17, 'TownHouse', 'TH', '{"rent": [{"id": 2, "icon": "https://aqarydashboard.blob.core.windows.net/upload/new-facts/balcony.svg", "title": "Balcony"}, {"id": 3, "icon": "https://aqarydashboard.blob.core.windows.net/upload/new-facts/bedrooms.svg", "title": "Bedroom"}, {"id": 4, "icon": "https://aqarydashboard.blob.core.windows.net/upload/new-facts/build-up-area.svg", "title": "Built Up Area"}, {"id": 10, "icon": "https://aqarydashboard.blob.core.windows.net/upload/new-facts/furnishing.svg", "title": "Furnished"}, {"id": 11, "icon": "https://aqarydashboard.blob.core.windows.net/upload/new-facts/life-style.svg", "title": "Life Style"}, {"id": 17, "icon": "https://aqarydashboard.blob.core.windows.net/upload/new-facts/parking.svg", "title": "Parking"}, {"id": 18, "icon": "https://aqarydashboard.blob.core.windows.net/upload/new-facts/plot-area.svg", "title": "Plot Area"}, {"id": 19, "icon": "https://aqarydashboard.blob.core.windows.net/upload/new-facts/price.svg", "title": "Price"}, {"id": 20, "icon": "https://aqarydashboard.blob.core.windows.net/upload/new-facts/rent-type.svg", "title": "Rent type"}, {"id": 26, "icon": "https://aqarydashboard.blob.core.windows.net/upload/new-facts/type.svg", "title": "Type Name"}, {"id": 29, "icon": "https://aqarydashboard.blob.core.windows.net/upload/new-facts/view.svg", "title": "Views"}, {"id": 33, "icon": "https://aqarydashboard.blob.core.windows.net/upload/new-facts/bathroom.svg", "title": "bathroom"}, {"id": 38, "icon": "https://aqarydashboard.blob.core.windows.net/upload/new-facts/payment.svg", "title": "no of payments"}, {"id": 45, "icon": "https://aqarydashboard.blob.core.windows.net/upload/new-facts/vat.svg", "title": "Municipality Tax"}, {"id": 47, "icon": "https://aqarydashboard.blob.core.windows.net/upload/new-facts/vat.svg", "title": "Ask Price"}, {"id": 66, "icon": "nil", "title": "unit No."}, {"id": 70, "icon": "nil", "title": "For investment"}], "sale": [{"id": 2, "icon": "https://aqarydashboard.blob.core.windows.net/upload/new-facts/balcony.svg", "title": "Balcony"}, {"id": 3, "icon": "https://aqarydashboard.blob.core.windows.net/upload/new-facts/bedrooms.svg", "title": "Bedroom"}, {"id": 4, "icon": "https://aqarydashboard.blob.core.windows.net/upload/new-facts/build-up-area.svg", "title": "Built Up Area"}, {"id": 10, "icon": "https://aqarydashboard.blob.core.windows.net/upload/new-facts/furnishing.svg", "title": "Furnished"}, {"id": 16, "icon": "https://aqarydashboard.blob.core.windows.net/upload/new-facts/ownership.svg", "title": "Ownership"}, {"id": 17, "icon": "https://aqarydashboard.blob.core.windows.net/upload/new-facts/parking.svg", "title": "Parking"}, {"id": 18, "icon": "https://aqarydashboard.blob.core.windows.net/upload/new-facts/plot-area.svg", "title": "Plot Area"}, {"id": 19, "icon": "https://aqarydashboard.blob.core.windows.net/upload/new-facts/price.svg", "title": "Price"}, {"id": 22, "icon": "https://aqarydashboard.blob.core.windows.net/upload/new-facts/service-charges.svg", "title": "Service Charge"}, {"id": 29, "icon": "https://aqarydashboard.blob.core.windows.net/upload/new-facts/view.svg", "title": "Views"}, {"id": 33, "icon": "https://aqarydashboard.blob.core.windows.net/upload/new-facts/bathroom.svg", "title": "bathroom"}, {"id": 45, "icon": "https://aqarydashboard.blob.core.windows.net/upload/new-facts/vat.svg", "title": "Municipality Tax"}, {"id": 47, "icon": "https://aqarydashboard.blob.core.windows.net/upload/new-facts/vat.svg", "title": "Ask Price"}, {"id": 50, "icon": "nil", "title": "Handover Date"}, {"id": 54, "icon": "nil", "title": "is leased"}, {"id": 56, "icon": "nil", "title": "owner"}, {"id": 66, "icon": "nil", "title": "unit No."}, {"id": 67, "icon": "nil", "title": "contract start date"}, {"id": 68, "icon": "nil", "title": "contract End date"}, {"id": 69, "icon": "nil", "title": "amount"}, {"id": 70, "icon": "nil", "title": "For investment"}]}', 1, now(), now(), 1, 'https://aqarydashboard.blob.core.windows.net/upload/types/town_house.png');

SELECT setval('unit_type_id_seq', 17, true); -- Adjust the sequence

INSERT INTO property_type_unit_type (property_type_id,unit_type_id)VALUES
(24,16), (24,14), (24,7), (25,15), (21,3), (21,16), (21,6), (21,1), (21,14),
(16,14), (16,3), (16,6), (16,1), (16,9), (16,8), (16,16), (15,16), (15,14), (15,3), 
(15,6), (15,1), (15,9), (15,8), (18,5), (14,16), (14,15), (14,3), (14,6), (14,1), (14,9),
(14,8), (13,1), (13,9), (13,8), (13,14), (13,16), (13,3), (13,6), (1,7), (1,14), (1,16),
(10,3), (10,6), (10,1), (10,14), (10,16), (9,14), (9,16), (9,3), (9,6), (9,1), (8,11), (7,12), (2,13), (6,13), (4,12), (5,11);

INSERT INTO ranks(id,rank,price,status)VALUES
(1, 'Standard', 0, 1),
(2, 'Featured', 0, 1),
(3, 'Premium', 0, 1),
(4, 'Top Deal', 0, 1);

SELECT setval('ranks_id_seq', 4, true); -- Adjust the sequence


INSERT INTO "views" ("id", "title", "created_at", "updated_at", "icon", "status") VALUES
(1, 'Mangrove', now(), now(), NULL, 1),
(2, 'Partial Mangrove', now(), now(), NULL, 1),
(3, 'Beachss', now(), now(), NULL, 1),
(4, 'Partial Beach', now(), now(), NULL, 1),
(5, 'Canal View', now(), now(), NULL, 1),
(6, 'Partial Canal', now(), now(), NULL, 1),
(7, 'Garden View', now(), now(), NULL, 1),
(8, 'Partial Garden', now(), now(), NULL, 1),
(9, 'Golf Course', now(), now(), NULL, 1),
(10, 'Partial Golf Cours', now(), now(), NULL, 1),
(11, 'Courtyard', now(), now(), NULL, 1),
(12, 'Partial Courtyard', now(), now(), NULL, 1),
(13, 'Sea view', now(), now(), NULL, 1),
(14, 'Partial Sea', now(), now(), NULL, 1),
(15, 'Pool view', now(), now(), NULL, 1),
(16, 'Partial Pool', now(), now(), NULL, 1),
(17, 'Marina', now(), now(), NULL, 1),
(18, 'Partial Marina', now(), now(), NULL, 1),
(19, 'Plaza View', now(), now(), NULL, 1),
(20, 'Partial plaza', now(), now(), NULL, 1),
(21, 'Ferrari World', now(), now(), NULL, 1),
(22, 'Partial Ferrari World', now(), now(), NULL, 1),
(23, 'Lake', now(), now(), NULL, 1),
(24, 'Partial Lake', now(), now(), NULL, 1),
(25, 'Park', now(), now(), NULL, 1),
(26, 'Partial Park', now(), now(), NULL, 1),
(27, 'sea world', now(), now(), NULL, 1),
(28, 'Partial sea world', now(), now(), NULL, 1),
(29, 'Bay view', now(), now(), NULL, 1),
(30, 'Partial Bay view', now(), now(), NULL, 1),
(31, 'Boulevard', now(), now(), NULL, 1),
(32, 'Partial Boulevard', now(), now(), NULL, 1),
(33, 'Burj Dubai', now(), now(), NULL, 1),
(34, 'Partial  Burj Dubai', now(), now(), NULL, 1),
(35, 'Cornish', now(), now(), NULL, 1),
(36, 'Partial Cornish', now(), now(), NULL, 1),
(37, 'Museum view', now(), now(), NULL, 1),
(38, 'Palace', now(), now(), NULL, 1),
(39, 'Shopping Mall', now(), now(), NULL, 1),
(40, 'Arabian Canal', now(), now(), NULL, 1),
(41, 'Island View', now(), now(), NULL, 1),
(42, 'Jumeirah Islands', now(), now(), NULL, 1),
(43, 'Lagoon', now(), now(), NULL, 1),
(44, 'Pedestrian', now(), now(), NULL, 1),
(45, 'Polo Course', now(), now(), NULL, 1),
(46, 'Race Course', now(), now(), NULL, 1),
(47, 'River View', now(), now(), NULL, 1),
(48, 'River side', now(), now(), NULL, 1),
(49, 'Standard B2B', now(), now(), NULL, 1),
(50, 'Standard plot', now(), now(), NULL, 1),
(51, 'Back Canal', now(), now(), NULL, 1),
(52, 'Back corner', now(), now(), NULL, 1),
(53, 'Back Standard', now(), now(), NULL, 1),
(54, 'City View', now(), now(), NULL, 1),
(55, 'Community Centre', now(), now(), NULL, 1),
(56, 'Community view', now(), now(), NULL, 1),
(57, 'Corner', now(), now(), NULL, 1),
(58, 'Main Road', now(), now(), NULL, 1),
(59, 'Road View', now(), now(), NULL, 1),
(60, 'Partial 2 View', now(), now(), NULL, 1),
(61, 'Open Area', now(), now(), NULL, 1),
(62, 'Sikka', now(), now(), NULL, 1),
(63, 'Arena view', now(), now(), NULL, 1),
(64, 'Desert', now(), now(), NULL, 1),
(65, 'Emirates Hills', now(), now(), NULL, 1),
(66, 'Forbidden City', now(), now(), NULL, 1),
(67, 'Fountain', now(), now(), NULL, 1),
(68, 'Green Finger', now(), now(), NULL, 1),
(69, 'Heart', now(), now(), NULL, 1),
(70, 'Highway', now(), now(), NULL, 1),
(71, 'Hotel View', now(), now(), NULL, 1),
(72, 'Saadiyat partial view', now(), now(), NULL, 1),
(73, 'Sheikh Zayed Road', now(), now(), NULL, 1),
(74, 'warner brothers', now(), now(), NULL, 1),
(75, 'Yas park', now(), now(), NULL, 1),
(76, 'Motorway', now(), now(), NULL, 1),
(77, 'Palm Island', now(), now(), NULL, 1),
(78, 'Panoramic', now(), now(), NULL, 1),
(79, 'Zeina', now(), now(), NULL, 1),
(80, 'Burj Al Arab', now(), now(), NULL, 1),
(81, 'Partial Burj Al Arab', now(), now(), NULL, 1),
(82, 'Creek', now(), now(), NULL, 1),
(83, 'Golf Course Full View', now(), now(), NULL, 1),
(84, 'Beach View', now(), now(), NULL, 1),
(85, 'Park view', now(), now(), NULL, 1),
(86, 'Sea Full View', now(), now(), NULL, 1),
(87, 'Full Sea View', now(), now(), NULL, 1),
(88, 'Community View', now(), now(), NULL, 1),
(89, 'Garden', now(), now(), NULL, 1),
(90, 'Partial Sea View', now(), now(), NULL, 1),
(91, 'Marina view', now(), now(), NULL, 1),
(92, 'Partial Lake View', now(), now(), NULL, 1),
(93, 'Marina View', now(), now(), NULL, 1),
(94, 'plaza View', now(), now(), NULL, 1),
(95, 'Partial Canal View', now(), now(), NULL, 1),
(96, 'Canal Full View', now(), now(), NULL, 1),
(97, 'Beach Full View', now(), now(), NULL, 1),
(98, 'Bay View', now(), now(), NULL, 1),
(99, 'Mangrove Full View', now(), now(), NULL, 1),
(100, 'Street View', now(), now(), NULL, 1),
(101, 'Marina Full View', now(), now(), NULL, 1),
(102, 'Park View', now(), now(), NULL, 1),
(103, 'Partial Golf course View', now(), now(), NULL, 1),
(104, 'partial',now(),now(), NULL, 1),
(105, 'Partial',now(),now(), NULL, 1),
(106, 'Garden Full View',now(),now(), NULL, 1),
(107, 'Ferrari World View', now(), now(), NULL, 1),
(108, 'Lake view', now(), now(), NULL, 1),
(109, 'Arena', now(), now(), NULL, 1),
(110, 'Standard Plot', now(), now(), NULL, 1),
(111, 'Road', now(), now(), NULL, 1),
(112, 'Partial Mangrove View', now(), now(), NULL, 1),
(113, 'Building View', now(), now(), NULL, 1),
(114, 'Destination View', now(), now(), NULL, 1),
(115, 'Compound view', now(), now(), NULL, 1),
(116, 'open view', now(), now(), NULL, 1),
(117, 'Green Area View', now(), now(), NULL, 1);

SELECT setval('views_id_seq', 117, true); -- Adjust the sequence


INSERT INTO "section_permission" ("id", "title", "sub_title", "indicator", "created_at", "updated_at") VALUES
(1, 'Analytics', '', 0, now(), now()),
(2, 'Projects', '', 0, now(), now()),
(3, 'Property Hub', '', 0, now(), now()),
(4, 'Units', '', 0, now(), now()),
(5, 'Companies', '', 0, now(), now()),
(6, 'Company Users', '', 0, now(), now()),
(7, 'Management', '', 0, now(), now()),
(8, 'Swap', '', 0, now(), now()),
(9, 'Agriculture', '', 0, now(), now()),
(10, 'Industrial', '', 0, now(), now()),
(11, 'Networks', '', 0, now(), now()),
(12, 'Luxury Properties', '', 0, now(), now()),
(13, 'Luxury Units', '', 0, now(), now()),
(14, 'Exhibitions', '', 0, now(), now()),
(15, 'Auction', '', 0, now(), now()),
(16, 'Holiday Homes', '', 0, now(), now()),
(17, 'Hotel Booking', '', 0, now(), now()),
(18, 'Leads  Contacts', '', 0, now(), now()),
(19, 'Blogs', '', 0, now(), now()),
(20, 'Aqary Admin', '', 0, now(), now()),
(21, 'Services', '', 0, now(), now()),
(22, 'Careers', '', 0, now(), now()),
(23, 'Community Guide', '', 0, now(), now()),
(24, 'Settings', '', 0, now(), now());

SELECT setval('section_permission_id_seq', 24, true); -- Adjust the sequence

REFRESH MATERIALIZED VIEW section_permission_mv;

INSERT INTO "permissions" ("id", "title", "sub_title", "indicator", "section_permission_id", "created_at", "updated_at") VALUES
(300, 'Statistics', 'Analytics', 0, 1, now(), now()),
(301, 'Calendar', 'Analytics', 0, 1, now(), now()),
(302, 'Add Projects', 'Projects', 0, 2, now(), now()),
(303, 'Local Projects', 'Projects', 0, 2, now(), now()),
(304, 'International Projects', 'Projects', 0, 2, now(), now()),
(305, 'Shared Projects', 'Projects', 0, 2, now(), now()),
(306, 'Published Projects', 'Projects', 0, 2, now(), now()),
(307, 'Blocked Projects', 'Projects', 0, 2, now(), now()),
(308, 'Deleted Projects', 'Projects', 0, 2, now(), now()),
(309, 'Promotional List', 'Projects', 0, 2, now(), now()),
(310, 'Promotions', 'Projects', 0, 2, now(), now()),
(311, 'Financial Provider', 'Projects', 0, 2, now(), now()),
(313, 'Shared with me', 'Projects', 0, 2, now(), now()),
(314, 'Manage Requests', 'Projects', 0, 2, now(), now()),
(315, 'History', 'Projects', 0, 2,now(), now()),
(316, 'Add Property', 'Property Hub', 0, 3, now(), now()),
(317, 'Local Properties', 'Property Hub', 0, 3, now(), now()),
(318, 'International Properties', 'Property Hub', 0, 3, now(), now()),
(319, 'Shared Properties', 'Property Hub', 0, 3, now(), now()),
(320, 'Manage Requests', 'Property Hub', 0, 3,now(), now()),
(322, 'Published Properties', 'Property Hub', 0, 3, now(), now()),
(323, 'Shared with me', 'Property Hub', 0, 3, now(), now()),
(324, 'Deleted Properties', 'Property Hub', 0, 3, now(), now()),
(325, 'Blocked Properties', 'Property Hub', 0, 3, now(), now()),
(326, 'History', 'Property Hub', 0, 3, now(), now()),
(327, 'Add Units', 'Units', 0, 4, now(), now()),
(328, 'Local Units', 'Units', 0, 4, now(), now()),
(329, 'International Units', 'Units', 0, 4, now(), now()),
(330, 'Shared', 'Units', 0, 4, now(), now()),
(331, 'Published', 'Units', 0, 4, now(), now()),
(332, 'Shared with me', 'Units', 0, 4, now(), now()),
(333, 'Rejected Units', 'Units', 0, 4, now(), now()),
(334, 'Deleted Units', 'Units', 0, 4, now(), now()),
(335, 'History', 'Units', 0, 4, now(), now()),
(336, 'Add Company', 'Companies', 0, 5, now(), now()),
(337, 'Local Companies', 'Companies', 0, 5, now(), now()),
(338, 'International Companies', 'Companies', 0, 5, now(), now()),
(339, 'Blocked Companies', 'Companies', 0, 5, now(), now()),
(340, 'Deleted Companies', 'Companies', 0, 5, now(), now()),
(341, 'History', 'Companies', 0, 5, now(), now()),
(343, 'Manage Users', 'Company Users', 0, 6, now(), now()),
(344, 'Manage Deleted Users', 'Company Users', 0, 6, now(), now()),
(346, 'History', 'Company Users', 0, 6, now(), now()),
(347, 'Manage Blocked Users', 'Company Users', 0, 6, now(), now()),
(348, 'Manage Departments', 'Management', 0, 7, now(), now()),
(349, 'Add User', 'Management', 0, 7, now(), now()),
(350, 'Manage Permissions', 'Management', 0, 7, now(), now()),
(351, 'Manage Deleted Users', 'Management', 0, 7, now(), now()),
(352, 'History', 'Management', 0, 7, now(), now()),
(353, 'Local Swap', 'Swap', 0, 8, now(), now()),
(354, 'International Swap', 'Swap', 0, 8, now(), now()),
(355, 'Offers', 'Swap', 0, 8, now(), now()),
(356, 'Manage Offers Categories', 'Swap', 0, 8, now(), now()),
(357, 'Shared', 'Swap', 0, 8, now(), now()),
(358, 'Published', 'Swap', 0, 8, now(), now()),
(359, 'Shared with me', 'Swap', 0, 8, now(), now()),
(360, 'Deleted Property', 'Swap', 0, 8, now(), now()),
(361, 'Blocked Property', 'Swap', 0, 8, now(), now()),
(362, 'History', 'Swap', 0, 8, now(), now()),
(363, 'Add Property', 'Agriculture', 0, 9, now(), now()),
(364, 'Local Properties', 'Agriculture', 0, 9, now(), now()),
(365, 'International Properties', 'Agriculture', 0, 9, now(), now()),
(366, 'Shared Properties', 'Agriculture', 0, 9, now(), now()),
(367, 'Published Properties', 'Agriculture', 0, 9, now(), now()),
(368, 'Shared with me', 'Agriculture', 0, 9, now(), now()),
(369, 'Deleted Properties', 'Agriculture', 0, 9, now(), now()),
(370, 'History', 'Agriculture', 0, 9, now(), now()),
(371, 'Add Property', 'Industrial', 0, 10, now(), now()),
(372, 'Local Properties', 'Industrial', 0, 10, now(), now()),
(373, 'International Properties', 'Industrial', 0, 10, now(), now()),
(374, 'Shared Properties', 'Industrial', 0, 10, now(), now()),
(375, 'Published Properties', 'Industrial', 0, 10, now(), now()),
(376, 'Shared with me', 'Industrial', 0, 10, now(), now()),
(377, 'Deleted Properties', 'Industrial', 0, 10, now(), now()),
(378, 'Blocked Properties', 'Industrial', 0, 10, now(), now()),
(379, 'History', 'Industrial', 0, 10, now(), now()),
(380, 'Add Post', 'Networks', 0, 11, now(), now()),
(381, 'Manage Post', 'Networks', 0, 11, now(), now()),
(382, 'Connection Request', 'Networks', 0, 11, now(), now()),
(383, 'My Connection', 'Networks', 0, 11, now(), now()),
(384, 'Followers', 'Networks', 0, 11, now(), now()),
(385, 'Followings', 'Networks', 0, 11, now(), now()),
(386, 'Block Connection', 'Networks', 0, 11, now(), now()),
(387, 'Social Connection Setting', 'Networks', 0, 11, now(), now()),
(388, 'Web Portals', 'Settings', 0, 24, now(), now()),
(389, 'XML Feeds', 'Settings', 0, 24, now(), now()),
(390, 'Ameinities', 'Settings', 0, 24, now(), now()),
(391, 'Facilities', 'Settings', 0, 24, now(), now()),
(395, 'Tax Management', 'Settings', 0, 24, now(), now()),
(392, 'Image Categories', 'Settings', 0, 24, now(), now()),
(393, 'Document Categories', 'Settings', 0, 24, now(), now()),
(397, 'Activities', 'Settings', 0, 24, now(), now()),
(394, 'International Contents', 'Settings', 0, 24, now(), now()),
(396, 'Subscriptions', 'Settings', 0, 24, now(), now()),
(398, 'Add Community Guide', 'Community Guide', 0, 23, now(), now()),
(399, 'Manage Community Guide', 'Community Guide', 0, 23, now(), now()),
(400, 'Tower Images', 'Community Guide', 0, 23, now(), now()),
(401, 'Change Community Publish Status', 'Community Guide', 0, 23, now(), now()),
(403, 'Change Tower Status', 'Community Guide', 0, 23, now(), now()),
(405, 'Add Job', 'Careers', 0, 22, now(), now()),
(406, 'Manage Jobs', 'Careers', 0, 22, now(), now()),
(407, 'Categories', 'Careers', 0, 22, now(), now()),
(408, 'Benefits', 'Careers', 0, 22, now(), now()),
(409, 'Articles', 'Careers', 0, 22, now(), now()),
(410, 'Deleted Careers', 'Careers', 0, 22, now(), now()),
(411, 'History', 'Careers', 0, 22, now(), now()),
(412, 'Add Services', 'Services', 0, 21, now(), now()),
(413, 'Manage Services', 'Services', 0, 21, now(), now()),
(414, 'Services Promotion', 'Services', 0, 21, now(), now()),
(415, 'Published Services', 'Services', 0, 21, now(), now()),
(416, 'Deleted Services', 'Services', 0, 21, now(), now()),
(417, 'History', 'Services', 0, 21, now(), now()),
(418, 'Company Permissions', 'Aqary Admin', 0, 20, now(), now()),
(419, 'Ranking', 'Aqary Admin', 0, 20, now(), now()),
(420, 'Subscription Orders', 'Aqary Admin', 0, 20, now(), now());
INSERT INTO "permissions" ("id", "title", "sub_title", "indicator", "section_permission_id", "created_at", "updated_at") VALUES
(421, 'Biling Managements', 'Aqary Admin', 0, 20, now(), now()),
(422, 'Rejections', 'Aqary Admin', 0, 20, now(), now()),
(423, 'Add Blogs', 'Blogs', 0, 19, now(), now()),
(424, 'Manage Blogs', 'Blogs', 0, 19, now(), now()),
(425, 'Categories', 'Blogs', 0, 19, now(), now()),
(426, 'Deleted Blogs', 'Blogs', 0, 19, now(), now()),
(427, 'Activities', 'Blogs', 0, 19, now(), now()),
(428, 'Updation going on', 'Leads  Contacts', 0, 18, now(), now()),
(429, 'Add Property', 'Hotel Booking', 0, 17, now(), now()),
(430, 'Local Booking', 'Hotel Booking', 0, 17, now(), now()),
(431, 'International Booking', 'Hotel Booking', 0, 17, now(), now()),
(432, 'Manage Categories', 'Hotel Booking', 0, 17, now(), now()),
(433, 'Manage Room Type', 'Hotel Booking', 0, 17, now(), now()),
(434, 'Manage Portals', 'Hotel Booking', 0, 17, now(), now()),
(435, 'Deleted Properties', 'Hotel Booking', 0, 17, now(), now()),
(436, 'History', 'Hotel Booking', 0, 17, now(), now()),
(437, 'Add Property', 'Luxury Properties', 0, 12, now(), now()),
(438, 'Local Properties', 'Luxury Properties', 0, 12, now(), now()),
(439, 'International Properties', 'Luxury Properties', 0, 12, now(), now()),
(440, 'Shared Properties', 'Luxury Properties', 0, 12, now(), now()),
(441, 'Manage Requests', 'Luxury Properties', 0, 12, now(), now()),
(442, 'Published Properties', 'Luxury Properties', 0, 12, now(), now()),
(443, 'Shared with me', 'Luxury Properties', 0, 12, now(), now()),
(444, 'Deleted Properties', 'Luxury Properties', 0, 12, now(), now()),
(445, 'Blocked Properties', 'Luxury Properties', 0, 12, now(), now()),
(446, 'History', 'Luxury Properties', 0, 12, now(), now()),
(447, 'Add Units', 'Luxury Units', 0, 13, now(), now()),
(448, 'Local Units', 'Luxury Units', 0, 13, now(), now()),
(449, 'International Units', 'Luxury Units', 0, 13, now(), now()),
(450, 'Shared', 'Luxury Units', 0, 13, now(), now()),
(451, 'Published', 'Luxury Units', 0, 13, now(), now()),
(452, 'Shared with me', 'Luxury Units', 0, 13, now(), now()),
(453, 'Rejected Units', 'Luxury Units', 0, 13, now(), now()),
(454, 'Deleted Units', 'Luxury Units', 0, 13, now(), now()),
(455, 'History', 'Luxury Units', 0, 13, now(), now()),
(456, 'Add Exhibitions', 'Exhibitions', 0, 14, now(), now()),
(457, 'Local Exhibitions', 'Exhibitions', 0, 14, now(), now()),
(458, 'International Exhibitions', 'Exhibitions', 0, 14, now(), now()),
(459, 'Mange Clients', 'Exhibitions', 0, 14, now(), now()),
(460, 'Manage Exhibition Services', 'Exhibitions', 0, 14, now(), now()),
(462, 'Local Auction', 'Auction', 0, 15, now(), now()),
(463, 'International Auction', 'Auction', 0, 15, now(), now()),
(464, 'Auction Users', 'Auction', 0, 15, now(), now()),
(465, 'Manage Partners', 'Auction', 0, 15, now(), now()),
(466, 'Auction FAQs', 'Auction', 0, 15, now(), now()),
(467, 'Add Holiday Homes', 'Holiday Homes', 0, 16, now(), now()),
(468, 'Local Holiday Homes', 'Holiday Homes', 0, 16, now(), now()),
(469, 'International Holiday Homes', 'Holiday Homes', 0, 16, now(), now()),
(470, 'Package Inclusions', 'Holiday Homes', 0, 16, now(), now()),
(471, 'Manage Portals', 'Holiday Homes', 0, 16, now(), now()),
(472, 'Manage Categories', 'Holiday Homes', 0, 16, now(), now()),
(473, 'Deleted Holiday Homes', 'Holiday Homes', 0, 16, now(), now()),
(474, 'History', 'Holiday Homes', 0, 16, now(), now()),
(475, 'Manage Users', 'Management', 0, 7,now(), now()),
(476, 'History', 'Networks', 0, 11, now(), now()),
(477, 'Deleted Auctions', 'Auction', 0, 15, now(), now()),
(478, 'History', 'Auction', 0, 15, now(), now()),
(479, 'History', 'Blogs', 0, 19, now(), now()),
(480, 'History', 'Community Guide', 0, 23, now(), now()),
(481, 'History', 'Settings', 0, 24, now(), now()),
(482, 'Add User', 'Company Users', 0, 6, now(), now()),
(483, 'Manage Users', 'Company Users', 0, 6, now(), now()),
(484, 'Manage Deleted Users', 'Company Users', 0, 6, now(), now()),
(485, 'Manage Blocked Users', 'Company Users', 0, 6, now(), now()),
(486, 'History', 'Company Users', 0, 6, now(), now()),
(487, 'Add ', 'Projects', 0, 2, now(), now());

SELECT setval('permissions_id_seq', 487, true); -- Adjust the sequence

REFRESH MATERIALIZED VIEW permissions_mv;


INSERT INTO "sub_section" ("id", "sub_section_name", "sub_section_name_constant", "permissions_id", "indicator", "sub_section_button_id", "sub_section_button_action", "created_at", "updated_at") VALUES
(1301, 'View', 'undefined', 303, 0, 303, '', now(), now());
INSERT INTO "sub_section" ("id", "sub_section_name", "sub_section_name_constant", "permissions_id", "indicator", "sub_section_button_id", "sub_section_button_action", "created_at", "updated_at") VALUES
(1302, 'Edit', 'undefined', 303, 0, 303, '', now(), now());
INSERT INTO "sub_section" ("id", "sub_section_name", "sub_section_name_constant", "permissions_id", "indicator", "sub_section_button_id", "sub_section_button_action", "created_at", "updated_at") VALUES
(1303, 'Share', 'undefined', 303, 0, 303, '', now(), now());
INSERT INTO "sub_section" ("id", "sub_section_name", "sub_section_name_constant", "permissions_id", "indicator", "sub_section_button_id", "sub_section_button_action", "created_at", "updated_at") VALUES
(1304, 'Publish', 'undefined', 303, 0, 303, '', now(), now()),
(1305, 'Delete', 'undefined', 303, 0, 303, '', now(), now()),
(1306, 'Listing Properties', 'undefined', 303, 0, 303, '', now(), now()),
(1307, 'Manage Plan', 'undefined', 303, 0, 303, '', now(), now()),
(1308, 'Promotions', 'undefined', 303, 0, 303, '', now(), now()),
(1309, 'Gallery', 'undefined', 303, 0, 303, '', now(), now()),
(1311, 'Financial Providers', 'undefined', 303, 0, 303, '', now(), now()),
(1312, 'Exclusive', 'undefined', 303, 0, 303, '', now(), now()),
(1313, 'View', 'undefined', 304, 0, 304, '', now(), now()),
(1314, 'Edit', 'undefined', 304, 0, 304, '', now(), now()),
(1315, 'Share', 'undefined', 304, 0, 304, '', now(), now()),
(1316, 'Publish', 'undefined', 304, 0, 304, '', now(), now()),
(1317, 'Delete', 'undefined', 304, 0, 304, '', now(), now()),
(1318, 'Listing Properties', 'undefined', 304, 0, 304, '', now(), now()),
(1319, 'Manage Plan', 'undefined', 304, 0, 304, '', now(), now()),
(1320, 'Add to Promotions', 'undefined', 304, 0, 304, '', now(), now()),
(1322, 'Documents', 'undefined', 304, 0, 304, '', now(), now()),
(1323, 'Financial Providers', 'undefined', 304, 0, 304, '', now(), now()),
(1324, 'View', 'undefined', 305, 0, 305, '', now(), now()),
(1325, 'Unshare', 'undefined', 305, 0, 305, '', now(), now()),
(1326, ' Unpublish', 'undefined', 305, 0, 305, '', now(), now()),
(1327, 'Internal Share', 'undefined', 305, 0, 305, '', now(), now()),
(1328, 'Local Share', 'undefined', 305, 0, 305, '', now(), now()),
(1329, 'International Share', 'undefined', 305, 0, 305, '', now(), now()),
(1330, 'View', 'undefined', 306, 0, 306, '', now(), now()),
(1331, 'Unshare', 'undefined', 305, 0, 305, '', now(), now()),
(1332, 'Unpublish', 'undefined', 306, 0, 306, '', now(), now()),
(1333, 'Social Media', 'undefined', 306, 0, 306, '', now(), now()),
(1334, 'Web Portals', 'undefined', 306, 0, 306, '', now(), now()),
(1335, 'Unblock', 'undefined', 307, 0, 307, '', now(), now()),
(1336, 'Restore', 'undefined', 308, 0, 308, '', now(), now()),
(1337, 'Edit', 'undefined', 309, 0, 309, '', now(), now()),
(1338, 'Delete', 'undefined', 309, 0, 309, '', now(), now()),
(1339, 'Add Promotion Type', 'undefined', 310, 0, 310, '', now(), now()),
(1340, 'Delete', 'undefined', 310, 0, 310, '', now(), now()),
(1341, 'Add Financial Providers', 'undefined', 311, 0, 311, '', now(), now()),
(1342, 'Delete', 'undefined', 311, 0, 311, '', now(), now()),
(1343, 'View', 'undefined', 313, 0, 313, '', now(), now()),
(1344, 'Publish', 'undefined', 313, 0, 313, '', now(), now()),
(1345, 'View Documents', 'undefined', 313, 0, 313, '', now(), now()),
(1346, 'View Documents', 'undefined', 313, 0, 313, '', now(), now()),
(1347, 'Approve', 'undefined', 314, 0, 314, '', now(), now()),
(1348, 'Reject', 'undefined', 314, 0, 314, '', now(), now()),
(1349, 'Manage', 'undefined', 314, 0, 314, '', now(), now()),
(1350, 'Activities', 'undefined', 315, 0, 315, '', now(), now()),
(1352, 'Add Property', 'undefined', 317, 0, 317, '', now(), now()),
(1353, 'View', 'undefined', 317, 0, 317, '', now(), now()),
(1354, 'Edit', 'undefined', 317, 0, 317, '', now(), now()),
(1355, 'Share', 'undefined', 317, 0, 317, '', now(), now()),
(1356, 'Publish', 'undefined', 317, 0, 317, '', now(), now()),
(1357, 'Delete', 'undefined', 317, 0, 317, '', now(), now()),
(1358, 'Manage Plan', 'undefined', 317, 0, 317, '', now(), now()),
(1359, 'Manage Unit Types', 'undefined', 317, 0, 317, '', now(), now()),
(1360, 'Manage Units', 'undefined', 317, 0, 317, '', now(), now()),
(1361, 'Payment Plan', 'undefined', 317, 0, 317, '', now(), now()),
(1362, 'Gallery', 'undefined', 317, 0, 317, '', now(), now()),
(1363, 'Documents', 'undefined', 317, 0, 317, '', now(), now()),
(1364, 'Add Property', 'undefined', 318, 0, 318, '', now(), now()),
(1365, 'View', 'undefined', 318, 0, 318, '', now(), now()),
(1366, 'Edit', 'undefined', 318, 0, 318, '', now(), now()),
(1367, 'Share', 'undefined', 318, 0, 318, '', now(), now()),
(1368, 'Publish', 'undefined', 318, 0, 318, '', now(), now()),
(1369, 'Delete', 'undefined', 318, 0, 318, '', now(), now()),
(1370, 'Manage Plan', 'undefined', 318, 0, 318, '', now(), now()),
(1371, 'Manage Unit Types', 'undefined', 318, 0, 318, '', now(), now()),
(1372, 'Manage Units', 'undefined', 318, 0, 318, '', now(), now()),
(1373, 'Payment Plan', 'undefined', 318, 0, 318, '', now(), now()),
(1374, 'Gallery', 'undefined', 318, 0, 318, '', now(), now()),
(1375, 'Documents', 'undefined', 318, 0, 318, '', now(), now()),
(1376, 'View', 'undefined', 319, 0, 319, '', now(), now()),
(1377, 'Unshare', 'undefined', 319, 0, 319, '', now(), now()),
(1378, 'Unpublish', 'undefined', 319, 0, 319, '', now(), now()),
(1379, 'Internal Share', 'undefined', 319, 0, 319, '', now(), now()),
(1380, 'Local Share', 'undefined', 319, 0, 319, '', now(), now()),
(1381, 'International Share', 'undefined', 319, 0, 319, '', now(), now()),
(1383, 'Manage', 'undefined', 320, 0, 320, '', now(), now()),
(1384, 'View', 'undefined', 322, 0, 322, '', now(), now()),
(1385, 'Unshare', 'undefined', 322, 0, 322, '', now(), now()),
(1386, 'Unpublish', 'undefined', 322, 0, 322, '', now(), now()),
(1387, 'Social Media', 'undefined', 322, 0, 322, '', now(), now()),
(1388, 'Web Portals', 'undefined', 322, 0, 322, '', now(), now()),
(1389, 'Duplicate', 'undefined', 323, 0, 323, '', now(), now()),
(1391, 'Restore', 'undefined', 324, 0, 324, '', now(), now()),
(1392, 'Gallery', 'undefined', 323, 0, 323, '', now(), now()),
(1393, 'Restore Documents', 'undefined', 324, 0, 324, '', now(), now()),
(1394, 'Unblock', 'undefined', 325, 0, 325, '', now(), now()),
(1395, 'Add Unit', 'undefined', 328, 0, 328, '', now(), now()),
(1396, 'View', 'undefined', 328, 0, 328, '', now(), now()),
(1397, 'Edit', 'undefined', 328, 0, 328, '', now(), now()),
(1398, 'Share', 'undefined', 328, 0, 328, '', now(), now()),
(1399, 'Publish', 'undefined', 328, 0, 328, '', now(), now()),
(1400, 'Delete', 'undefined', 328, 0, 328, '', now(), now()),
(1401, 'View Live', 'undefined', 328, 0, 328, '', now(), now()),
(1402, 'Manage Plan', 'undefined', 328, 0, 328, '', now(), now()),
(1404, 'Manage Payment Plan', 'undefined', 328, 0, 328, '', now(), now()),
(1405, 'Gallery', 'undefined', 328, 0, 328, '', now(), now()),
(1406, 'Documents', 'undefined', 328, 0, 328, '', now(), now()),
(1407, 'Exclusive', 'undefined', 328, 0, 328, '', now(), now()),
(1408, 'Add Unit', 'undefined', 329, 0, 329, '', now(), now()),
(1409, 'View', 'undefined', 329, 0, 329, '', now(), now()),
(1410, 'Edit', 'undefined', 329, 0, 329, '', now(), now()),
(1411, 'Share', 'undefined', 329, 0, 329, '', now(), now()),
(1412, 'Publish', 'undefined', 329, 0, 329, '', now(), now()),
(1413, 'Delete', 'undefined', 329, 0, 329, '', now(), now()),
(1414, 'View Live', 'undefined', 329, 0, 329, '', now(), now());
INSERT INTO "sub_section" ("id", "sub_section_name", "sub_section_name_constant", "permissions_id", "indicator", "sub_section_button_id", "sub_section_button_action", "created_at", "updated_at") VALUES
(1415, 'Manage Plan', 'undefined', 329, 0, 329, '', now(), now()),
(1416, 'Manage Payment Plan', 'undefined', 329, 0, 329, '', now(), now()),
(1417, 'Gallery', 'undefined', 329, 0, 329, '', now(), now()),
(1419, 'Documents', 'undefined', 329, 0, 329, '', now(), now()),
(1420, 'Exclusive', 'undefined', 329, 0, 329, '', now(), now()),
(1421, 'View', 'undefined', 330, 0, 330, '', now(), now()),
(1422, 'Unshare', 'undefined', 330, 0, 330, '', now(), now()),
(1423, 'Unpublish', 'undefined', 330, 0, 330, '', now(), now()),
(1424, 'Internal Share', 'undefined', 330, 0, 330, '', now(), now()),
(1425, 'Local Share', 'undefined', 330, 0, 330, '', now(), now()),
(1427, 'International Share', 'undefined', 330, 0, 330, '', now(), now()),
(1428, 'View', 'undefined', 331, 0, 331, '', now(), now()),
(1429, 'Unshare', 'undefined', 331, 0, 331, '', now(), now()),
(1430, 'Unpublish', 'undefined', 331, 0, 331, '', now(), now()),
(1431, 'Social Media', 'undefined', 331, 0, 331, '', now(), now()),
(1432, 'Web Portals', 'undefined', 331, 0, 331, '', now(), now()),
(1433, 'Duplicate', 'undefined', 332, 0, 332, '', now(), now()),
(1434, 'Gallery', 'undefined', 332, 0, 332, '', now(), now()),
(1435, 'Accept', 'undefined', 333, 0, 333, '', now(), now()),
(1436, 'Restore', 'undefined', 334, 0, 334, '', now(), now()),
(1437, 'View', 'undefined', 337, 0, 337, '', now(), now()),
(1438, 'Edit', 'undefined', 337, 0, 337, '', now(), now()),
(1439, 'Leadership', 'undefined', 337, 0, 337, '', now(), now()),
(1440, 'Manage Sub Companies', 'undefined', 337, 0, 337, '', now(), now()),
(1441, 'View Documents', 'undefined', 337, 0, 337, '', now(), now()),
(1446, 'Subscriptions', 'undefined', 337, 0, 337, '', now(), now()),
(1447, 'View Live', 'undefined', 337, 0, 337, '', now(), now()),
(1448, 'Department', 'undefined', 337, 0, 337, '', now(), now()),
(1449, 'Block', 'undefined', 337, 0, 337, '', now(), now()),
(1450, 'Reset Password', 'undefined', 337, 0, 337, '', now(), now()),
(1451, 'View', 'undefined', 338, 0, 338, '', now(), now()),
(1452, 'Edit', 'undefined', 338, 0, 338, '', now(), now()),
(1453, 'Leadership', 'undefined', 338, 0, 338, '', now(), now()),
(1454, 'Manage Sub Companies', 'undefined', 338, 0, 338, '', now(), now()),
(1455, 'View Documents', 'undefined', 338, 0, 338, '', now(), now()),
(1456, 'Subscriptions', 'undefined', 338, 0, 338, '', now(), now()),
(1457, 'Department', 'undefined', 338, 0, 338, '', now(), now()),
(1458, 'View Live', 'undefined', 338, 0, 338, '', now(), now()),
(1459, 'Block', 'undefined', 338, 0, 338, '', now(), now()),
(1460, 'Reset Password', 'undefined', 338, 0, 338, '', now(), now()),
(1461, 'Unblock', 'undefined', 339, 0, 339, '', now(), now()),
(1462, 'Restore', 'undefined', 340, 0, 340, '', now(), now()),
(1463, 'View', 'undefined', 341, 0, 341, '', now(), now()),
(1464, 'Add User', 'undefined', 343, 0, 343, '', now(), now()),
(1465, 'Edit', 'undefined', 343, 0, 343, '', now(), now()),
(1467, 'Delete', 'undefined', 343, 0, 343, '', now(), now()),
(1468, 'Live View', 'undefined', 343, 0, 343, '', now(), now()),
(1469, 'Reset Password', 'undefined', 343, 0, 343, '', now(), now()),
(1470, 'Documents', 'undefined', 343, 0, 343, '', now(), now()),
(1471, 'Package Assignments', 'undefined', 343, 0, 343, '', now(), now()),
(1472, 'Set Permission', 'undefined', 343, 0, 343, '', now(), now()),
(1473, 'Select Team Lead', 'undefined', 343, 0, 343, '', now(), now()),
(1474, 'Block', 'undefined', 343, 0, 343, '', now(), now()),
(1475, 'Restore', 'undefined', 344, 0, 344, '', now(), now()),
(1476, 'Unblock', 'undefined', 347, 0, 347, '', now(), now()),
(1477, 'View', 'undefined', 346, 0, 346, '', now(), now()),
(1478, 'Edit', 'undefined', 348, 0, 348, '', now(), now()),
(1479, 'Delete', 'undefined', 348, 0, 348, '', now(), now()),
(1480, 'Manage Roles', 'undefined', 348, 0, 348, '', now(), now()),
(1481, 'View', 'undefined', 475, 0, 475, '', now(), now()),
(1482, 'Edit', 'undefined', 475, 0, 475, '', now(), now()),
(1483, 'Reset Password', 'undefined', 475, 0, 475, '', now(), now()),
(1484, 'Main Menu', 'undefined', 350, 0, 350, '', now(), now()),
(1485, 'Sub Menu', 'undefined', 350, 0, 350, '', now(), now()),
(1486, 'Secondary Menu', 'undefined', 350, 0, 350, '', now(), now()),
(1487, 'Tertieary Menu', 'undefined', 350, 0, 350, '', now(), now()),
(1488, 'Quaternary Menu', 'undefined', 350, 0, 350, '', now(), now()),
(1489, 'Quinary Menu', 'undefined', 350, 0, 350, '', now(), now()),
(1490, 'Restore', 'undefined', 351, 0, 351, '', now(), now()),
(1491, 'View', 'undefined', 352, 0, 352, '', now(), now()),
(1492, 'Add Property', 'undefined', 353, 0, 353, '', now(), now()),
(1493, 'View', 'undefined', 353, 0, 353, '', now(), now()),
(1494, 'Edit', 'undefined', 353, 0, 353, '', now(), now()),
(1495, 'Share', 'undefined', 353, 0, 353, '', now(), now()),
(1496, 'Publish', 'undefined', 353, 0, 353, '', now(), now()),
(1497, 'Delete', 'undefined', 353, 0, 353, '', now(), now()),
(1498, 'View Live', 'undefined', 353, 0, 353, '', now(), now()),
(1499, 'Gallery', 'undefined', 353, 0, 353, '', now(), now()),
(1500, 'Documents', 'undefined', 353, 0, 353, '', now(), now()),
(1501, 'Add Offer', 'undefined', 353, 0, 353, '', now(), now()),
(1502, 'Add Property', 'undefined', 354, 0, 354, '', now(), now()),
(1503, 'View', 'undefined', 354, 0, 354, '', now(), now()),
(1504, 'Edit', 'undefined', 354, 0, 354, '', now(), now()),
(1505, 'Share', 'undefined', 354, 0, 354, '', now(), now()),
(1506, 'Publish', 'undefined', 354, 0, 354, '', now(), now()),
(1507, 'Delete', 'undefined', 354, 0, 354, '', now(), now()),
(1508, 'Live View', 'undefined', 354, 0, 354, '', now(), now()),
(1509, 'Gallery', 'undefined', 354, 0, 354, '', now(), now()),
(1510, 'Documents', 'undefined', 354, 0, 354, '', now(), now()),
(1511, 'Add Offer', 'undefined', 354, 0, 354, '', now(), now()),
(1512, 'View', 'undefined', 355, 0, 355, '', now(), now()),
(1513, 'Edit', 'undefined', 355, 0, 355, '', now(), now()),
(1514, 'Delete', 'undefined', 355, 0, 355, '', now(), now()),
(1515, 'Edit', 'undefined', 356, 0, 356, '', now(), now()),
(1516, 'Delete', 'undefined', 356, 0, 356, '', now(), now()),
(1517, 'View', 'undefined', 357, 0, 357, '', now(), now()),
(1518, 'Unshare', 'undefined', 357, 0, 357, '', now(), now()),
(1519, 'Publish', 'undefined', 357, 0, 357, '', now(), now()),
(1520, 'Local Share', 'undefined', 357, 0, 357, '', now(), now()),
(1521, 'Internal Share', 'undefined', 357, 0, 357, '', now(), now()),
(1522, 'International Share', 'undefined', 357, 0, 357, '', now(), now()),
(1523, 'View', 'undefined', 358, 0, 358, '', now(), now()),
(1524, 'Unshare', 'undefined', 358, 0, 358, '', now(), now()),
(1525, 'Publish', 'undefined', 358, 0, 358, '', now(), now()),
(1526, 'Local Share', 'undefined', 358, 0, 358, '', now(), now()),
(1527, 'Internal Share', 'undefined', 358, 0, 358, '', now(), now()),
(1528, 'View', 'undefined', 359, 0, 359, '', now(), now()),
(1529, 'Duplicate', 'undefined', 359, 0, 359, '', now(), now()),
(1530, 'Gallery', 'undefined', 359, 0, 359, '', now(), now()),
(1531, 'Restore', 'undefined', 360, 0, 360, '', now(), now()),
(1532, 'Restore Documents', 'undefined', 360, 0, 360, '', now(), now()),
(1533, 'Restore', 'undefined', 361, 0, 361, '', now(), now()),
(1534, 'View', 'undefined', 362, 0, 362, '', now(), now()),
(1535, 'Add Property', 'undefined', 364, 0, 364, '', now(), now()),
(1536, 'View', 'undefined', 364, 0, 364, '', now(), now()),
(1537, 'Edit', 'undefined', 364, 0, 364, '', now(), now()),
(1538, 'Share', 'undefined', 364, 0, 364, '', now(), now()),
(1539, 'Publish', 'undefined', 364, 0, 364, '', now(), now()),
(1540, 'Delete', 'undefined', 364, 0, 364, '', now(), now()),
(1541, 'Manage Plan', 'undefined', 364, 0, 364, '', now(), now()),
(1542, 'Manage Unit Types', 'undefined', 364, 0, 364, '', now(), now()),
(1543, 'Manage Units', 'undefined', 364, 0, 364, '', now(), now()),
(1544, 'Gallery', 'undefined', 364, 0, 364, '', now(), now()),
(1545, 'Documents', 'undefined', 364, 0, 364, '', now(), now()),
(1546, 'Payment Plan', 'undefined', 364, 0, 364, '', now(), now()),
(1547, 'Add Property', 'undefined', 365, 0, 365, '', now(), now()),
(1548, 'View', 'undefined', 365, 0, 365, '', now(), now()),
(1549, 'Edit', 'undefined', 365, 0, 365, '', now(), now()),
(1550, 'Share', 'undefined', 365, 0, 365, '', now(), now()),
(1551, 'Publish', 'undefined', 365, 0, 365, '', now(), now()),
(1552, 'Delete', 'undefined', 365, 0, 365, '', now(), now()),
(1553, 'Manage Plan', 'undefined', 365, 0, 365, '', now(), now()),
(1554, 'Manage Unit Types', 'undefined', 365, 0, 365, '', now(), now()),
(1555, 'Manage Units', 'undefined', 365, 0, 365, '', now(), now()),
(1556, 'Gallery', 'undefined', 365, 0, 365, '', now(), now()),
(1557, 'Documents', 'undefined', 365, 0, 365, '', now(), now()),
(1558, 'Payment Plan', 'undefined', 365, 0, 365, '', now(), now()),
(1559, 'Manage Units', 'undefined', 365, 0, 365, '', now(), now()),
(1560, 'Gallery', 'undefined', 365, 0, 365, '', now(), now()),
(1561, 'Documents', 'undefined', 365, 0, 365, '', now(), now()),
(1562, 'Payment Plan', 'undefined', 365, 0, 365, '', now(), now()),
(1563, 'View', 'undefined', 366, 0, 366, '', now(), now()),
(1564, 'Unshare', 'undefined', 366, 0, 366, '', now(), now()),
(1565, 'Unpublish', 'undefined', 366, 0, 366, '', now(), now()),
(1566, 'Internal Share', 'undefined', 366, 0, 366, '', now(), now()),
(1567, 'Local Share', 'undefined', 366, 0, 366, '', now(), now()),
(1568, 'International Share', 'undefined', 366, 0, 366, '', now(), now()),
(1569, 'View', 'undefined', 367, 0, 367, '', now(), now()),
(1570, 'Share', 'undefined', 367, 0, 367, '', now(), now()),
(1571, 'Unpublish', 'undefined', 367, 0, 367, '', now(), now()),
(1572, 'Social Media', 'undefined', 367, 0, 367, '', now(), now()),
(1573, 'Web Portals', 'undefined', 367, 0, 367, '', now(), now()),
(1574, 'View', 'undefined', 368, 0, 368, '', now(), now()),
(1575, 'Duplicate', 'undefined', 368, 0, 368, '', now(), now()),
(1576, 'Gallery', 'undefined', 368, 0, 368, '', now(), now()),
(1577, 'Restore', 'undefined', 369, 0, 369, '', now(), now()),
(1578, 'View', 'undefined', 370, 0, 370, '', now(), now()),
(1579, 'Add Property', 'undefined', 372, 0, 372, '', now(), now()),
(1583, 'View', 'undefined', 372, 0, 372, '', now(), now()),
(1584, 'Edit', 'undefined', 372, 0, 372, '', now(), now()),
(1585, 'Share', 'undefined', 372, 0, 372, '', now(), now()),
(1586, 'Publish', 'undefined', 372, 0, 372, '', now(), now()),
(1587, 'Delete', 'undefined', 372, 0, 372, '', now(), now()),
(1588, 'Manage Plan', 'undefined', 372, 0, 372, '', now(), now()),
(1589, 'Manage Unit Types', 'undefined', 372, 0, 372, '', now(), now()),
(1590, 'Manage Units', 'undefined', 372, 0, 372, '', now(), now()),
(1591, 'Gallery', 'undefined', 372, 0, 372, '', now(), now()),
(1592, 'Documents', 'undefined', 372, 0, 372, '', now(), now()),
(1593, 'Payment Plan', 'undefined', 372, 0, 372, '', now(), now()),
(1594, 'Add Property', 'undefined', 373, 0, 373, '', now(), now()),
(1595, 'View', 'undefined', 373, 0, 373, '', now(), now()),
(1596, 'Edit', 'undefined', 373, 0, 373, '', now(), now()),
(1597, 'Share', 'undefined', 373, 0, 373, '', now(), now()),
(1598, 'Publish', 'undefined', 373, 0, 373, '', now(), now()),
(1599, 'Delete', 'undefined', 373, 0, 373, '', now(), now()),
(1600, 'Manage Plan', 'undefined', 373, 0, 373, '', now(), now()),
(1601, 'Manage Unit Types', 'undefined', 373, 0, 373, '', now(), now()),
(1602, 'Gallery', 'undefined', 373, 0, 373, '', now(), now()),
(1603, 'Documents', 'undefined', 373, 0, 373, '', now(), now()),
(1604, 'View', 'undefined', 374, 0, 374, '', now(), now()),
(1605, 'Unshare', 'undefined', 374, 0, 374, '', now(), now()),
(1606, 'Publish', 'undefined', 374, 0, 374, '', now(), now()),
(1607, 'Internal Share', 'undefined', 374, 0, 374, '', now(), now()),
(1608, 'Local Share', 'undefined', 374, 0, 374, '', now(), now()),
(1609, 'International Share', 'undefined', 374, 0, 374, '', now(), now()),
(1610, 'View', 'undefined', 375, 0, 375, '', now(), now()),
(1611, 'Share', 'undefined', 375, 0, 375, '', now(), now()),
(1612, 'Unpublish', 'undefined', 375, 0, 375, '', now(), now()),
(1613, 'Social Media', 'undefined', 375, 0, 375, '', now(), now()),
(1614, 'Web Portals', 'undefined', 375, 0, 375, '', now(), now()),
(1615, 'View', 'undefined', 376, 0, 376, '', now(), now()),
(1616, 'Duplicate', 'undefined', 376, 0, 376, '', now(), now()),
(1617, 'Gallery', 'undefined', 376, 0, 376, '', now(), now()),
(1618, 'Restore', 'undefined', 377, 0, 377, '', now(), now()),
(1619, 'Restore Documents', 'undefined', 377, 0, 377, '', now(), now()),
(1620, 'Unblock', 'undefined', 378, 0, 378, '', now(), now()),
(1621, 'View', 'undefined', 379, 0, 379, '', now(), now()),
(1622, 'Edit and Repost', 'undefined', 381, 0, 381, '', now(), now()),
(1623, 'View Comments', 'undefined', 381, 0, 381, '', now(), now()),
(1624, 'View Reaction', 'undefined', 381, 0, 381, '', now(), now()),
(1625, 'Remove Post', 'undefined', 381, 0, 381, '', now(), now()),
(1631, 'View List', 'undefined', 383, 0, 383, '', now(), now()),
(1632, 'View', 'undefined', 383, 0, 383, '', now(), now()),
(1633, 'Product', 'undefined', 383, 0, 383, '', now(), now()),
(1634, 'Service', 'undefined', 383, 0, 383, '', now(), now()),
(1635, 'Company Review', 'undefined', 383, 0, 383, '', now(), now()),
(1636, 'Disconnect', 'undefined', 383, 0, 383, '', now(), now()),
(1637, 'Block', 'undefined', 383, 0, 383, '', now(), now()),
(1638, 'View List', 'undefined', 384, 0, 384, '', now(), now());
INSERT INTO "sub_section" ("id", "sub_section_name", "sub_section_name_constant", "permissions_id", "indicator", "sub_section_button_id", "sub_section_button_action", "created_at", "updated_at") VALUES
(1639, 'View', 'undefined', 384, 0, 384, '', now(), now()),
(1640, 'Product', 'undefined', 384, 0, 384, '', now(), now()),
(1641, 'Service', 'undefined', 384, 0, 384, '', now(), now()),
(1642, 'Company Review', 'undefined', 384, 0, 384, '', now(), now()),
(1643, 'Reject', 'undefined', 384, 0, 384, '', now(), now()),
(1644, 'View Profile', 'undefined', 384, 0, 384, '', now(), now()),
(1645, 'Fellow Back', 'undefined', 384, 0, 384, '', now(), now()),
(1646, 'Block', 'undefined', 384, 0, 384, '', now(), now()),
(1647, 'View', 'undefined', 385, 0, 385, '', now(), now()),
(1648, 'Product', 'undefined', 385, 0, 385, '', now(), now()),
(1649, 'Service', 'undefined', 385, 0, 385, '', now(), now()),
(1650, 'Company Review', 'undefined', 385, 0, 385, '', now(), now()),
(1651, 'Unfollow', 'undefined', 385, 0, 385, '', now(), now()),
(1652, 'Block', 'undefined', 385, 0, 385, '', now(), now()),
(1653, 'Unblock', 'undefined', 386, 0, 386, '', now(), now()),
(1654, 'View', 'undefined', 476, 0, 476, '', now(), now()),
(1655, 'Add Property', 'undefined', 438, 0, 438, '', now(), now()),
(1656, 'View', 'undefined', 438, 0, 438, '', now(), now()),
(1657, 'Edit', 'undefined', 438, 0, 438, '', now(), now()),
(1658, 'Share', 'undefined', 438, 0, 438, '', now(), now()),
(1659, 'Publish', 'undefined', 438, 0, 438, '', now(), now()),
(1660, 'Delete', 'undefined', 438, 0, 438, '', now(), now()),
(1661, 'Manage Plan', 'undefined', 438, 0, 438, '', now(), now()),
(1662, 'Manage Unit Types', 'undefined', 438, 0, 438, '', now(), now()),
(1663, 'Manage Units', 'undefined', 438, 0, 438, '', now(), now()),
(1664, 'Payment Plan', 'undefined', 438, 0, 438, '', now(), now()),
(1666, 'Gallery', 'undefined', 438, 0, 438, '', now(), now()),
(1667, 'Documents', 'undefined', 438, 0, 438, '', now(), now()),
(1668, 'Add Property', 'undefined', 439, 0, 439, '', now(), now()),
(1669, 'Delete', 'undefined', 439, 0, 439, '', now(), now()),
(1670, 'Publish', 'undefined', 439, 0, 439, '', now(), now()),
(1671, 'Share', 'undefined', 439, 0, 439, '', now(), now()),
(1672, 'Edit', 'undefined', 439, 0, 439, '', now(), now()),
(1673, 'View', 'undefined', 439, 0, 439, '', now(), now()),
(1674, 'Payment Plan', 'undefined', 439, 0, 439, ' ', now(), now()),
(1675, 'Manage Units', 'undefined', 439, 0, 439, ' ', now(), now()),
(1676, 'Manage Unit Types', 'undefined', 439, 0, 439, ' ', now(), now()),
(1677, 'Manage Plan', 'undefined', 439, 0, 439, ' ', now(), now()),
(1678, 'Documents', 'undefined', 439, 0, 439, '', now(), now()),
(1679, 'Gallery', 'undefined', 439, 0, 439, '', now(), now()),
(1680, 'View', 'undefined', 440, 0, 440, '', now(), now()),
(1681, 'International Share', 'undefined', 440, 0, 440, '', now(), now()),
(1682, 'Local Share', 'undefined', 440, 0, 440, '', now(), now()),
(1683, 'Internal Share', 'undefined', 440, 0, 440, '', now(), now()),
(1684, 'Unpublish', 'undefined', 440, 0, 440, '', now(), now()),
(1685, 'Unshare', 'undefined', 440, 0, 440, '', now(), now()),
(1686, 'Manage', 'undefined', 441, 0, 441, '', now(), now()),
(1687, 'View', 'undefined', 442, 0, 442, '', now(), now()),
(1688, 'Web Portals', 'undefined', 442, 0, 442, '', now(), now()),
(1689, 'Social Media', 'undefined', 442, 0, 442, '', now(), now()),
(1690, 'Unpublish', 'undefined', 442, 0, 442, '', now(), now()),
(1691, 'Unshare', 'undefined', 442, 0, 442, '', now(), now()),
(1692, 'Duplicate', 'undefined', 443, 0, 443, '', now(), now()),
(1693, 'Gallery', 'undefined', 443, 0, 443, '', now(), now()),
(1694, 'Restore', 'undefined', 444, 0, 444, '', now(), now()),
(1695, 'Restore Documents', 'undefined', 444, 0, 444, '', now(), now()),
(1696, 'Unblock', 'undefined', 445, 0, 445, '', now(), now()),
(1697, 'View', 'undefined', 446, 0, 446, '', now(), now()),
(1698, 'Exclusive', 'undefined', 448, 0, 448, ' ', now(), now()),
(1699, 'Documents', 'undefined', 448, 0, 448, ' ', now(), now()),
(1700, 'Gallery', 'undefined', 448, 0, 448, ' ', now(), now()),
(1701, 'Manage Payment Plan', 'undefined', 448, 0, 448, ' ', now(), now()),
(1702, 'Manage Plan', 'undefined', 448, 0, 448, ' ', now(), now()),
(1703, 'View Live', 'undefined', 448, 0, 448, ' ', now(), now()),
(1704, 'Delete', 'undefined', 448, 0, 448, ' ', now(), now()),
(1705, 'Publish', 'undefined', 448, 0, 448, ' ', now(), now()),
(1706, 'Share', 'undefined', 448, 0, 448, ' ', now(), now()),
(1707, 'Edit', 'undefined', 448, 0, 448, ' ', now(), now()),
(1708, 'View', 'undefined', 448, 0, 448, ' ', now(), now()),
(1709, 'Add Unit', 'undefined', 448, 0, 448, ' ', now(), now()),
(1710, 'Exclusive', 'undefined', 449, 0, 449, ' ', now(), now()),
(1711, 'Documents', 'undefined', 449, 0, 449, ' ', now(), now()),
(1712, 'Gallery', 'undefined', 449, 0, 449, ' ', now(), now()),
(1713, 'Manage Payment Plan', 'undefined', 449, 0, 449, ' ', now(), now()),
(1714, 'Manage Plan', 'undefined', 449, 0, 449, ' ', now(), now()),
(1715, 'View Live', 'undefined', 449, 0, 449, ' ', now(), now()),
(1716, 'Delete', 'undefined', 449, 0, 449, ' ', now(), now()),
(1717, 'Publish', 'undefined', 449, 0, 449, ' ', now(), now()),
(1718, 'Share', 'undefined', 449, 0, 449, ' ', now(), now()),
(1719, 'Edit', 'undefined', 449, 0, 449, ' ', now(), now()),
(1720, 'View', 'undefined', 449, 0, 449, ' ', now(), now()),
(1721, 'Add Unit', 'undefined', 449, 0, 449, ' ', now(), now()),
(1722, 'International Share', 'undefined', 450, 0, 450, ' ', now(), now()),
(1723, 'Local Share', 'undefined', 450, 0, 450, ' ', now(), now()),
(1724, 'Internal Share', 'undefined', 450, 0, 450, ' ', now(), now()),
(1725, 'Unpublish', 'undefined', 450, 0, 450, ' ', now(), now()),
(1726, 'Unshare', 'undefined', 450, 0, 450, ' ', now(), now()),
(1727, 'View', 'undefined', 450, 0, 450, ' ', now(), now()),
(1728, 'Gallery', 'undefined', 452, 0, 452, ' ', now(), now()),
(1729, 'Duplicate', 'undefined', 452, 0, 452, ' ', now(), now()),
(1730, 'View', 'undefined', 452, 0, 452, ' ', now(), now()),
(1731, 'Web Portals', 'undefined', 451, 0, 451, ' ', now(), now()),
(1733, 'Social Media', 'undefined', 451, 0, 451, ' ', now(), now()),
(1734, 'Unpublish', 'undefined', 451, 0, 451, ' ', now(), now()),
(1735, 'Unshare', 'undefined', 451, 0, 451, ' ', now(), now()),
(1736, 'View', 'undefined', 451, 0, 451, ' ', now(), now()),
(1737, 'Accept', 'undefined', 453, 0, 453, '', now(), now()),
(1738, 'Restore', 'undefined', 454, 0, 454, '', now(), now()),
(1739, 'Queries', 'undefined', 457, 0, 457, ' ', now(), now()),
(1740, 'Booth Table', 'undefined', 457, 0, 457, ' ', now(), now()),
(1741, 'Exhibitors', 'undefined', 457, 0, 457, ' ', now(), now()),
(1742, 'Sponsers', 'undefined', 457, 0, 457, ' ', now(), now()),
(1743, 'Partners', 'undefined', 457, 0, 457, ' ', now(), now()),
(1744, 'Gallery', 'undefined', 457, 0, 457, ' ', now(), now()),
(1745, 'Delete', 'undefined', 457, 0, 457, ' ', now(), now()),
(1746, 'Publish', 'undefined', 457, 0, 457, ' ', now(), now()),
(1747, 'Edit', 'undefined', 457, 0, 457, ' ', now(), now()),
(1748, 'View', 'undefined', 457, 0, 457, ' ', now(), now()),
(1749, 'Add Exhibition', 'undefined', 457, 0, 457, ' ', now(), now()),
(1750, 'Add Exhibition', 'undefined', 458, 0, 458, ' ', now(), now()),
(1751, 'Queries', 'undefined', 458, 0, 458, ' ', now(), now()),
(1752, 'Booth Table', 'undefined', 458, 0, 458, ' ', now(), now()),
(1753, 'Exhibitors', 'undefined', 458, 0, 458, ' ', now(), now()),
(1754, 'Sponsers', 'undefined', 458, 0, 458, ' ', now(), now()),
(1755, 'Partners', 'undefined', 458, 0, 458, ' ', now(), now()),
(1756, 'Gallery', 'undefined', 458, 0, 458, ' ', now(), now()),
(1757, 'Delete', 'undefined', 458, 0, 458, ' ', now(), now()),
(1758, 'Publish', 'undefined', 458, 0, 458, ' ', now(), now()),
(1759, 'Edit', 'undefined', 458, 0, 458, ' ', now(), now()),
(1760, 'View', 'undefined', 458, 0, 458, ' ', now(), now()),
(1761, 'Add Client', 'undefined', 459, 0, 459, '', now(), now()),
(1762, 'Edit', 'undefined', 459, 0, 459, '', now(), now()),
(1763, 'Delete', 'undefined', 459, 0, 459, '', now(), now()),
(1764, 'Add Service', 'undefined', 460, 0, 460, '', now(), now()),
(1765, 'Edit', 'undefined', 460, 0, 460, '', now(), now()),
(1766, 'Delete', 'undefined', 460, 0, 460, '', now(), now()),
(1767, 'Documents', 'undefined', 462, 0, 462, ' ', now(), now()),
(1768, 'Plans', 'undefined', 462, 0, 462, ' ', now(), now()),
(1769, 'Gallery', 'undefined', 462, 0, 462, ' ', now(), now()),
(1770, 'Delete', 'undefined', 462, 0, 462, ' ', now(), now()),
(1771, 'Edit', 'undefined', 462, 0, 462, ' ', now(), now()),
(1772, 'View', 'undefined', 462, 0, 462, ' ', now(), now()),
(1773, 'Add Auction', 'undefined', 462, 0, 462, ' ', now(), now()),
(1774, 'Documents', 'undefined', 463, 0, 463, ' ', now(), now()),
(1775, 'Plans', 'undefined', 463, 0, 463, ' ', now(), now()),
(1776, 'Gallery', 'undefined', 463, 0, 463, ' ', now(), now()),
(1777, 'Delete', 'undefined', 463, 0, 463, ' ', now(), now()),
(1778, 'Edit', 'undefined', 463, 0, 463, ' ', now(), now()),
(1779, 'View', 'undefined', 463, 0, 463, ' ', now(), now()),
(1780, 'Add Auction', 'undefined', 463, 0, 463, ' ', now(), now()),
(1781, 'Add Partners', 'undefined', 465, 0, 465, '', now(), now()),
(1782, 'Edit', 'undefined', 465, 0, 465, '', now(), now()),
(1783, 'Delete', 'undefined', 465, 0, 465, '', now(), now()),
(1784, 'Add FAQs questions', 'undefined', 465, 0, 466, '', now(), now()),
(1785, 'Edit', 'undefined', 466, 0, 466, '', now(), now()),
(1786, 'Delete', 'undefined', 466, 0, 466, '', now(), now()),
(1787, 'Restore', 'undefined', 477, 0, 477, '', now(), now()),
(1788, 'View', 'undefined', 478, 0, 478, '', now(), now()),
(1789, 'Gallery', 'undefined', 468, 0, 468, ' ', now(), now()),
(1790, 'Booking Portals', 'undefined', 468, 0, 468, ' ', now(), now()),
(1791, 'Booking History', 'undefined', 468, 0, 468, ' ', now(), now()),
(1792, 'Schedule', 'undefined', 468, 0, 468, ' ', now(), now()),
(1793, 'Delete', 'undefined', 468, 0, 468, ' ', now(), now()),
(1794, 'Publish', 'undefined', 468, 0, 468, ' ', now(), now()),
(1795, 'Edit', 'undefined', 468, 0, 468, ' ', now(), now()),
(1796, 'View', 'undefined', 468, 0, 468, ' ', now(), now()),
(1797, 'Gallery', 'undefined', 469, 0, 469, ' ', now(), now()),
(1798, 'Booking Portals', 'undefined', 469, 0, 469, ' ', now(), now()),
(1799, 'Booking History', 'undefined', 469, 0, 469, ' ', now(), now()),
(1800, 'Delete', 'undefined', 469, 0, 469, ' ', now(), now()),
(1801, 'Publish', 'undefined', 469, 0, 469, ' ', now(), now()),
(1802, 'Edit', 'undefined', 469, 0, 469, ' ', now(), now()),
(1803, 'View', 'undefined', 469, 0, 469, ' ', now(), now()),
(1804, 'Delete', 'undefined', 470, 0, 470, ' ', now(), now()),
(1805, 'Edit', 'undefined', 470, 0, 470, ' ', now(), now()),
(1806, 'Add Package Inclusion', 'undefined', 470, 0, 470, ' ', now(), now()),
(1807, 'Delete', 'undefined', 471, 0, 471, ' ', now(), now()),
(1809, 'Edit', 'undefined', 471, 0, 471, ' ', now(), now()),
(1810, 'Add Portal', 'undefined', 471, 0, 471, ' ', now(), now()),
(1811, 'Restore', 'undefined', 473, 0, 473, '', now(), now()),
(1813, 'Promotion', 'undefined', 430, 0, 430, ' ', now(), now()),
(1814, 'Gallery', 'undefined', 430, 0, 430, ' ', now(), now()),
(1815, 'Booking', 'undefined', 430, 0, 430, ' ', now(), now()),
(1816, 'Portals', 'undefined', 430, 0, 430, ' ', now(), now()),
(1817, 'Rooms', 'undefined', 430, 0, 430, ' ', now(), now()),
(1818, 'Delete', 'undefined', 430, 0, 430, ' ', now(), now()),
(1819, 'Publish', 'undefined', 430, 0, 430, ' ', now(), now()),
(1820, 'Edit', 'undefined', 430, 0, 430, ' ', now(), now()),
(1821, 'View', 'undefined', 430, 0, 430, ' ', now(), now()),
(1822, 'Promotion', 'undefined', 431, 0, 431, ' ', now(), now()),
(1823, 'Gallery', 'undefined', 430, 0, 431, ' ', now(), now()),
(1824, 'Booking', 'undefined', 431, 0, 431, ' ', now(), now()),
(1825, 'Portals', 'undefined', 431, 0, 431, ' ', now(), now()),
(1826, 'Rooms', 'undefined', 431, 0, 431, ' ', now(), now()),
(1827, 'Delete', 'undefined', 431, 0, 431, ' ', now(), now()),
(1828, 'Publish', 'undefined', 431, 0, 431, ' ', now(), now()),
(1829, 'Edit', 'undefined', 431, 0, 431, ' ', now(), now()),
(1830, 'View', 'undefined', 431, 0, 431, ' ', now(), now()),
(1831, 'Gallery', 'undefined', 431, 0, 431, ' ', now(), now()),
(1834, 'Delete', 'undefined', 432, 0, 432, ' ', now(), now()),
(1835, 'Edit', 'undefined', 432, 0, 432, ' ', now(), now()),
(1836, 'Add Categories', 'undefined', 432, 0, 432, ' ', now(), now()),
(1837, 'Delete', 'undefined', 433, 0, 433, ' ', now(), now()),
(1839, 'Edit', 'undefined', 433, 0, 433, ' ', now(), now()),
(1840, 'Add Room Tpes', 'undefined', 433, 0, 433, ' ', now(), now()),
(1842, 'Delete', 'undefined', 434, 0, 434, ' ', now(), now()),
(1843, 'Edit', 'undefined', 434, 0, 434, ' ', now(), now()),
(1844, 'Add Portal', 'undefined', 434, 0, 434, ' ', now(), now()),
(1845, 'Restore', 'undefined', 435, 0, 435, '', now(), now()),
(1846, 'View', 'undefined', 436, 0, 436, '', now(), now()),
(1847, 'Edit', 'undefined', 424, 0, 424, ' ', now(), now()),
(1848, 'View', 'undefined', 424, 0, 424, ' ', now(), now()),
(1849, 'Add Blogs', 'undefined', 424, 0, 424, ' ', now(), now()),
(1850, 'Delete', 'undefined', 425, 0, 425, ' ', now(), now()),
(1851, 'Edit', 'undefined', 425, 0, 425, ' ', now(), now()),
(1852, 'Restore', 'undefined', 426, 0, 426, '', now(), now()),
(1853, 'View', 'undefined', 479, 0, 479, '', now(), now()),
(1854, 'Edit', 'undefined', 418, 0, 418, '', now(), now()),
(1855, 'Publish Toggle', 'undefined', 419, 0, 419, '', now(), now()),
(1856, 'Add Orders', 'undefined', 420, 0, 420, '', now(), now()),
(1857, 'View', 'undefined', 420, 0, 420, '', now(), now()),
(1858, 'Edit', 'undefined', 420, 0, 420, '', now(), now()),
(1859, 'Financial Approval', 'undefined', 421, 0, 421, '', now(), now()),
(2021, 'Edit', 'edit', 318, 0, 1373, '', now(), now()),
(1860, 'Draft Contracts', 'undefined', 421, 0, 421, '', now(), now()),
(1861, 'Legal Verification', 'undefined', 421, 0, 421, '', now(), now()),
(1862, 'Contracts', 'undefined', 421, 0, 421, '', now(), now()),
(1863, 'Listing Verified', 'undefined', 421, 0, 421, '', now(), now()),
(1864, 'Subscriber', 'undefined', 422, 0, 422, '', now(), now()),
(1865, 'LIsting', 'undefined', 422, 0, 422, '', now(), now()),
(1866, 'Add Service', 'add-service', 413, 0, 413, '', now(), now()),
(1867, 'View', 'view', 413, 0, 413, '', now(), now()),
(1868, 'Edit', 'edit', 413, 0, 413, '', now(), now()),
(1869, 'Publish', 'publish', 413, 0, 413, '', now(), now()),
(1870, 'Delete', 'delete', 413, 0, 413, '', now(), now());
INSERT INTO "sub_section" ("id", "sub_section_name", "sub_section_name_constant", "permissions_id", "indicator", "sub_section_button_id", "sub_section_button_action", "created_at", "updated_at") VALUES
(1871, 'Gallery', 'gallery', 413, 0, 413, '', now(), now()),
(1872, 'Service Reviews', 'service-reviews', 413, 0, 413, '', now(), now()),
(1873, 'Add Promotion', 'add-promotion', 414, 0, 414, '', now(), now()),
(1874, 'Manage Promotion', 'manage-promotion', 414, 0, 414, '', now(), now()),
(1875, 'Published Promotion', 'published-promotion', 414, 0, 414, '', now(), now()),
(1876, 'Deleted Promotion', 'deleted-promotion', 414, 0, 414, '', now(), now()),
(1877, 'View', 'view', 415, 0, 415, '', now(), now()),
(1878, 'Unpublish', 'unpublish', 415, 0, 415, '', now(), now()),
(1879, 'Restore', 'restore', 416, 0, 416, '', now(), now()),
(1880, 'View Activity', 'view-activity', 417, 0, 417, '', now(), now()),
(1881, 'Add Job', 'add-job', 406, 0, 406, '', now(), now()),
(1882, 'View', 'view', 406, 0, 406, '', now(), now()),
(1883, 'Edit', 'edit', 406, 0, 406, '', now(), now()),
(1884, 'Delete', 'delete', 406, 0, 406, '', now(), now()),
(1885, 'Applicants', 'applicants', 406, 0, 406, '', now(), now()),
(1886, 'Add Job Categories', 'add-job-categories', 407, 0, 407, '', now(), now()),
(1887, 'Edit', 'edit', 407, 0, 407, '', now(), now()),
(1888, 'Delete', 'delete', 407, 0, 407, '', now(), now()),
(1889, 'Manage Sub Categories', 'manage-sub-categories', 407, 0, 407, '', now(), now()),
(1890, 'Add Benefits', 'add-benefits', 408, 0, 408, '', now(), now()),
(1891, 'Edit', 'edit', 408, 0, 408, '', now(), now()),
(1892, 'Delete', 'delete', 408, 0, 408, '', now(), now()),
(1893, 'Add Article', 'add-article', 409, 0, 409, '', now(), now()),
(1894, 'Edit', 'edit', 409, 0, 409, '', now(), now()),
(1895, 'Delete', 'delete', 409, 0, 409, '', now(), now()),
(1896, 'Restore', 'restore', 410, 0, 410, '', now(), now()),
(1897, 'View Activity', 'view-activity', 411, 0, 411, '', now(), now()),
(1898, 'Add Community Guide', 'add-community-guide', 399, 0, 399, '', now(), now()),
(1899, 'Edit', 'edit', 399, 0, 399, '', now(), now()),
(1900, 'Add Image', 'add-image', 399, 0, 399, '', now(), now()),
(1901, 'Add Tower', 'add-tower', 400, 0, 400, '', now(), now()),
(1902, 'Edit', 'edit', 400, 0, 400, '', now(), now()),
(1903, 'View Activity', 'view-activity', 480, 0, 480, '', now(), now()),
(1904, 'Add Portals', 'add-portals', 388, 0, 388, '', now(), now()),
(1905, 'Edit', 'edit', 388, 0, 388, '', now(), now()),
(1906, 'XML Paper', 'xml-paper', 388, 0, 388, '', now(), now()),
(1907, 'Delete', 'delete', 388, 0, 388, '', now(), now()),
(1908, 'Add XML', 'add-xml', 389, 0, 389, '', now(), now()),
(1909, 'Edit', 'edit', 389, 0, 389, '', now(), now()),
(1910, 'Block', 'block', 389, 0, 389, '', now(), now()),
(1911, 'Delete', 'delete', 389, 0, 389, '', now(), now()),
(1912, 'Add Amenities', 'add-amenities', 390, 0, 390, '', now(), now()),
(1913, 'Edit', 'edit', 390, 0, 390, '', now(), now()),
(1914, 'Delete', 'delete', 390, 0, 390, '', now(), now()),
(1915, 'Add Facilities', 'add-facilities', 391, 0, 391, '', now(), now()),
(1916, 'Edit', 'edit', 391, 0, 391, '', now(), now()),
(1917, 'Delete', 'delete', 391, 0, 391, '', now(), now()),
(1918, 'Add Image Category', 'add-image-category', 392, 0, 392, '', now(), now()),
(1919, 'Edit', 'edit', 392, 0, 392, '', now(), now()),
(1920, 'Delete', 'delete', 392, 0, 392, '', now(), now()),
(1921, 'Add Document Category', 'add-document-category', 393, 0, 393, '', now(), now()),
(1922, 'Edit', 'edit', 393, 0, 393, '', now(), now()),
(1923, 'Delete', 'delete', 393, 0, 393, '', now(), now()),
(1924, 'Add International Contents', 'add-international-contents', 394, 0, 394, '', now(), now()),
(1925, 'Edit', 'edit', 394, 0, 394, '', now(), now()),
(1926, 'Delete', 'delete', 394, 0, 394, '', now(), now()),
(1927, 'Add Tax', 'add-tax', 395, 0, 395, '', now(), now()),
(1928, 'Edit', 'edit', 395, 0, 395, '', now(), now()),
(1929, 'Delete', 'delete', 395, 0, 395, '', now(), now()),
(1930, 'Developer Company', 'developer-company', 396, 0, 396, '', now(), now()),
(1931, 'Broker Company', 'broker-company', 396, 0, 396, '', now(), now()),
(1932, 'Service Company', 'service-company', 396, 0, 396, '', now(), now()),
(1933, 'Product Company', 'product-company', 396, 0, 396, '', now(), now()),
(1934, 'View', 'view', 481, 0, 481, '', now(), now()),
(1935, 'Add Project', 'add-project', 303, 0, 1306, '', now(), now()),
(1936, 'Manage Plan', 'manage-plan', 303, 0, 1306, '', now(), now()),
(1937, 'Mange Unit Types', 'mange-unit-types', 303, 0, 1306, '', now(), now()),
(1938, 'Manage Units', 'manage-units', 303, 0, 1306, '', now(), now()),
(1939, 'Documents', 'documents', 303, 0, 1306, '', now(), now()),
(1940, 'Payment Plan', 'payment-plan', 303, 0, 1306, '', now(), now()),
(1941, 'Exclusive', 'exclusive', 303, 0, 1306, '', now(), now()),
(1942, 'Add Plan', 'add-plan', 303, 0, 1307, '', now(), now()),
(1943, 'Edit', 'edit', 303, 0, 1307, '', now(), now()),
(1944, 'Delete', 'delete', 303, 0, 1307, '', now(), now()),
(1945, 'Delete', 'delete', 303, 0, 1308, '', now(), now()),
(1946, 'Add Gallery', 'add-gallery', 303, 0, 1309, '', now(), now()),
(1953, 'Add Financial Providers', 'add-financial-providers', 303, 0, 1311, '', now(), now()),
(1954, 'Delete', 'delete', 303, 0, 1311, '', now(), now()),
(1955, 'Add Project', 'add-project', 304, 0, 1318, '', now(), now()),
(1956, 'Manage Plan', 'manage-plan', 304, 0, 1318, '', now(), now()),
(1957, 'Mange Unit Types', 'mange-unit-types', 304, 0, 1318, '', now(), now()),
(1958, 'Manage Units', 'manage-units', 304, 0, 1318, '', now(), now()),
(1959, 'Documents', 'documents', 304, 0, 1318, '', now(), now()),
(1960, 'Payment Plan', 'payment-plan', 304, 0, 1318, '', now(), now()),
(1961, 'Exclusive', 'exclusive', 304, 0, 1318, '', now(), now()),
(1962, 'Add Plan', 'add-plan', 304, 0, 1319, '', now(), now()),
(1963, 'Edit', 'edit', 304, 0, 1319, '', now(), now()),
(1964, 'Delete', 'delete', 304, 0, 1319, '', now(), now()),
(1965, 'Delete', 'delete', 304, 0, 1320, '', now(), now()),
(1969, 'Add Document', 'add-document', 304, 0, 1322, '', now(), now()),
(1970, 'View', 'view', 304, 0, 1322, '', now(), now()),
(1971, 'Edit', 'edit', 304, 0, 1322, '', now(), now()),
(1972, 'Delete', 'delete', 304, 0, 1322, '', now(), now()),
(1973, 'Add Financial Providers', 'add-financial-providers', 304, 0, 1323, '', now(), now()),
(1974, 'Delete', 'delete', 304, 0, 1323, '', now(), now()),
(1975, 'Add Plan', 'add-plan', 317, 0, 1358, '', now(), now()),
(1976, 'View', 'view', 317, 0, 1358, '', now(), now()),
(1977, 'Edit', 'edit', 317, 0, 1358, '', now(), now()),
(1978, 'Delete', 'delete', 317, 0, 1358, '', now(), now()),
(1979, 'Add Unit Type', 'add-unit-type', 317, 0, 1359, '', now(), now()),
(1980, 'View', 'view', 317, 0, 1359, '', now(), now()),
(1981, 'Edit', 'edit', 317, 0, 1359, '', now(), now()),
(1982, 'Delete', 'delete', 317, 0, 1359, '', now(), now()),
(1983, 'Add Unit', 'add-unit', 317, 0, 1360, '', now(), now()),
(1984, 'View', 'view', 317, 0, 1360, '', now(), now()),
(1985, 'Edit', 'edit', 317, 0, 1360, '', now(), now()),
(1986, 'Share', 'share', 317, 0, 1360, '', now(), now()),
(1987, 'Publish', 'publish', 317, 0, 1360, '', now(), now()),
(1988, 'Delete', 'delete', 317, 0, 1360, '', now(), now()),
(1989, 'Copy', 'copy', 317, 0, 1360, '', now(), now()),
(1990, 'Manage Plans', 'manage-plans', 317, 0, 1360, '', now(), now()),
(1991, 'Documents', 'documents', 317, 0, 1360, '', now(), now()),
(1992, 'Gallery', 'gallery', 317, 0, 1360, '', now(), now()),
(1993, 'Add Payment Plan', 'add-payment-plan', 317, 0, 1361, '', now(), now()),
(1994, 'Edit', 'edit', 317, 0, 1361, '', now(), now()),
(1995, 'Delete', 'delete', 317, 0, 1361, '', now(), now()),
(1996, 'Add Gallery', 'add-gallery', 317, 0, 1362, '', now(), now()),
(1997, 'Edit', 'edit', 317, 0, 1362, '', now(), now()),
(1998, 'Delete', 'delete', 317, 0, 1362, '', now(), now()),
(1999, 'View', 'view', 317, 0, 1363, '', now(), now()),
(2000, 'Download', 'download', 317, 0, 1363, '', now(), now()),
(2001, 'Delete', 'delete', 317, 0, 1363, '', now(), now()),
(2002, 'Add Plan', 'add-plan', 318, 0, 1370, '', now(), now()),
(2003, 'View', 'view', 318, 0, 1370, '', now(), now()),
(2004, 'Edit', 'edit', 318, 0, 1370, '', now(), now()),
(2005, 'Delete', 'delete', 318, 0, 1370, '', now(), now()),
(2006, 'Add Unit Type', 'add-unit-type', 318, 0, 1371, '', now(), now()),
(2007, 'View', 'view', 318, 0, 1371, '', now(), now()),
(2008, 'Edit', 'edit', 318, 0, 1371, '', now(), now()),
(2009, 'Delete', 'delete', 318, 0, 1371, '', now(), now()),
(2010, 'Add Unit', 'add-unit', 318, 0, 1372, '', now(), now()),
(2011, 'View', 'view', 318, 0, 1372, '', now(), now()),
(2012, 'Edit', 'edit', 318, 0, 1372, '', now(), now()),
(2013, 'Share', 'share', 318, 0, 1372, '', now(), now()),
(2014, 'Publish', 'publish', 318, 0, 1372, '', now(), now()),
(2015, 'Delete', 'delete', 318, 0, 1372, '', now(), now()),
(2016, 'Copy', 'copy', 318, 0, 1372, '', now(), now()),
(2017, 'Manage Plans', 'manage-plans', 318, 0, 1372, '', now(), now()),
(2018, 'Documents', 'documents', 318, 0, 1372, '', now(), now()),
(2019, 'Gallery', 'gallery', 318, 0, 1372, '', now(), now()),
(2020, 'Add Payment Plan', 'add-payment-plan', 318, 0, 1373, '', now(), now()),
(2022, 'Delete', 'delete', 318, 0, 1373, '', now(), now()),
(2023, 'Add Gallery', 'add-gallery', 318, 0, 1374, '', now(), now()),
(2024, 'Edit', 'edit', 318, 0, 1374, '', now(), now()),
(2025, 'Delete', 'delete', 318, 0, 1374, '', now(), now()),
(2026, 'View', 'view', 318, 0, 1375, '', now(), now()),
(2027, 'Download', 'download', 318, 0, 1375, '', now(), now()),
(2028, 'Delete', 'delete', 318, 0, 1375, '', now(), now()),
(2029, 'Add Gallery', 'add-gallery', 323, 0, 1392, '', now(), now()),
(2030, 'Delete', 'delete', 323, 0, 1392, '', now(), now()),
(2031, 'Add Plan', 'add-plan', 328, 0, 1402, '', now(), now()),
(2032, 'Edit', 'edit', 328, 0, 1402, '', now(), now()),
(2033, 'Download', 'download', 328, 0, 1402, '', now(), now()),
(2034, 'Delete', 'delete', 328, 0, 1402, '', now(), now()),
(2035, 'Add Payment Plans', 'add-payment-plans', 328, 0, 1404, '', now(), now()),
(2036, 'Edit', 'edit', 328, 0, 1404, '', now(), now()),
(2037, 'Delete', 'delete', 328, 0, 1404, '', now(), now()),
(2038, 'Add Gallery', 'add-gallery', 328, 0, 1405, '', now(), now()),
(2039, 'Edit', 'edit', 328, 0, 1405, '', now(), now()),
(2040, 'Delete', 'delete', 328, 0, 1405, '', now(), now()),
(2041, 'Add Document', 'add-document', 328, 0, 1406, '', now(), now()),
(2042, 'View', 'view', 328, 0, 1406, '', now(), now()),
(2043, 'Download', 'download', 328, 0, 1406, '', now(), now()),
(2044, 'Delete', 'delete', 328, 0, 1406, '', now(), now()),
(2045, 'Add Plan', 'add-plan', 329, 0, 1415, '', now(), now()),
(2046, 'Edit', 'edit', 329, 0, 1415, '', now(), now()),
(2047, 'Download', 'download', 329, 0, 1415, '', now(), now()),
(2048, 'Delete', 'delete', 329, 0, 1415, '', now(), now()),
(2049, 'Add Payment Plans', 'add-payment-plans', 329, 0, 1416, '', now(), now()),
(2050, 'Edit', 'edit', 329, 0, 1416, '', now(), now()),
(2051, 'Delete', 'delete', 329, 0, 1416, '', now(), now()),
(2052, 'Add Gallery', 'add-gallery', 329, 0, 1417, '', now(), now()),
(2053, 'Edit', 'edit', 329, 0, 1417, '', now(), now()),
(2054, 'Delete', 'delete', 329, 0, 1417, '', now(), now()),
(2055, 'Add Document', 'add-document', 329, 0, 1419, '', now(), now()),
(2056, 'View', 'view', 329, 0, 1419, '', now(), now()),
(2057, 'Download', 'download', 329, 0, 1419, '', now(), now()),
(2058, 'Delete', 'delete', 329, 0, 1419, '', now(), now()),
(2059, 'View Companies', 'view-companies', 330, 0, 1427, '', now(), now()),
(2060, 'Add Gallery', 'add-gallery', 332, 0, 1434, '', now(), now()),
(2061, 'Import Gallery', 'import-gallery', 332, 0, 1434, '', now(), now()),
(2062, 'Delete', 'delete', 332, 0, 1434, '', now(), now()),
(2063, 'Add Leadership', 'add-leadership', 337, 0, 1439, '', now(), now()),
(2064, 'Delete', 'delete', 337, 0, 1439, '', now(), now()),
(2065, 'Add Sub Companies', 'add-sub-companies', 337, 0, 1440, '', now(), now()),
(2066, 'View', 'view', 337, 0, 1440, '', now(), now()),
(2067, 'Edit', 'edit', 337, 0, 1440, '', now(), now()),
(2068, 'Leadership', 'leadership', 337, 0, 1440, '', now(), now()),
(2069, 'View Document', 'view-document', 337, 0, 1440, '', now(), now()),
(2070, 'Subscriptions', 'subscriptions', 337, 0, 1440, '', now(), now()),
(2071, 'View Live', 'view-live', 337, 0, 1440, '', now(), now()),
(2072, 'Report', 'report', 337, 0, 1440, '', now(), now()),
(2073, 'Block', 'block', 337, 0, 1440, '', now(), now()),
(2074, 'Reset Password', 'reset-password', 337, 0, 1440, '', now(), now()),
(2075, 'View', 'view', 337, 0, 1441, '', now(), now()),
(2076, 'Download', 'download', 337, 0, 1441, '', now(), now()),
(2077, 'Make Payment', 'make-payment', 337, 0, 1446, '', now(), now()),
(2078, 'Add Department', 'add-department', 337, 0, 1448, '', now(), now()),
(2079, 'Edit', 'edit', 337, 0, 1448, '', now(), now()),
(2080, 'Delete', 'delete', 337, 0, 1448, '', now(), now()),
(2081, 'Manage Role', 'manage-role', 337, 0, 1448, '', now(), now()),
(2082, 'Add Leadership', 'add-leadership', 338, 0, 1453, '', now(), now()),
(2083, 'Delete', 'delete', 338, 0, 1453, '', now(), now()),
(2084, 'Add Sub Companies', 'add-sub-companies', 338, 0, 1454, '', now(), now()),
(2085, 'View', 'view', 338, 0, 1454, '', now(), now()),
(2086, 'Edit', 'edit', 338, 0, 1454, '', now(), now()),
(2087, 'Leadership', 'leadership', 338, 0, 1454, '', now(), now()),
(2088, 'View Document', 'view-document', 338, 0, 1454, '', now(), now()),
(2089, 'Subscriptions', 'subscriptions', 338, 0, 1454, '', now(), now()),
(2090, 'View Live', 'view-live', 338, 0, 1454, '', now(), now()),
(2091, 'Report', 'report', 338, 0, 1454, '', now(), now()),
(2092, 'Block', 'block', 338, 0, 1454, '', now(), now()),
(2093, 'Reset Password', 'reset-password', 338, 0, 1454, '', now(), now()),
(2094, 'View', 'view', 338, 0, 1455, '', now(), now()),
(2095, 'Download', 'download', 338, 0, 1455, '', now(), now()),
(2096, 'Make Payment', 'make-payment', 338, 0, 1456, '', now(), now()),
(2097, 'Add Department', 'add-department', 338, 0, 1457, '', now(), now()),
(2098, 'Edit', 'edit', 338, 0, 1457, '', now(), now()),
(2099, 'Delete', 'delete', 338, 0, 1457, '', now(), now()),
(2100, 'Manage Role', 'manage-role', 338, 0, 1457, '', now(), now()),
(2101, 'Approve', 'approve', 343, 0, 1470, '', now(), now()),
(2102, 'Reject', 'reject', 343, 0, 1470, '', now(), now()),
(2114, 'Add Media', 'add-media', 353, 0, 1499, '', now(), now()),
(2115, 'Edit', 'edit', 353, 0, 1499, '', now(), now()),
(2116, 'Delete', 'delete', 353, 0, 1499, '', now(), now()),
(2117, 'Add Document', 'add-document', 353, 0, 1500, '', now(), now()),
(2118, 'View', 'view', 353, 0, 1500, '', now(), now()),
(2119, 'Download', 'download', 353, 0, 1500, '', now(), now()),
(2120, 'Delete', 'delete', 353, 0, 1500, '', now(), now()),
(2121, 'Add Media', 'add-media', 354, 0, 1509, '', now(), now()),
(2122, 'Edit', 'edit', 354, 0, 1509, '', now(), now()),
(2123, 'Delete', 'delete', 354, 0, 1509, '', now(), now()),
(2124, 'Add Document', 'add-document', 354, 0, 1510, '', now(), now()),
(2125, 'View', 'view', 354, 0, 1510, '', now(), now()),
(2126, 'Download', 'download', 354, 0, 1510, '', now(), now()),
(2127, 'Delete', 'delete', 354, 0, 1510, '', now(), now()),
(2128, 'View Docs', 'view-docs', 357, 0, 1520, '', now(), now()),
(2129, 'View Docs', 'view-docs', 357, 0, 1522, '', now(), now()),
(2130, 'View Companies', 'view-companies', 357, 0, 1522, '', now(), now()),
(2131, 'Add Media', 'add-media', 359, 0, 1530, '', now(), now()),
(2132, 'Edit', 'edit', 359, 0, 1530, '', now(), now()),
(2133, 'Delete', 'delete', 359, 0, 1530, '', now(), now()),
(2134, 'Add Plan', 'add-plan', 364, 0, 1541, '', now(), now()),
(2135, 'View', 'view', 364, 0, 1541, '', now(), now()),
(2136, 'Edit', 'edit', 364, 0, 1541, '', now(), now()),
(2137, 'Delete', 'delete', 364, 0, 1541, '', now(), now()),
(2138, 'Add Unit Type', 'add-unit-type', 364, 0, 1542, '', now(), now()),
(2139, 'View', 'view', 364, 0, 1542, '', now(), now()),
(2140, 'Edit', 'edit', 364, 0, 1542, '', now(), now()),
(2141, 'Delete', 'delete', 364, 0, 1542, '', now(), now()),
(2142, 'Add Unit', 'add-unit', 364, 0, 1543, '', now(), now()),
(2143, 'View', 'view', 364, 0, 1543, '', now(), now()),
(2144, 'Edit', 'edit', 364, 0, 1543, '', now(), now()),
(2145, 'Share', 'share', 364, 0, 1543, '', now(), now()),
(2146, 'Publish', 'publish', 364, 0, 1543, '', now(), now()),
(2147, 'Delete', 'delete', 364, 0, 1543, '', now(), now()),
(2148, 'Copy', 'copy', 364, 0, 1543, '', now(), now()),
(2149, 'Manage Plans', 'manage-plans', 364, 0, 1543, '', now(), now()),
(2150, 'Documents', 'documents', 364, 0, 1543, '', now(), now()),
(2151, 'Gallery', 'gallery', 364, 0, 1543, '', now(), now()),
(2152, 'Add Gallery', 'add-gallery', 364, 0, 1544, '', now(), now()),
(2153, 'Edit', 'edit', 364, 0, 1544, '', now(), now()),
(2154, 'Delete', 'delete', 364, 0, 1544, '', now(), now()),
(2155, 'Add Document', 'add-document', 364, 0, 1545, '', now(), now()),
(2156, 'View', 'view', 364, 0, 1545, '', now(), now()),
(2157, 'Download', 'download', 364, 0, 1545, '', now(), now()),
(2158, 'Delete', 'delete', 364, 0, 1545, '', now(), now()),
(2159, 'Add Payment Plan', 'add-payment-plan', 364, 0, 1546, '', now(), now()),
(2160, 'Edit', 'edit', 364, 0, 1546, '', now(), now()),
(2161, 'Delete', 'delete', 364, 0, 1546, '', now(), now()),
(2162, 'Add Plan', 'add-plan', 365, 0, 1553, '', now(), now()),
(2163, 'View', 'view', 365, 0, 1553, '', now(), now()),
(2164, 'Edit', 'edit', 365, 0, 1553, '', now(), now()),
(2165, 'Delete', 'delete', 365, 0, 1553, '', now(), now()),
(2166, 'Add Unit Type', 'add-unit-type', 365, 0, 1554, '', now(), now()),
(2167, 'View', 'view', 365, 0, 1554, '', now(), now()),
(2168, 'Edit', 'edit', 365, 0, 1554, '', now(), now()),
(2169, 'Delete', 'delete', 365, 0, 1554, '', now(), now()),
(2170, 'Add Unit', 'add-unit', 365, 0, 1559, '', now(), now()),
(2171, 'View', 'view', 365, 0, 1559, '', now(), now()),
(2172, 'Edit', 'edit', 365, 0, 1559, '', now(), now()),
(2173, 'Share', 'share', 365, 0, 1559, '', now(), now()),
(2174, 'Publish', 'publish', 365, 0, 1559, '', now(), now()),
(2175, 'Delete', 'delete', 365, 0, 1559, '', now(), now()),
(2176, 'Copy', 'copy', 365, 0, 1559, '', now(), now()),
(2177, 'Manage Plans', 'manage-plans', 365, 0, 1559, '', now(), now()),
(2178, 'Documents', 'documents', 365, 0, 1559, '', now(), now()),
(2179, 'Gallery', 'gallery', 365, 0, 1559, '', now(), now()),
(2180, 'Add Gallery', 'add-gallery', 365, 0, 1556, '', now(), now()),
(2181, 'Edit', 'edit', 365, 0, 1556, '', now(), now()),
(2182, 'Delete', 'delete', 365, 0, 1556, '', now(), now()),
(2183, 'Add Document', 'add-document', 365, 0, 1561, '', now(), now()),
(2184, 'View', 'view', 365, 0, 1561, '', now(), now()),
(2185, 'Download', 'download', 365, 0, 1561, '', now(), now()),
(2186, 'Delete', 'delete', 365, 0, 1561, '', now(), now()),
(2187, 'Add Payment Plan', 'add-payment-plan', 365, 0, 1558, '', now(), now()),
(2188, 'Edit', 'edit', 365, 0, 1558, '', now(), now()),
(2189, 'Delete', 'delete', 365, 0, 1558, '', now(), now()),
(2190, 'View Docs', 'view-docs', 366, 0, 1567, '', now(), now()),
(2191, 'View Docs', 'view-docs', 366, 0, 1566, '', now(), now()),
(2192, 'View Companies', 'view-companies', 366, 0, 1568, '', now(), now()),
(2193, 'Add Gallery', 'add-gallery', 368, 0, 1576, '', now(), now()),
(2194, 'Delete', 'delete', 368, 0, 1576, '', now(), now()),
(2195, 'Add Plan', 'add-plan', 372, 0, 1588, '', now(), now()),
(2196, 'View', 'view', 372, 0, 1588, '', now(), now()),
(2197, 'Edit', 'edit', 372, 0, 1588, '', now(), now()),
(2198, 'Delete', 'delete', 372, 0, 1588, '', now(), now()),
(2199, 'Add Unit Type', 'add-unit-type', 372, 0, 1589, '', now(), now()),
(2200, 'View', 'view', 372, 0, 1589, '', now(), now()),
(2201, 'Edit', 'edit', 372, 0, 1589, '', now(), now()),
(2202, 'Delete', 'delete', 372, 0, 1589, '', now(), now()),
(2203, 'Add Unit', 'add-unit', 372, 0, 1590, '', now(), now()),
(2204, 'View', 'view', 372, 0, 1590, '', now(), now()),
(2205, 'Edit', 'edit', 372, 0, 1590, '', now(), now()),
(2206, 'Share', 'share', 372, 0, 1590, '', now(), now()),
(2207, 'Publish', 'publish', 372, 0, 1590, '', now(), now()),
(2208, 'Delete', 'delete', 372, 0, 1590, '', now(), now()),
(2209, 'Copy', 'copy', 372, 0, 1590, '', now(), now()),
(2210, 'Manage Plans', 'manage-plans', 372, 0, 1590, '', now(), now()),
(2211, 'Documents', 'documents', 372, 0, 1590, '', now(), now()),
(2212, 'Gallery', 'gallery', 372, 0, 1590, '', now(), now()),
(2213, 'Add Payment Plan', 'add-payment-plan', 372, 0, 1593, '', now(), now()),
(2214, 'Edit', 'edit', 372, 0, 1593, '', now(), now()),
(2215, 'Delete', 'delete', 372, 0, 1593, '', now(), now()),
(2216, 'Add Gallery', 'add-gallery', 372, 0, 1591, '', now(), now()),
(2217, 'Edit', 'edit', 372, 0, 1591, '', now(), now()),
(2218, 'Delete', 'delete', 372, 0, 1591, '', now(), now()),
(2219, 'Add Document', 'add-document', 372, 0, 1592, '', now(), now()),
(2220, 'View', 'view', 372, 0, 1592, '', now(), now()),
(2221, 'Download', 'download', 372, 0, 1592, '', now(), now()),
(2222, 'Delete', 'delete', 372, 0, 1592, '', now(), now()),
(2223, 'Add Plan', 'add-plan', 373, 0, 1600, '', now(), now()),
(2224, 'View', 'view', 373, 0, 1600, '', now(), now()),
(2225, 'Edit', 'edit', 373, 0, 1600, '', now(), now()),
(2226, 'Delete', 'delete', 373, 0, 1600, '', now(), now()),
(2227, 'Add Unit Type', 'add-unit-type', 372, 0, 1589, '', now(), now()),
(2228, 'View', 'view', 372, 0, 1589, '', now(), now()),
(2229, 'Edit', 'edit', 372, 0, 1589, '', now(), now()),
(2230, 'Delete', 'delete', 372, 0, 1589, '', now(), now()),
(2231, 'Manage Units', 'manage-units', 373, 0, 373, '', now(), now()),
(2232, 'Add Unit', 'add-unit', 373, 0, 2231, '', now(), now()),
(2233, 'View', 'view', 373, 0, 2231, '', now(), now()),
(2234, 'Edit', 'edit', 373, 0, 2231, '', now(), now()),
(2235, 'Share', 'share', 373, 0, 2231, '', now(), now()),
(2236, 'Publish', 'publish', 373, 0, 2231, '', now(), now()),
(2237, 'Delete', 'delete', 373, 0, 2231, '', now(), now()),
(2238, 'Copy', 'copy', 373, 0, 2231, '', now(), now()),
(2239, 'Manage Plans', 'manage-plans', 373, 0, 2231, '', now(), now()),
(2240, 'Documents', 'documents', 373, 0, 2231, '', now(), now()),
(2241, 'Gallery', 'gallery', 373, 0, 2231, '', now(), now()),
(2242, 'Add Document', 'add-document', 373, 0, 1603, '', now(), now()),
(2243, 'View', 'view', 373, 0, 1603, '', now(), now()),
(2244, 'Download', 'download', 373, 0, 1603, '', now(), now()),
(2245, 'Delete', 'delete', 373, 0, 1603, '', now(), now()),
(2246, 'View Docs', 'view-docs', 374, 0, 1608, '', now(), now()),
(2247, 'View Docs', 'view-docs', 374, 0, 1607, '', now(), now()),
(2248, 'View Companies', 'view-companies', 374, 0, 1609, '', now(), now()),
(2249, 'Add Gallery', 'add-gallery', 376, 0, 1617, '', now(), now()),
(2250, 'Delete', 'delete', 376, 0, 1617, '', now(), now()),
(2251, 'View', 'view', 382, 0, 382, '', now(), now()),
(2252, 'Product', 'product', 382, 0, 382, '', now(), now()),
(2253, 'Service', 'service', 382, 0, 382, '', now(), now()),
(2254, 'Company Review', 'company-review', 382, 0, 382, '', now(), now()),
(2255, 'Connect', 'connect', 382, 0, 382, '', now(), now()),
(2256, 'Reject', 'reject', 382, 0, 382, '', now(), now()),
(2257, 'Block', 'block', 382, 0, 382, '', now(), now()),
(2258, 'Reviews', 'reviews', 382, 0, 2252, '', now(), now()),
(2259, 'Reviews', 'reviews', 382, 0, 2253, '', now(), now()),
(2260, 'Reviews', 'reviews', 382, 0, 2255, '', now(), now()),
(2262, 'Reviews', 'reviews', 385, 0, 1648, '', now(), now()),
(2263, 'Reviews', 'reviews', 385, 0, 1649, '', now(), now()),
(2264, 'Add Plan', 'add-plan', 438, 0, 1661, '', now(), now()),
(2265, 'View', 'view', 438, 0, 1661, '', now(), now()),
(2266, 'Edit', 'edit', 438, 0, 1661, '', now(), now()),
(2267, 'Delete', 'delete', 438, 0, 1661, '', now(), now()),
(2268, 'Add Unit Type', 'add-unit-type', 438, 0, 1662, '', now(), now()),
(2269, 'View', 'view', 438, 0, 1662, '', now(), now()),
(2270, 'Edit', 'edit', 438, 0, 1662, '', now(), now()),
(2271, 'Delete', 'delete', 438, 0, 1662, '', now(), now()),
(2272, 'Add Unit', 'add-unit', 438, 0, 1663, '', now(), now()),
(2273, 'View', 'view', 438, 0, 1663, '', now(), now()),
(2274, 'Edit', 'edit', 438, 0, 1663, '', now(), now()),
(2275, 'Share', 'share', 438, 0, 1663, '', now(), now()),
(2276, 'Publish', 'publish', 438, 0, 1663, '', now(), now()),
(2277, 'Delete', 'delete', 438, 0, 1663, '', now(), now()),
(2278, 'Copy', 'copy', 438, 0, 1663, '', now(), now()),
(2279, 'Manage Plans', 'manage-plans', 438, 0, 1663, '', now(), now()),
(2280, 'Documents', 'documents', 438, 0, 1663, '', now(), now()),
(2281, 'Gallery', 'gallery', 438, 0, 1663, '', now(), now()),
(2282, 'View', 'view', 438, 0, 1667, '', now(), now()),
(2283, 'Download', 'download', 438, 0, 1667, '', now(), now()),
(2284, 'Delete', 'delete', 438, 0, 1667, '', now(), now()),
(2285, 'Add Plan', 'add-plan', 439, 0, 1677, '', now(), now()),
(2286, 'View', 'view', 439, 0, 1677, '', now(), now()),
(2287, 'Edit', 'edit', 439, 0, 1677, '', now(), now()),
(2288, 'Delete', 'delete', 439, 0, 1677, '', now(), now()),
(2289, 'Add Unit Type', 'add-unit-type', 439, 0, 1676, '', now(), now()),
(2290, 'View', 'view', 439, 0, 1676, '', now(), now()),
(2291, 'Edit', 'edit', 439, 0, 1676, '', now(), now()),
(2292, 'Delete', 'delete', 439, 0, 1676, '', now(), now()),
(2293, 'Add Unit', 'add-unit', 439, 0, 1675, '', now(), now()),
(2294, 'View', 'view', 439, 0, 1675, '', now(), now()),
(2295, 'Edit', 'edit', 439, 0, 1675, '', now(), now()),
(2296, 'Share', 'share', 439, 0, 1675, '', now(), now()),
(2297, 'Publish', 'publish', 439, 0, 1675, '', now(), now()),
(2298, 'Delete', 'delete', 439, 0, 1675, '', now(), now()),
(2299, 'Copy', 'copy', 439, 0, 1675, '', now(), now()),
(2300, 'Manage Plans', 'manage-plans', 439, 0, 1675, '', now(), now()),
(2301, 'Documents', 'documents', 439, 0, 1675, '', now(), now()),
(2302, 'Gallery', 'gallery', 439, 0, 1675, '', now(), now()),
(2303, 'Add Payment Plan', 'add-payment-plan', 439, 0, 1674, '', now(), now()),
(2304, 'Edit', 'edit', 439, 0, 1674, '', now(), now()),
(2305, 'Delete', 'delete', 439, 0, 1674, '', now(), now()),
(2306, 'Add Gallery', 'add-gallery', 439, 0, 1679, '', now(), now()),
(2307, 'Edit', 'edit', 439, 0, 1679, '', now(), now()),
(2308, 'Delete', 'delete', 439, 0, 1679, '', now(), now()),
(2309, 'View', 'view', 439, 0, 1678, '', now(), now()),
(2310, 'Download', 'download', 439, 0, 1678, '', now(), now()),
(2311, 'Delete', 'delete', 439, 0, 1678, '', now(), now()),
(2312, 'Add Gallery', 'add-gallery', 443, 0, 1693, '', now(), now()),
(2313, 'Delete', 'delete', 443, 0, 1693, '', now(), now()),
(2314, 'Add Plan', 'add-plan', 448, 0, 1702, '', now(), now()),
(2315, 'Edit', 'edit', 448, 0, 1702, '', now(), now()),
(2316, 'Download', 'download', 448, 0, 1702, '', now(), now()),
(2317, 'Delete', 'delete', 448, 0, 1702, '', now(), now()),
(2318, 'Add Payment Plans', 'add-payment-plans', 448, 0, 1701, '', now(), now()),
(2319, 'Edit', 'edit', 448, 0, 1701, '', now(), now()),
(2320, 'Delete', 'delete', 448, 0, 1701, '', now(), now()),
(2321, 'Add Gallery', 'add-gallery', 448, 0, 1700, '', now(), now()),
(2322, 'Edit', 'edit', 448, 0, 1700, '', now(), now()),
(2323, 'Delete', 'delete', 448, 0, 1700, '', now(), now()),
(2324, 'Add Document', 'add-document', 448, 0, 1699, '', now(), now()),
(2325, 'View', 'view', 448, 0, 1699, '', now(), now()),
(2326, 'Download', 'download', 448, 0, 1699, '', now(), now()),
(2327, 'Delete', 'delete', 448, 0, 1699, '', now(), now()),
(2328, 'View Docs', 'view-docs', 450, 0, 1724, '', now(), now()),
(2329, 'View Docs', 'view-docs', 450, 0, 1723, '', now(), now()),
(2330, 'View Companies', 'view-companies', 450, 0, 1722, '', now(), now()),
(2331, 'Add Gallery', 'add-gallery', 452, 0, 1728, '', now(), now()),
(2332, 'Import Gallery', 'import-gallery', 452, 0, 1728, '', now(), now()),
(2333, 'Delete', 'delete', 452, 0, 1728, '', now(), now()),
(2334, 'Add Gallery', 'add-gallery', 457, 0, 1744, '', now(), now()),
(2335, 'Delete', 'delete', 457, 0, 1744, '', now(), now()),
(2336, 'Add Partners', 'add-partners', 457, 0, 1743, '', now(), now()),
(2337, 'Edit', 'edit', 457, 0, 1743, '', now(), now()),
(2338, 'Delete', 'delete', 457, 0, 1743, '', now(), now()),
(2339, 'Add Sponsers', 'add-sponsers', 457, 0, 1742, '', now(), now()),
(2340, 'Edit', 'edit', 457, 0, 1742, '', now(), now()),
(2341, 'Delete', 'delete', 457, 0, 1742, '', now(), now()),
(2342, 'Add Exhibitors', 'add-exhibitors', 457, 0, 1741, '', now(), now()),
(2343, 'Edit', 'edit', 457, 0, 1741, '', now(), now()),
(2344, 'Delete', 'delete', 457, 0, 1741, '', now(), now()),
(2345, 'Add Booth Table', 'add-booth-table', 457, 0, 1740, '', now(), now()),
(2346, 'Edit', 'edit', 457, 0, 1740, '', now(), now()),
(2347, 'Delete', 'delete', 457, 0, 1740, '', now(), now()),
(2348, 'Restore', 'restore', 457, 0, 1739, '', now(), now()),
(2349, 'Add Gallery', 'add-gallery', 458, 0, 1756, '', now(), now()),
(2350, 'Delete', 'delete', 458, 0, 1756, '', now(), now()),
(2351, 'Add Partners', 'add-partners', 458, 0, 1755, '', now(), now()),
(2352, 'Edit', 'edit', 458, 0, 1755, '', now(), now()),
(2353, 'Delete', 'delete', 458, 0, 1755, '', now(), now()),
(2354, 'Add Sponsers', 'add-sponsers', 458, 0, 1754, '', now(), now()),
(2355, 'Edit', 'edit', 458, 0, 1754, '', now(), now()),
(2356, 'Delete', 'delete', 458, 0, 1754, '', now(), now()),
(2357, 'Add Exhibitors', 'add-exhibitors', 458, 0, 1753, '', now(), now()),
(2358, 'Edit', 'edit', 458, 0, 1753, '', now(), now()),
(2359, 'Delete', 'delete', 458, 0, 1753, '', now(), now()),
(2360, 'Add Booth Table', 'add-booth-table', 458, 0, 1752, '', now(), now()),
(2361, 'Edit', 'edit', 458, 0, 1752, '', now(), now()),
(2362, 'Delete', 'delete', 458, 0, 1752, '', now(), now()),
(2363, 'Restore', 'restore', 458, 0, 1751, '', now(), now()),
(2364, 'Add Media', 'add-media', 462, 0, 1769, '', now(), now()),
(2365, 'Edit', 'edit', 462, 0, 1769, '', now(), now()),
(2366, 'Delete', 'delete', 462, 0, 1769, '', now(), now()),
(2367, 'Add Plan', 'add-plan', 462, 0, 1768, '', now(), now()),
(2368, 'View', 'view', 462, 0, 1768, '', now(), now()),
(2369, 'Edit', 'edit', 462, 0, 1768, '', now(), now()),
(2370, 'Download', 'download', 462, 0, 1768, '', now(), now()),
(2371, 'Delete', 'delete', 462, 0, 1768, '', now(), now()),
(2372, 'Add Document', 'add-document', 462, 0, 1767, '', now(), now()),
(2373, 'View', 'view', 462, 0, 1767, '', now(), now()),
(2374, 'Edit', 'edit', 462, 0, 1767, '', now(), now()),
(2375, 'Download', 'download', 462, 0, 1767, '', now(), now()),
(2376, 'Delete', 'delete', 462, 0, 1767, '', now(), now()),
(2377, 'Add Media', 'add-media', 463, 0, 1776, '', now(), now()),
(2378, 'Edit', 'edit', 463, 0, 1776, '', now(), now()),
(2379, 'Delete', 'delete', 463, 0, 1776, '', now(), now()),
(2380, 'Add Plan', 'add-plan', 463, 0, 1775, '', now(), now()),
(2381, 'View', 'view', 463, 0, 1775, '', now(), now()),
(2382, 'Edit', 'edit', 463, 0, 1775, '', now(), now()),
(2383, 'Download', 'download', 463, 0, 1775, '', now(), now()),
(2384, 'Delete', 'delete', 463, 0, 1775, '', now(), now()),
(2385, 'Add Document', 'add-document', 463, 0, 1774, '', now(), now()),
(2386, 'View', 'view', 463, 0, 1774, '', now(), now()),
(2387, 'Edit', 'edit', 463, 0, 1774, '', now(), now()),
(2388, 'Download', 'download', 463, 0, 1774, '', now(), now()),
(2389, 'Delete', 'delete', 463, 0, 1774, '', now(), now()),
(2390, 'Add Schedule', 'add-schedule', 468, 0, 1792, '', now(), now()),
(2391, 'Edit', 'edit', 468, 0, 1792, '', now(), now()),
(2392, 'Delete', 'delete', 468, 0, 1792, '', now(), now()),
(2393, 'Add Portals', 'add-portals', 468, 0, 1790, '', now(), now()),
(2394, 'Edit', 'edit', 468, 0, 1790, '', now(), now()),
(2395, 'Delete', 'delete', 468, 0, 1790, '', now(), now()),
(2396, 'Promotion', 'promotion', 468, 0, 1790, '', now(), now()),
(2397, 'Add Gallery', 'add-gallery', 468, 0, 1789, '', now(), now()),
(2398, 'Edit', 'edit', 468, 0, 1789, '', now(), now()),
(2399, 'Delete', 'delete', 468, 0, 1789, '', now(), now()),
(2400, 'Schedule', 'schedule', 469, 0, 469, '', now(), now()),
(2401, 'Add Schedule', 'add-schedule', 469, 0, 2400, '', now(), now()),
(2402, 'Edit', 'edit', 469, 0, 2400, '', now(), now()),
(2403, 'Delete', 'delete', 469, 0, 2400, '', now(), now()),
(2404, 'Add Portals', 'add-portals', 469, 0, 1798, '', now(), now()),
(2405, 'Edit', 'edit', 469, 0, 1798, '', now(), now()),
(2406, 'Delete', 'delete', 469, 0, 1798, '', now(), now()),
(2407, 'Promotion', 'promotion', 469, 0, 1798, '', now(), now()),
(2408, 'Add Gallery', 'add-gallery', 469, 0, 1797, '', now(), now()),
(2409, 'Edit', 'edit', 469, 0, 1797, '', now(), now()),
(2410, 'Delete', 'delete', 469, 0, 1797, '', now(), now()),
(2411, 'Add Room', 'add-room', 430, 0, 1817, '', now(), now()),
(2412, 'View', 'view', 430, 0, 1817, '', now(), now()),
(2413, 'Edit', 'edit', 430, 0, 1817, '', now(), now()),
(2414, 'Publish', 'publish', 430, 0, 1817, '', now(), now()),
(2415, 'Delete', 'delete', 430, 0, 1817, '', now(), now()),
(2416, 'Booking Portals', 'booking-portals', 430, 0, 1817, '', now(), now()),
(2417, 'Booking', 'booking', 430, 0, 1817, '', now(), now()),
(2418, 'Copy', 'copy', 430, 0, 1817, '', now(), now()),
(2419, 'Add Promotion', 'add-promotion', 430, 0, 1817, '', now(), now()),
(2420, 'Gallery', 'gallery', 430, 0, 1817, '', now(), now()),
(2421, 'Add Booking Portals', 'add-booking-portals', 430, 0, 1816, '', now(), now()),
(2422, 'Edit', 'edit', 430, 0, 1816, '', now(), now()),
(2423, 'Delete', 'delete', 430, 0, 1816, '', now(), now()),
(2424, 'Create Manual Booking', 'create-manual-booking', 430, 0, 1815, '', now(), now()),
(2425, 'Edit', 'edit', 430, 0, 1815, '', now(), now()),
(2426, 'Delete', 'delete', 430, 0, 1815, '', now(), now()),
(2427, 'Add Gallery', 'add-gallery', 430, 0, 1814, '', now(), now()),
(2428, 'Edit', 'edit', 430, 0, 1814, '', now(), now()),
(2429, 'Delete', 'delete', 430, 0, 1814, '', now(), now()),
(2430, 'Add Promo', 'add-promo', 430, 0, 1813, '', now(), now()),
(2431, 'Edit', 'edit', 430, 0, 1813, '', now(), now()),
(2432, 'Delete', 'delete', 430, 0, 1813, '', now(), now()),
(2433, 'Add Room', 'add-room', 431, 0, 1826, '', now(), now()),
(2434, 'View', 'view', 431, 0, 1826, '', now(), now()),
(2435, 'Edit', 'edit', 431, 0, 1826, '', now(), now()),
(2436, 'Publish', 'publish', 431, 0, 1826, '', now(), now()),
(2437, 'Delete', 'delete', 431, 0, 1826, '', now(), now()),
(2438, 'Booking Portals', 'booking-portals', 431, 0, 1826, '', now(), now()),
(2439, 'Booking', 'booking', 431, 0, 1826, '', now(), now()),
(2440, 'Copy', 'copy', 431, 0, 1826, '', now(), now()),
(2441, 'Add Promotion', 'add-promotion', 431, 0, 1826, '', now(), now()),
(2442, 'Gallery', 'gallery', 431, 0, 1826, '', now(), now()),
(2443, 'Add Booking Portals', 'add-booking-portals', 431, 0, 1825, '', now(), now()),
(2444, 'Edit', 'edit', 431, 0, 1825, '', now(), now()),
(2445, 'Delete', 'delete', 431, 0, 1825, '', now(), now()),
(2446, 'Create Manual Booking', 'create-manual-booking', 431, 0, 1824, '', now(), now()),
(2447, 'Edit', 'edit', 431, 0, 1824, '', now(), now()),
(2448, 'Delete', 'delete', 431, 0, 1824, '', now(), now()),
(2449, 'Add Promo', 'add-promo', 431, 0, 1822, '', now(), now()),
(2450, 'Edit', 'edit', 431, 0, 1822, '', now(), now()),
(2451, 'Delete', 'delete', 431, 0, 1822, '', now(), now()),
(2452, 'View', 'view', 421, 0, 1859, '', now(), now()),
(2453, 'Verify Finance', 'verify-finance', 421, 0, 1859, '', now(), now()),
(2454, 'Reject Request', 'reject-request', 421, 0, 1859, '', now(), now()),
(2455, 'Legal Verification', 'legal-verification', 421, 0, 1861, '', now(), now()),
(2456, 'Add Contract', 'add-contract', 421, 0, 1862, '', now(), now()),
(2457, 'Edit', 'edit', 421, 0, 1862, '', now(), now()),
(2458, 'Download', 'download', 421, 0, 1862, '', now(), now()),
(2459, 'View', 'view', 421, 0, 1863, '', now(), now()),
(2460, 'Verify Finance', 'verify-finance', 421, 0, 1863, '', now(), now()),
(2461, 'Reject Request', 'reject-request', 421, 0, 1863, '', now(), now()),
(2462, 'Documents', 'documents', 421, 0, 1863, '', now(), now()),
(2463, 'Reverify', 'reverify', 422, 0, 1864, '', now(), now()),
(2464, 'Reverify', 'reverify', 422, 0, 1865, '', now(), now()),
(2465, 'Add Gallery', 'add-gallery', 413, 0, 1871, '', now(), now()),
(2466, 'Edit', 'edit', 413, 0, 1871, '', now(), now()),
(2467, 'Delete', 'delete', 413, 0, 1871, '', now(), now()),
(2468, 'View', 'view', 413, 0, 1872, '', now(), now()),
(2469, 'View', 'view', 414, 0, 1875, '', now(), now()),
(2470, 'Edit', 'edit', 414, 0, 1875, '', now(), now()),
(2471, 'Publish', 'publish', 414, 0, 1875, '', now(), now()),
(2472, 'Delete', 'delete', 414, 0, 1875, '', now(), now()),
(2473, 'Restore', 'restore', 414, 0, 1876, '', now(), now()),
(2474, 'Download Resume', 'download-resume', 406, 0, 1885, '', now(), now()),
(2475, 'Download Cover Letter', 'download-cover-letter', 406, 0, 1885, '', now(), now()),
(2476, 'View Applicant Info', 'view-applicant-info', 406, 0, 1885, '', now(), now()),
(2477, 'Edit', 'edit', 407, 0, 1889, '', now(), now()),
(2478, 'Delete', 'delete', 407, 0, 1889, '', now(), now()),
(2479, 'Add Subscription', 'add-subscription', 396, 0, 1930, '', now(), now()),
(2480, 'Edit', 'edit', 396, 0, 1930, '', now(), now()),
(2481, 'Delete', 'delete', 396, 0, 1930, '', now(), now()),
(2482, 'Add Subscription', 'add-subscription', 396, 0, 1931, '', now(), now()),
(2483, 'Edit', 'edit', 396, 0, 1931, '', now(), now()),
(2484, 'Delete', 'delete', 396, 0, 1931, '', now(), now()),
(2485, 'Add Subscription', 'add-subscription', 396, 0, 1932, '', now(), now()),
(2486, 'Edit', 'edit', 396, 0, 1932, '', now(), now()),
(2487, 'Delete', 'delete', 396, 0, 1932, '', now(), now()),
(2488, 'Add Subscription', 'add-subscription', 396, 0, 1933, '', now(), now()),
(2489, 'Edit', 'edit', 396, 0, 1933, '', now(), now()),
(2490, 'Delete', 'delete', 396, 0, 1933, '', now(), now()),
(2492, 'Edit', 'edit', 303, 0, 1936, '', now(), now()),
(2493, 'Delete', 'delete', 303, 0, 1936, '', now(), now()),
(2494, 'Add Unit Type', 'add-unit-type', 303, 0, 1937, '', now(), now()),
(2495, 'Edit', 'edit', 303, 0, 1937, '', now(), now()),
(2496, 'Delete', 'delete', 303, 0, 1937, '', now(), now()),
(2497, 'Add Unit', 'add-unit', 303, 0, 1938, '', now(), now()),
(2498, 'Manage Plan', 'manage-plan', 303, 0, 1938, '', now(), now()),
(2499, 'Gallery', 'gallery', 303, 0, 1938, '', now(), now()),
(2500, 'Documents', 'documents', 303, 0, 1938, '', now(), now()),
(2501, 'Manage Payment Plan', 'manage-payment-plan', 303, 0, 1938, '', now(), now()),
(2502, 'Gallery', 'gallery', 303, 0, 1306, '', now(), now()),
(2503, 'Add Gallery', 'add-gallery', 303, 0, 2502, '', now(), now()),
(2504, 'Import Gallery', 'import-gallery', 303, 0, 2502, '', now(), now()),
(2505, 'Edit', 'edit', 303, 0, 2502, '', now(), now()),
(2506, 'Delete', 'delete', 303, 0, 2502, '', now(), now()),
(2507, 'Add Payment Plan', 'add-payment-plan', 303, 0, 1939, '', now(), now()),
(2508, 'Edit', 'edit', 303, 0, 1939, '', now(), now()),
(2509, 'Delete', 'delete', 303, 0, 1939, '', now(), now()),
(2510, 'Add Plan', 'add-plan', 304, 0, 1956, '', now(), now()),
(2511, 'Edit', 'edit', 304, 0, 1956, '', now(), now()),
(2512, 'Delete', 'delete', 304, 0, 1956, '', now(), now()),
(2513, 'Add Unit Type', 'add-unit-type', 304, 0, 1957, '', now(), now()),
(2514, 'Edit', 'edit', 304, 0, 1957, '', now(), now()),
(2515, 'Delete', 'delete', 304, 0, 1957, '', now(), now()),
(2516, 'Add Unit', 'add-unit', 304, 0, 1958, '', now(), now()),
(2517, 'Manage Plan', 'manage-plan', 304, 0, 1958, '', now(), now()),
(2518, 'Gallery', 'gallery', 304, 0, 1958, '', now(), now()),
(2519, 'Documents', 'documents', 304, 0, 1958, '', now(), now()),
(2520, 'Manage Payment Plan', 'manage-payment-plan', 304, 0, 1958, '', now(), now()),
(2521, 'Gallery', 'gallery', 304, 0, 1318, '', now(), now()),
(2522, 'Add Gallery', 'add-gallery', 304, 0, 2521, '', now(), now()),
(2523, 'Import Gallery', 'import-gallery', 304, 0, 2521, '', now(), now()),
(2524, 'Edit', 'edit', 304, 0, 2521, '', now(), now()),
(2525, 'Delete', 'delete', 304, 0, 2521, '', now(), now()),
(2526, 'Add Payment Plan', 'add-payment-plan', 304, 0, 1960, '', now(), now()),
(2527, 'Edit', 'edit', 304, 0, 1960, '', now(), now()),
(2528, 'Delete', 'delete', 304, 0, 1960, '', now(), now()),
(2529, 'Add Document', 'add-document', 304, 0, 1959, '', now(), now()),
(2530, 'Preview', 'preview', 304, 0, 1959, '', now(), now()),
(2531, 'Edit', 'edit', 304, 0, 1959, '', now(), now()),
(2532, 'Delete', 'delete', 304, 0, 1959, '', now(), now()),
(2533, 'Add Plan', 'add-plan', 317, 0, 1990, '', now(), now()),
(2534, 'View', 'view', 317, 0, 1990, '', now(), now()),
(2535, 'Edit', 'edit', 317, 0, 1990, '', now(), now()),
(2536, 'Delete', 'delete', 317, 0, 1990, '', now(), now()),
(2537, 'Add Document', 'add-document', 317, 0, 1991, '', now(), now()),
(2538, 'Import Document', 'import-document', 317, 0, 1991, '', now(), now()),
(2539, 'View', 'view', 317, 0, 1991, '', now(), now()),
(2540, 'Download', 'download', 317, 0, 1991, '', now(), now()),
(2541, 'Delete', 'delete', 317, 0, 1991, '', now(), now()),
(2542, 'Add Gallery', 'add-gallery', 317, 0, 1992, '', now(), now()),
(2543, 'Import Gallery', 'import-gallery', 317, 0, 1992, '', now(), now()),
(2544, 'Edit', 'edit', 317, 0, 1992, '', now(), now()),
(2545, 'Delete', 'delete', 317, 0, 1992, '', now(), now()),
(2546, 'Add Plan', 'add-plan', 318, 0, 2017, '', now(), now()),
(2547, 'View', 'view', 318, 0, 2017, '', now(), now()),
(2548, 'Edit', 'edit', 318, 0, 2017, '', now(), now()),
(2549, 'Delete', 'delete', 318, 0, 2017, '', now(), now()),
(2550, 'Add Document', 'add-document', 318, 0, 2018, '', now(), now()),
(2551, 'Import Document', 'import-document', 318, 0, 2018, '', now(), now()),
(2552, 'View', 'view', 318, 0, 2018, '', now(), now()),
(2553, 'Download', 'download', 318, 0, 2018, '', now(), now()),
(2554, 'Delete', 'delete', 318, 0, 2018, '', now(), now()),
(2555, 'Add Gallery', 'add-gallery', 318, 0, 2019, '', now(), now()),
(2556, 'Import Gallery', 'import-gallery', 318, 0, 2019, '', now(), now()),
(2557, 'Edit', 'edit', 318, 0, 2019, '', now(), now()),
(2558, 'Delete', 'delete', 318, 0, 2019, '', now(), now()),
(2559, 'Add Leadership', 'add-leadership', 337, 0, 2068, '', now(), now()),
(2560, 'Delete', 'delete', 337, 0, 2068, '', now(), now()),
(2561, 'View', 'view', 337, 0, 2069, '', now(), now()),
(2562, 'Download', 'download', 337, 0, 2069, '', now(), now()),
(2563, 'View Contract', 'view-contract', 337, 0, 2070, '', now(), now()),
(2564, 'View Company Profile', 'view-company-profile', 337, 0, 2070, '', now(), now()),
(2565, 'Make Payment.', 'make-payment', 337, 0, 2070, '', now(), now()),
(2566, 'Add Role', 'add-role', 337, 0, 2081, '', now(), now()),
(2567, 'Preview', 'preview', 337, 0, 2081, '', now(), now()),
(2568, 'Edit', 'edit', 337, 0, 2081, '', now(), now()),
(2569, 'Delete', 'delete', 337, 0, 2081, '', now(), now()),
(2570, 'Add Leadership', 'add-leadership', 338, 0, 2087, '', now(), now()),
(2571, 'Delete', 'delete', 338, 0, 2087, '', now(), now()),
(2574, 'View Contract', 'view-contract', 338, 0, 2089, '', now(), now()),
(2575, 'View Company Profile', 'view-company-profile', 338, 0, 2089, '', now(), now()),
(2576, 'Make Payment', 'make-payment', 338, 0, 2089, '', now(), now()),
(2579, 'View', 'view', 338, 0, 2088, '', now(), now()),
(2580, 'Download', 'download', 338, 0, 2088, '', now(), now()),
(2581, 'Add Role', 'add-role', 338, 0, 2100, '', now(), now()),
(2582, 'Preview', 'preview', 338, 0, 2100, '', now(), now()),
(2583, 'Edit', 'edit', 338, 0, 2100, '', now(), now()),
(2584, 'Delete', 'delete', 338, 0, 2100, '', now(), now()),
(2585, 'Add Gallery', 'add-gallery', 364, 0, 2151, '', now(), now()),
(2586, 'Edit', 'edit', 364, 0, 2151, '', now(), now()),
(2587, 'Delete', 'delete', 364, 0, 2151, '', now(), now()),
(2588, 'Add Gallery', 'add-gallery', 365, 0, 2151, '', now(), now()),
(2589, 'Edit', 'edit', 365, 0, 2151, '', now(), now()),
(2590, 'Delete', 'delete', 365, 0, 2151, '', now(), now()),
(2591, 'Pending', 'pending', 372, 0, 2211, '', now(), now()),
(2592, 'Pending', 'pending', 372, 0, 2212, '', now(), now()),
(2593, 'Pending', 'pending', 373, 0, 2240, '', now(), now()),
(2594, 'Pending', 'pending', 373, 0, 2241, '', now(), now()),
(2595, 'Add Plan', 'add-plan', 438, 0, 2279, '', now(), now()),
(2596, 'View', 'view', 438, 0, 2279, '', now(), now()),
(2597, 'Edit', 'edit', 438, 0, 2279, '', now(), now()),
(2598, 'Delete', 'delete', 438, 0, 2279, '', now(), now()),
(2599, 'Add Document', 'add-document', 438, 0, 2280, '', now(), now()),
(2600, 'Import Document', 'import-document', 438, 0, 2280, '', now(), now()),
(2601, 'View', 'view', 438, 0, 2280, '', now(), now()),
(2602, 'Download', 'download', 438, 0, 2280, '', now(), now()),
(2603, 'Delete', 'delete', 438, 0, 2280, '', now(), now()),
(2604, 'Add Gallery', 'add-gallery', 438, 0, 2281, '', now(), now());
INSERT INTO "sub_section" ("id", "sub_section_name", "sub_section_name_constant", "permissions_id", "indicator", "sub_section_button_id", "sub_section_button_action", "created_at", "updated_at") VALUES
(2605, 'Import Gallery', 'import-gallery', 438, 0, 2281, '', now(), now()),
(2606, 'Edit', 'edit', 438, 0, 2281, '', now(), now()),
(2607, 'Delete', 'delete', 438, 0, 2281, '', now(), now()),
(2608, 'Add Plan', 'add-plan', 439, 0, 2300, '', now(), now()),
(2609, 'View', 'view', 439, 0, 2300, '', now(), now()),
(2610, 'Edit', 'edit', 439, 0, 2300, '', now(), now()),
(2611, 'Delete', 'delete', 439, 0, 2300, '', now(), now()),
(2612, 'Add Document', 'add-document', 439, 0, 2301, '', now(), now()),
(2613, 'Import Document', 'import-document', 439, 0, 2301, '', now(), now()),
(2614, 'View', 'view', 439, 0, 2301, '', now(), now()),
(2615, 'Download', 'download', 439, 0, 2301, '', now(), now()),
(2616, 'Delete', 'delete', 439, 0, 2301, '', now(), now()),
(2617, 'Add Gallery', 'add-gallery', 439, 0, 2302, '', now(), now()),
(2618, 'Import Gallery', 'import-gallery', 439, 0, 2302, '', now(), now()),
(2619, 'Edit', 'edit', 439, 0, 2302, '', now(), now()),
(2620, 'Delete', 'delete', 439, 0, 2302, '', now(), now()),
(2621, 'Add Promo', 'add-promo', 468, 0, 2396, '', now(), now()),
(2622, 'Edit', 'edit', 468, 0, 2396, '', now(), now()),
(2623, 'Delete', 'delete', 468, 0, 2396, '', now(), now()),
(2624, 'Add Promo', 'add-promo', 469, 0, 2407, '', now(), now()),
(2625, 'Edit', 'edit', 469, 0, 2407, '', now(), now()),
(2626, 'Delete', 'delete', 469, 0, 2407, '', now(), now()),
(2627, 'Add Booking Portal', 'add-booking-portal', 430, 0, 2416, '', now(), now()),
(2628, 'Edit', 'edit', 430, 0, 2416, '', now(), now()),
(2629, 'Delete', 'delete', 430, 0, 2416, '', now(), now()),
(2630, 'Create Manual Booking', 'create-manual-booking', 430, 0, 2417, '', now(), now()),
(2631, 'Edit', 'edit', 430, 0, 2417, '', now(), now()),
(2632, 'Delete', 'delete', 430, 0, 2417, '', now(), now()),
(2633, 'Add Booking Portal', 'add-booking-portal', 431, 0, 2438, '', now(), now()),
(2634, 'Edit', 'edit', 431, 0, 2438, '', now(), now()),
(2635, 'Delete', 'delete', 431, 0, 2438, '', now(), now()),
(2636, 'Create Manual Booking', 'create-manual-booking', 431, 0, 2439, '', now(), now()),
(2637, 'Edit', 'edit', 431, 0, 2439, '', now(), now()),
(2638, 'Delete', 'delete', 431, 0, 2439, '', now(), now()),
(2639, 'Add Promo', 'add-promo', 431, 0, 2441, '', now(), now()),
(2640, 'Edit', 'edit', 431, 0, 2441, '', now(), now()),
(2641, 'Delete', 'delete', 431, 0, 2441, '', now(), now()),
(2642, 'Add Gallery', 'add-gallery', 431, 0, 2442, '', now(), now()),
(2643, 'Edit', 'edit', 431, 0, 2442, '', now(), now()),
(2644, 'Delete', 'delete', 431, 0, 2442, '', now(), now()),
(2645, 'Add Promo', 'add-promo', 430, 0, 2419, '', now(), now()),
(2646, 'Edit', 'edit', 430, 0, 2419, '', now(), now()),
(2647, 'Delete', 'delete', 430, 0, 2419, '', now(), now()),
(2648, 'Add Gallery', 'add-gallery', 430, 0, 2420, '', now(), now()),
(2649, 'Edit', 'edit', 430, 0, 2420, '', now(), now()),
(2650, 'Delete', 'delete', 430, 0, 2420, '', now(), now()),
(2651, 'View', 'view', 421, 0, 2455, '', now(), now()),
(2652, 'Download', 'download', 421, 0, 2455, '', now(), now()),
(2654, 'Edit', 'edit', 303, 0, 2498, '', now(), now()),
(2655, 'Delete', 'delete', 303, 0, 2498, '', now(), now()),
(2657, 'Import Gallery', 'import-gallery', 303, 0, 2499, '', now(), now()),
(2658, 'Edit', 'edit', 303, 0, 2499, '', now(), now()),
(2659, 'Delete', 'delete', 303, 0, 2499, '', now(), now()),
(2660, 'Add Document', 'add-document', 303, 0, 2500, '', now(), now()),
(2661, 'View', 'view', 303, 0, 2500, '', now(), now()),
(2662, 'Edit', 'edit', 303, 0, 2500, '', now(), now()),
(2663, 'Delete', 'delete', 303, 0, 2500, '', now(), now()),
(2664, 'Add Payment Plans', 'add-payment-plans', 303, 0, 2501, '', now(), now()),
(2665, 'Edit', 'edit', 303, 0, 2501, '', now(), now()),
(2666, 'Delete', 'delete', 303, 0, 2501, '', now(), now()),
(2669, 'Delete', 'delete', 304, 0, 2517, '', now(), now()),
(2670, 'Add Gallery', 'add-gallery', 304, 0, 2518, '', now(), now()),
(2671, 'Import Gallery', 'import-gallery', 304, 0, 2518, '', now(), now()),
(2672, 'Edit', 'edit', 304, 0, 2518, '', now(), now()),
(2673, 'Delete', 'delete', 304, 0, 2518, '', now(), now()),
(2674, 'Add Document', 'add-document', 304, 0, 2519, '', now(), now()),
(2675, 'View', 'view', 304, 0, 2519, '', now(), now()),
(2676, 'Edit', 'edit', 304, 0, 2519, '', now(), now()),
(2677, 'Delete', 'delete', 304, 0, 2519, '', now(), now()),
(2679, 'Edit', 'edit', 304, 0, 2520, '', now(), now()),
(2680, 'Delete', 'delete', 304, 0, 2520, '', now(), now()),
(2685, 'Add Project', 'add-project', 303, 0, 303, '', now(), now()),
(2686, 'Gallery', 'gallery', 304, 0, 304, '', now(), now());

SELECT setval('sub_section_id_seq', 2686, true); -- Adjust the sequence

REFRESH MATERIALIZED VIEW sub_section_mv;

INSERT INTO company_category(id,category_name,created_by,status,company_type)VALUES(1,'Real Estate',1,1,1);
SELECT setval('company_category_id_seq', 1, true); -- Adjust the sequence

INSERT INTO tags(id,tag_name)VALUES(1,'real');
SELECT setval('tags_id_seq', 1, true); -- Adjust the sequence

INSERT INTO company_activities(id,company_category_id,activity_name,tag_id,created_by,status)VALUES(1,1,'Property Sale',ARRAY[1],1,1);
SELECT setval('company_activities_id_seq', 1, true); -- Adjust the sequence

INSERT INTO companies(id, ref_no, company_name, company_activities_id, 
description, logo_url, email, phone_number, 
is_verified, cover_image_url, company_rank, status, 
company_type, addresses_id, users_id, created_by)
VALUES(1,'COM_000001','Fine Home',ARRAY[1],'Real estate is defined as the land and any permanent structures, like a home, or improvements attached to the land, whether natural or man-made. Real estate is a form of real property. It differs from personal property, which is not permanently attached to the land, such as vehicles, boats, jewelry, furniture, and farm equipment.',
'https://aqarydashboard.blob.core.windows.net/upload/Unit/17304390257281406660192e634-1440-7a33-a690-1747bf2eb9caFinehomeLOgo.jpeg','info@finehome.com','971501234567',true,
'cover_image_url_is_here',4,8,1,2,2,1),
(2,'COM_000002','Aqary Investment & Development',ARRAY[1],'Real estate is defined as the land and any permanent structures, like a home, or improvements attached to the land, whether natural or man-made. Real estate is a form of real property. It differs from personal property, which is not permanently attached to the land, such as vehicles, boats, jewelry, furniture, and farm equipment.',
'https://aqarymobileapp.blob.core.windows.net/assets/aqary_assets/aqary_investment_full_black.png','info@aid.com','971501234567',true,
'cover_image_url_is_here',4,8,1,3,3,1);

SELECT setval('companies_id_seq', 2, true); -- Adjust the sequence

INSERT INTO company_users(users_id,company_id,company_department,company_roles,user_rank,is_verified,created_by)
VALUES(4,1,1,3,1,false,2),(5,2,2,4,1,false,3);

UPDATE users SET active_company = 1 WHERE id = 2; -- set active company for finehome admin
UPDATE users SET active_company = 2 WHERE id = 3; -- set active company for aqary investment admin
UPDATE users SET active_company = 1 WHERE id = 4; -- set active company for finehome agent
UPDATE users SET active_company = 2 WHERE id = 5; -- set active company for aqary investment agent

INSERT INTO license(id,license_no,license_type_id,state_id,entity_type_id,entity_id)
VALUES(1,'finehome123',1,1,6,1),(2,'aqaryinvestment123',1,1,6,2),
(3,'finehome123brn',2,1,6,1),(4,'aqaryinvestment123brn',2,1,6,1),
(5,'finehome123orn',3,1,6,1),(6,'aqaryinvestment123orn',3,1,6,1);
SELECT setval('license_id_seq', 6, true); -- Adjust the sequence

REFRESH MATERIALIZED VIEW autocomplete_view;
REFRESH MATERIALIZED VIEW hierarchical_location_view;
REFRESH MATERIALIZED VIEW property_quality_score;

INSERT INTO xml_url(url,company_id,status)VALUES
('https://aqaryproperty.com/finehome/finehome/finehome.xml',1,1),
('https://aqaryproperty.com/investment/investment/output.xml',2,1);

INSERT INTO bank_account_details 
(account_name, account_number, iban, countries_id, currency_id, bank_name, bank_branch, swift_code, created_at, updated_at, entity_type_id, entity_id, updated_by) VALUES
('John Doe', '630679645', 'AE07 0331 2345 6789 0123 456', 1, 1, 'FAB', '9403356122', '5722153633840301', now(), now(), 6, 1, 1),
('John Doe', '630679645', 'AE07 0331 2345 6789 0123 456', 1, 1, 'FAB', '9403356122', '5722153633840301', now(), now(), 6, 2, 1);

INSERT INTO locations (lat, lng, created_at, updated_at) VALUES
('24.456237315585014', '54.37532988312636', '2025-02-20 07:02:37.156327+00', '2025-02-20 07:02:37.156327+00');
UPDATE addresses SET locations_id = (SELECT max(id) from locations) WHERE id = 2;

INSERT INTO locations (lat, lng, created_at, updated_at) VALUES
('24.456237315585014', '54.37532988312636', '2025-02-20 07:02:37.156327+00', '2025-02-20 07:02:37.156327+00');
UPDATE addresses SET locations_id = (SELECT max(id) from locations) WHERE id = 3;